dataset,frame,label,y,x,pred_disp_px,pred_depth_mm,gt_depth_mm,abs_depth_error_mm,near_zero_disp_lt_0_1,near_zero_disp_lt_0_5
dataset_5,keyframe_1,dataset_5/keyframe_1,275,18,0.0,5107348992.0,64.57601928710938,5107348992.0,True,True
dataset_5,keyframe_1,dataset_5/keyframe_1,275,19,0.0,5107348992.0,64.58204650878906,5107348992.0,True,True
dataset_5,keyframe_1,dataset_5/keyframe_1,274,19,0.0,5107348992.0,65.47425842285156,5107348992.0,True,True
dataset_5,keyframe_1,dataset_5/keyframe_1,274,18,0.0,5107348992.0,64.58401489257812,5107348992.0,True,True
dataset_5,keyframe_1,dataset_5/keyframe_1,259,18,0.0,5107348992.0,63.72709655761719,5107348992.0,True,True
dataset_5,keyframe_1,dataset_5/keyframe_1,259,19,0.0,5107348992.0,64.59365844726562,5107348992.0,True,True
dataset_5,keyframe_1,dataset_5/keyframe_1,258,19,0.0,5107348992.0,64.5938949584961,5107348992.0,True,True
dataset_5,keyframe_1,dataset_5/keyframe_1,273,18,0.0,5107348992.0,64.58425903320312,5107348992.0,True,True
dataset_5,keyframe_1,dataset_5/keyframe_1,273,19,0.0,5107348992.0,65.47449493408203,5107348992.0,True,True
dataset_5,keyframe_1,dataset_5/keyframe_1,258,18,0.0,5107348992.0,63.727325439453125,5107348992.0,True,True
dataset_5,keyframe_1,dataset_5/keyframe_1,273,16,0.0,5107348992.0,65.47979736328125,5107348992.0,True,True
dataset_5,keyframe_1,dataset_5/keyframe_1,273,17,0.0,5107348992.0,64.58598327636719,5107348992.0,True,True
dataset_5,keyframe_1,dataset_5/keyframe_1,276,18,0.0,5107348992.0,64.58355712890625,5107348992.0,True,True
dataset_5,keyframe_1,dataset_5/keyframe_1,276,19,0.0,5107348992.0,65.4737777709961,5107348992.0,True,True
dataset_5,keyframe_1,dataset_5/keyframe_1,272,16,0.0,5107348992.0,65.4883804321289,5107348992.0,True,True
dataset_5,keyframe_1,dataset_5/keyframe_1,272,17,0.0,5107348992.0,64.58622741699219,5107348992.0,True,True
dataset_5,keyframe_1,dataset_5/keyframe_1,272,18,0.0,5107348992.0,65.47650146484375,5107348992.0,True,True
dataset_5,keyframe_1,dataset_5/keyframe_1,272,19,0.0,5107348992.0,64.58275604248047,5107348992.0,True,True
dataset_5,keyframe_1,dataset_5/keyframe_1,271,19,0.0,5107348992.0,64.5829849243164,5107348992.0,True,True
dataset_5,keyframe_1,dataset_5/keyframe_1,271,16,0.0,5107348992.0,65.4886245727539,5107348992.0,True,True
dataset_5,keyframe_1,dataset_5/keyframe_1,271,17,0.0,5107348992.0,64.59456634521484,5107348992.0,True,True
dataset_5,keyframe_1,dataset_5/keyframe_1,271,18,0.0,5107348992.0,65.47673034667969,5107348992.0,True,True
dataset_5,keyframe_1,dataset_5/keyframe_1,270,17,0.0,5107348992.0,64.59480285644531,5107348992.0,True,True
dataset_5,keyframe_1,dataset_5/keyframe_1,270,18,0.0,5107348992.0,65.48531341552734,5107348992.0,True,True
dataset_5,keyframe_1,dataset_5/keyframe_1,270,19,0.0,5107348992.0,64.59130096435547,5107348992.0,True,True
dataset_5,keyframe_1,dataset_5/keyframe_1,274,17,0.001502164639532566,3399993.0,64.58575439453125,3399928.5,True,True
dataset_5,keyframe_1,dataset_5/keyframe_1,275,17,0.0031712364871054888,1610523.0,65.46955871582031,1610457.5,True,True
dataset_5,keyframe_1,dataset_5/keyframe_1,274,16,0.0033906002063304186,1506326.0,64.5875015258789,1506261.375,True,True
dataset_5,keyframe_1,dataset_5/keyframe_1,276,17,0.0048403083346784115,1055170.25,64.58528900146484,1055105.625,True,True
dataset_5,keyframe_1,dataset_5/keyframe_1,275,16,0.007157933432608843,713522.875,64.57948303222656,713458.3125,True,True
dataset_7,keyframe_5,dataset_7/keyframe_5,457,91,58.593040466308594,88.19612121582031,70889.265625,70801.0703125,False,False
dataset_7,keyframe_5,dataset_7/keyframe_5,456,91,58.58782196044922,88.20397186279297,65412.109375,65323.90625,False,False
dataset_5,keyframe_1,dataset_5/keyframe_1,261,19,0.08228360116481781,62070.07421875,64.59342193603516,62005.48046875,True,True
dataset_7,keyframe_5,dataset_7/keyframe_5,455,91,58.58609390258789,88.20657348632812,60992.859375,60904.65234375,False,False
dataset_7,keyframe_5,dataset_7/keyframe_5,451,94,58.36631393432617,88.5387191772461,50050.16796875,49961.62890625,False,False
dataset_7,keyframe_5,dataset_7/keyframe_5,450,94,58.3619499206543,88.54534149169922,48089.984375,48001.4375,False,False
dataset_7,keyframe_5,dataset_7/keyframe_5,449,94,58.35694122314453,88.55294036865234,46434.7421875,46346.1875,False,False
dataset_5,keyframe_1,dataset_5/keyframe_1,258,17,0.1392146199941635,36686.875,64.59739685058594,36622.27734375,False,True
dataset_5,keyframe_1,dataset_5/keyframe_1,257,19,0.15616919100284576,32703.947265625,65.47804260253906,32638.46875,False,True
dataset_5,keyframe_1,dataset_5/keyframe_1,257,18,0.19666171073913574,25970.2265625,63.719608306884766,25906.5078125,False,True
dataset_5,keyframe_1,dataset_5/keyframe_1,262,19,0.19983160495758057,25558.265625,64.58483123779297,25493.681640625,False,True
dataset_5,keyframe_1,dataset_5/keyframe_1,257,17,0.2242390215396881,22776.361328125,64.5894546508789,22711.771484375,False,True
dataset_5,keyframe_1,dataset_5/keyframe_1,261,18,0.24685080349445343,20690.0234375,63.71871566772461,20626.3046875,False,True
dataset_5,keyframe_1,dataset_5/keyframe_1,257,16,0.260123610496521,19634.31640625,65.49177551269531,19568.82421875,False,True
dataset_4,keyframe_1,dataset_4/keyframe_1,106,611,78.10118103027344,65.39400482177734,17963.443359375,17898.048828125,False,False
dataset_5,keyframe_1,dataset_5/keyframe_1,259,17,0.2938975393772125,17377.9921875,64.59716033935547,17313.39453125,False,True
dataset_5,keyframe_1,dataset_5/keyframe_1,269,19,0.29751667380332947,17166.59765625,64.58345031738281,17102.013671875,False,True
dataset_5,keyframe_1,dataset_5/keyframe_1,263,19,0.31737959384918213,16092.2412109375,64.5845947265625,16027.65625,False,True
dataset_5,keyframe_1,dataset_5/keyframe_1,258,16,0.3292737901210785,15510.94921875,63.730770111083984,15447.21875,False,True
dataset_6,keyframe_1,dataset_6/keyframe_1,115,427,48.17184066772461,107.27592468261719,14864.9248046875,14757.6484375,False,False
dataset_5,keyframe_1,dataset_5/keyframe_1,270,2,0.401781290769577,12711.7646484375,64.6111831665039,12647.1533203125,False,True
dataset_5,keyframe_1,dataset_5/keyframe_1,271,2,0.40963155031204224,12468.1533203125,64.61922454833984,12403.5341796875,False,True
dataset_5,keyframe_1,dataset_5/keyframe_1,272,2,0.41748180985450745,12233.7041015625,65.51168060302734,12168.1923828125,False,True
dataset_5,keyframe_1,dataset_5/keyframe_1,273,2,0.42533206939697266,12007.91015625,64.61048889160156,11943.2998046875,False,True
dataset_5,keyframe_1,dataset_5/keyframe_1,264,19,0.48266667127609253,10581.5244140625,64.5765609741211,10516.9482421875,False,True
dataset_4,keyframe_4,dataset_4/keyframe_4,711,558,134.7095184326172,37.913795471191406,10069.796875,10031.8828125,False,False
dataset_5,keyframe_4,dataset_5/keyframe_4,611,384,112.02275085449219,45.592071533203125,10009.2939453125,9963.7021484375,False,False
dataset_5,keyframe_4,dataset_5/keyframe_4,610,384,112.15457153320312,45.538482666015625,9921.1611328125,9875.623046875,False,False
dataset_5,keyframe_1,dataset_5/keyframe_1,262,18,0.5994947552680969,8519.4228515625,63.71849060058594,8455.7041015625,False,False
dataset_5,keyframe_1,dataset_5/keyframe_1,268,19,0.6280907392501831,8131.54638671875,64.58367919921875,8066.962890625,False,False
dataset_5,keyframe_1,dataset_5/keyframe_1,265,19,0.6956927180290222,7341.38671875,64.58413696289062,7276.802734375,False,False
dataset_5,keyframe_1,dataset_5/keyframe_1,269,17,0.7286878228187561,7008.96728515625,64.58692932128906,6944.38037109375,False,False
dataset_8,keyframe_4,dataset_8/keyframe_4,647,1161,85.23588562011719,56.77122116088867,6569.82080078125,6513.0498046875,False,False
dataset_6,keyframe_3,dataset_6/keyframe_3,63,192,60.411399841308594,85.54145050048828,6310.11669921875,6224.5751953125,False,False
dataset_5,keyframe_1,dataset_5/keyframe_1,261,17,0.8169020414352417,6252.0947265625,62.875362396240234,6189.21923828125,False,False
dataset_5,keyframe_1,dataset_5/keyframe_1,258,15,0.8384445905685425,6091.45703125,64.60089874267578,6026.85595703125,False,False
dataset_5,keyframe_1,dataset_5/keyframe_1,269,16,0.9161764979362488,5574.63427734375,64.59678649902344,5510.03759765625,False,False
dataset_5,keyframe_1,dataset_5/keyframe_1,277,19,0.9433974623680115,5413.783203125,65.4735336303711,5348.3095703125,False,False
dataset_5,keyframe_1,dataset_5/keyframe_1,263,18,0.9521388411521912,5364.080078125,63.718265533447266,5300.36181640625,False,False
dataset_5,keyframe_1,dataset_5/keyframe_1,267,19,0.9586648344993591,5327.56494140625,64.59201049804688,5262.97314453125,False,False
dataset_5,keyframe_1,dataset_5/keyframe_1,277,18,0.9979016184806824,5118.0888671875,65.47530364990234,5052.61376953125,False,False
dataset_5,keyframe_1,dataset_5/keyframe_1,260,16,1.0313221216201782,4952.23486328125,63.738800048828125,4888.49609375,False,False
dataset_5,keyframe_1,dataset_5/keyframe_1,275,2,1.0768616199493408,4742.80908203125,64.61851501464844,4678.1904296875,False,False
dataset_5,keyframe_1,dataset_5/keyframe_1,268,18,1.112985372543335,4588.87353515625,63.717369079589844,4525.15625,False,False
dataset_6,keyframe_3,dataset_6/keyframe_3,846,1215,55.82146072387695,92.57512664794922,4602.31201171875,4509.73681640625,False,False
dataset_4,keyframe_1,dataset_4/keyframe_1,690,933,83.09748077392578,61.46214294433594,4551.73095703125,4490.26904296875,False,False
dataset_7,keyframe_5,dataset_7/keyframe_5,457,92,58.47798156738281,88.3696517944336,4445.0654296875,4356.69580078125,False,False
dataset_7,keyframe_5,dataset_7/keyframe_5,456,92,58.473201751708984,88.37686920166016,4421.84619140625,4333.46923828125,False,False
dataset_7,keyframe_5,dataset_7/keyframe_5,450,90,58.73691177368164,87.98008728027344,4408.2578125,4320.27783203125,False,False
dataset_5,keyframe_1,dataset_5/keyframe_1,277,17,1.1673740148544312,4375.0751953125,64.5850601196289,4310.490234375,False,False
dataset_7,keyframe_5,dataset_7/keyframe_5,455,92,58.47220993041992,88.37837219238281,4380.34814453125,4291.9697265625,False,False
dataset_5,keyframe_1,dataset_5/keyframe_1,264,18,1.2450296878814697,4102.1904296875,64.57828521728516,4037.612060546875,False,False
dataset_5,keyframe_1,dataset_5/keyframe_1,262,17,1.2767829895019531,4000.170166015625,64.58831024169922,3935.581787109375,False,False
dataset_5,keyframe_1,dataset_5/keyframe_1,270,20,1.2935643196105957,3948.276123046875,65.48175048828125,3882.79443359375,False,False
dataset_5,keyframe_1,dataset_5/keyframe_1,260,15,1.307105302810669,3907.373779296875,64.60916137695312,3842.7646484375,False,False
dataset_5,keyframe_1,dataset_5/keyframe_1,277,16,1.3643171787261963,3743.520263671875,65.47884368896484,3678.04150390625,False,False
dataset_4,keyframe_1,dataset_4/keyframe_1,106,612,76.54742431640625,66.72137451171875,3715.3837890625,3648.662353515625,False,False
dataset_5,keyframe_1,dataset_5/keyframe_1,271,20,1.3765147924423218,3710.34814453125,66.39016723632812,3643.9580078125,False,False
dataset_5,keyframe_1,dataset_5/keyframe_1,276,2,1.419358730316162,3598.349853515625,64.61827087402344,3533.731689453125,False,False
dataset_1,keyframe_3,dataset_1/keyframe_3,3,1237,54.38576126098633,85.35721588134766,3611.519287109375,3526.162109375,False,False
dataset_1,keyframe_3,dataset_1/keyframe_3,4,1237,54.39323043823242,85.34549713134766,3588.395751953125,3503.05029296875,False,False
dataset_6,keyframe_1,dataset_6/keyframe_1,116,428,48.261451721191406,107.07673645019531,3583.605224609375,3476.528564453125,False,False
dataset_6,keyframe_1,dataset_6/keyframe_1,108,428,47.649017333984375,108.45299530029297,3583.299560546875,3474.8466796875,False,False
dataset_5,keyframe_1,dataset_5/keyframe_1,261,15,1.4564322233200073,3506.753662109375,64.5920181274414,3442.16162109375,False,False
dataset_5,keyframe_1,dataset_5/keyframe_1,272,20,1.4594653844833374,3499.4658203125,66.38992309570312,3433.075927734375,False,False
dataset_5,keyframe_1,dataset_5/keyframe_1,265,18,1.4781675338745117,3455.189697265625,64.58587646484375,3390.603759765625,False,False
dataset_5,keyframe_1,dataset_5/keyframe_1,261,16,1.4983177185058594,3408.722412109375,63.72214126586914,3345.000244140625,False,False
dataset_3,keyframe_4,dataset_3/keyframe_4,823,201,87.291748046875,53.18048095703125,3315.284423828125,3262.10400390625,False,False
dataset_5,keyframe_1,dataset_5/keyframe_1,268,17,1.5383410453796387,3320.036865234375,64.58715057373047,3255.44970703125,False,False
dataset_5,keyframe_1,dataset_5/keyframe_1,277,2,1.5393898487091064,3317.77490234375,64.60955810546875,3253.165283203125,False,False
dataset_5,keyframe_1,dataset_5/keyframe_1,273,20,1.5424158573150635,3311.265869140625,65.47273254394531,3245.793212890625,False,False
dataset_5,keyframe_1,dataset_5/keyframe_1,262,15,1.5693291425704956,3254.479248046875,64.59178924560547,3189.887451171875,False,False
dataset_5,keyframe_4,dataset_5/keyframe_4,611,385,112.01579284667969,45.59490203857422,3199.798095703125,3154.203125,False,False
dataset_5,keyframe_1,dataset_5/keyframe_1,279,2,1.5887670516967773,3214.662109375,64.6175537109375,3150.04443359375,False,False
dataset_5,keyframe_4,dataset_5/keyframe_4,610,385,112.14112854003906,45.543941497802734,3190.719970703125,3145.176025390625,False,False
dataset_5,keyframe_1,dataset_5/keyframe_1,275,20,1.635656714439392,3122.5068359375,65.47225189208984,3057.03466796875,False,False
dataset_5,keyframe_1,dataset_5/keyframe_1,276,20,1.6803650856018066,3039.42822265625,65.47201538085938,2973.956298828125,False,False
dataset_5,keyframe_1,dataset_5/keyframe_1,263,15,1.6822259426116943,3036.066162109375,64.591552734375,2971.474609375,False,False
dataset_5,keyframe_1,dataset_5/keyframe_1,267,18,1.6987673044204712,3006.503173828125,64.59375762939453,2941.909423828125,False,False
dataset_5,keyframe_1,dataset_5/keyframe_1,256,19,1.7178610563278198,2973.086181640625,65.4866714477539,2907.599609375,False,False
dataset_5,keyframe_1,dataset_5/keyframe_1,263,17,1.736664056777954,2940.896484375,64.58808135986328,2876.308349609375,False,False
dataset_5,keyframe_1,dataset_5/keyframe_1,269,20,1.7583173513412476,2904.679931640625,65.47367858886719,2839.206298828125,False,False
dataset_8,keyframe_2,dataset_8/keyframe_2,457,206,87.5919418334961,55.24418258666992,2821.688232421875,2766.444091796875,False,False
dataset_5,keyframe_1,dataset_5/keyframe_1,268,15,1.8424395322799683,2772.057861328125,64.59878540039062,2707.458984375,False,False
dataset_5,keyframe_1,dataset_5/keyframe_1,268,16,1.9341504573822021,2640.6162109375,64.59703063964844,2576.019287109375,False,False
dataset_5,keyframe_1,dataset_5/keyframe_1,262,16,2.0150156021118164,2534.64501953125,63.7219123840332,2470.923095703125,False,False
dataset_5,keyframe_1,dataset_5/keyframe_1,264,17,2.0641493797302246,2474.311767578125,64.58001708984375,2409.731689453125,False,False
dataset_5,keyframe_2,dataset_5/keyframe_2,861,793,136.55868530273438,37.40039825439453,2372.206298828125,2334.805908203125,False,False
dataset_5,keyframe_2,dataset_5/keyframe_2,860,793,136.40492248535156,37.44255828857422,2366.382568359375,2328.93994140625,False,False
dataset_5,keyframe_1,dataset_5/keyframe_1,256,18,2.163278818130493,2360.9296875,63.727783203125,2297.201904296875,False,False
dataset_5,keyframe_2,dataset_5/keyframe_2,731,897,114.7892837524414,44.493255615234375,2318.84326171875,2274.35009765625,False,False
dataset_4,keyframe_1,dataset_4/keyframe_1,690,934,83.10523986816406,61.45640182495117,2302.67822265625,2241.221923828125,False,False
dataset_7,keyframe_5,dataset_7/keyframe_5,457,93,58.39252853393555,88.49897003173828,2294.469970703125,2205.970947265625,False,False
dataset_7,keyframe_5,dataset_7/keyframe_5,456,93,58.3945426940918,88.49591827392578,2288.26708984375,2199.771240234375,False,False
dataset_5,keyframe_1,dataset_5/keyframe_1,265,17,2.2592384815216064,2260.650634765625,64.58761596679688,2196.06298828125,False,False
dataset_7,keyframe_5,dataset_7/keyframe_5,455,93,58.39695739746094,88.49225616455078,2277.10009765625,2188.60791015625,False,False
dataset_5,keyframe_1,dataset_5/keyframe_1,268,20,2.2839267253875732,2236.214111328125,65.47391510009766,2170.740234375,False,False
dataset_5,keyframe_1,dataset_5/keyframe_1,265,15,2.378228187561035,2147.543701171875,63.72295379638672,2083.82080078125,False,False
dataset_5,keyframe_1,dataset_5/keyframe_1,278,18,2.4234752655029297,2107.448486328125,66.39204406738281,2041.056396484375,False,False
dataset_5,keyframe_1,dataset_5/keyframe_1,266,17,2.4543278217315674,2080.956298828125,64.58738708496094,2016.368896484375,False,False
dataset_5,keyframe_1,dataset_5/keyframe_1,256,17,2.4666292667388916,2070.578369140625,64.59786224365234,2005.98046875,False,False
dataset_5,keyframe_1,dataset_5/keyframe_1,263,16,2.5317132472991943,2017.3489990234375,63.72169494628906,1953.6273193359375,False,False
dataset_6,keyframe_1,dataset_6/keyframe_1,114,429,48.091941833496094,107.45414733886719,2045.31640625,1937.8623046875,False,False
dataset_6,keyframe_1,dataset_6/keyframe_1,116,429,48.26031494140625,107.07925415039062,2041.3492431640625,1934.27001953125,False,False
dataset_6,keyframe_1,dataset_6/keyframe_1,113,429,48.00921630859375,107.6393051147461,2037.463623046875,1929.8243408203125,False,False
dataset_5,keyframe_1,dataset_5/keyframe_1,277,20,2.573042392730713,1984.945556640625,65.47177124023438,1919.4737548828125,False,False
dataset_4,keyframe_3,dataset_4/keyframe_3,512,686,98.7939682006836,51.69697189331055,1954.6385498046875,1902.9415283203125,False,False
dataset_1,keyframe_3,dataset_1/keyframe_3,3,1238,54.30565643310547,85.48312377929688,1960.46435546875,1874.981201171875,False,False
dataset_2,keyframe_2,dataset_2/keyframe_2,344,1181,37.97673034667969,122.23846435546875,1996.890869140625,1874.65234375,False,False
dataset_5,keyframe_1,dataset_5/keyframe_1,256,16,2.727837085723877,1872.3072509765625,64.59961700439453,1807.7076416015625,False,False
dataset_5,keyframe_1,dataset_5/keyframe_1,269,2,2.770212173461914,1843.6671142578125,64.61969757080078,1779.04736328125,False,False
dataset_5,keyframe_1,dataset_5/keyframe_1,266,15,2.8045976161956787,1821.0631103515625,64.59086608886719,1756.4722900390625,False,False
dataset_5,keyframe_1,dataset_5/keyframe_1,267,20,2.8095357418060303,1817.8623046875,64.59026336669922,1753.2720947265625,False,False
dataset_5,keyframe_1,dataset_5/keyframe_1,278,17,2.827420949935913,1806.3631591796875,65.47683715820312,1740.8863525390625,False,False
dataset_5,keyframe_1,dataset_5/keyframe_1,264,16,2.8631017208099365,1783.851806640625,64.58174896240234,1719.27001953125,False,False
dataset_5,keyframe_1,dataset_5/keyframe_1,265,16,3.009181261062622,1697.25537109375,64.58935546875,1632.666015625,False,False
dataset_5,keyframe_1,dataset_5/keyframe_1,258,20,3.1492245197296143,1621.7799072265625,64.59214782714844,1557.187744140625,False,False
dataset_5,keyframe_1,dataset_5/keyframe_1,266,16,3.1552608013153076,1618.6773681640625,64.58912658691406,1554.0882568359375,False,False
dataset_5,keyframe_1,dataset_5/keyframe_1,257,20,3.1686031818389893,1611.861328125,64.58424377441406,1547.277099609375,False,False
dataset_5,keyframe_2,dataset_5/keyframe_2,861,794,135.86575317382812,37.59114456176758,1573.131591796875,1535.5404052734375,False,False
dataset_5,keyframe_2,dataset_5/keyframe_2,860,794,135.72720336914062,37.6295166015625,1570.5792236328125,1532.94970703125,False,False
dataset_5,keyframe_1,dataset_5/keyframe_1,265,20,3.2236690521240234,1584.3280029296875,64.58240509033203,1519.74560546875,False,False
dataset_5,keyframe_2,dataset_5/keyframe_2,731,898,114.70015716552734,44.52783203125,1552.3912353515625,1507.8634033203125,False,False
dataset_5,keyframe_1,dataset_5/keyframe_1,259,20,3.252958059310913,1570.06298828125,64.59191131591797,1505.4710693359375,False,False
dataset_5,keyframe_2,dataset_5/keyframe_2,731,899,114.64791107177734,44.54812240600586,1548.7161865234375,1504.1680908203125,False,False
dataset_5,keyframe_1,dataset_5/keyframe_1,255,19,3.279552936553955,1557.3309326171875,65.478515625,1491.8524169921875,False,False
dataset_5,keyframe_1,dataset_5/keyframe_1,278,16,3.296119451522827,1549.503662109375,65.47859954833984,1484.0250244140625,False,False
dataset_4,keyframe_1,dataset_4/keyframe_1,690,935,83.11128997802734,61.45193099975586,1541.161865234375,1479.7099609375,False,False
dataset_6,keyframe_3,dataset_6/keyframe_3,847,1218,55.731407165527344,92.72471618652344,1565.8228759765625,1473.09814453125,False,False
dataset_6,keyframe_3,dataset_6/keyframe_3,847,1217,55.76013946533203,92.67693328857422,1565.3052978515625,1472.62841796875,False,False
dataset_6,keyframe_4,dataset_6/keyframe_4,370,1219,50.70172882080078,101.92312622070312,1570.141357421875,1468.21826171875,False,False
dataset_7,keyframe_5,dataset_7/keyframe_5,457,94,58.34232711791992,88.57511901855469,1546.3304443359375,1457.75537109375,False,False
dataset_7,keyframe_5,dataset_7/keyframe_5,456,94,58.35871124267578,88.55025482177734,1543.51025390625,1454.9599609375,False,False
dataset_7,keyframe_5,dataset_7/keyframe_5,455,94,58.36770248413086,88.53661346435547,1540.8739013671875,1452.3372802734375,False,False
dataset_5,keyframe_1,dataset_5/keyframe_1,264,20,3.3745222091674805,1513.5029296875,64.58263397216797,1448.9202880859375,False,False
dataset_5,keyframe_1,dataset_5/keyframe_1,261,20,3.4014041423797607,1501.5413818359375,64.60011291503906,1436.9412841796875,False,False
dataset_5,keyframe_1,dataset_5/keyframe_1,262,20,3.4208219051361084,1493.0181884765625,64.59143829345703,1428.4267578125,False,False
dataset_5,keyframe_1,dataset_5/keyframe_1,263,20,3.440239906311035,1484.5909423828125,64.59120178222656,1419.999755859375,False,False
dataset_5,keyframe_1,dataset_5/keyframe_1,279,19,3.6388187408447266,1403.5733642578125,66.39875793457031,1337.174560546875,False,False
dataset_5,keyframe_3,dataset_5/keyframe_3,370,50,231.66647338867188,22.04612922668457,1358.3570556640625,1336.3109130859375,False,False
dataset_4,keyframe_3,dataset_4/keyframe_3,512,688,98.97492980957031,51.60245132446289,1378.5875244140625,1326.985107421875,False,False
dataset_6,keyframe_1,dataset_6/keyframe_1,115,431,48.17597198486328,107.2667236328125,1429.0994873046875,1321.832763671875,False,False
dataset_6,keyframe_1,dataset_6/keyframe_1,114,431,48.095664978027344,107.44583129882812,1429.092529296875,1321.646728515625,False,False
dataset_6,keyframe_1,dataset_6/keyframe_1,113,431,48.01581954956055,107.62450408935547,1425.2520751953125,1317.6275634765625,False,False
dataset_1,keyframe_3,dataset_1/keyframe_3,5,1239,54.28939437866211,85.50873565673828,1342.1956787109375,1256.6868896484375,False,False
dataset_1,keyframe_3,dataset_1/keyframe_3,4,1239,54.27262878417969,85.53514862060547,1342.17529296875,1256.64013671875,False,False
dataset_5,keyframe_1,dataset_5/keyframe_1,274,14,3.868180751800537,1320.34912109375,65.48133850097656,1254.8677978515625,False,False
dataset_5,keyframe_1,dataset_5/keyframe_1,270,21,3.880692958831787,1316.092041015625,65.4716796875,1250.620361328125,False,False
dataset_5,keyframe_1,dataset_5/keyframe_1,272,14,3.970285654067993,1286.393310546875,65.49016571044922,1220.9031982421875,False,False
dataset_5,keyframe_1,dataset_5/keyframe_1,273,26,3.9834275245666504,1282.1494140625,65.462158203125,1216.687255859375,False,False
dataset_5,keyframe_1,dataset_5/keyframe_1,276,14,3.9968101978302,1277.8563232421875,65.48943328857422,1212.366943359375,False,False
dataset_5,keyframe_1,dataset_5/keyframe_1,271,14,4.115729331970215,1240.9342041015625,66.40776824951172,1174.5264892578125,False,False
dataset_5,keyframe_1,dataset_5/keyframe_1,272,26,4.124522686004639,1238.28857421875,64.57062530517578,1173.7178955078125,False,False
dataset_5,keyframe_1,dataset_5/keyframe_1,255,18,4.1298956871032715,1236.677490234375,64.58817291259766,1172.08935546875,False,False
dataset_5,keyframe_1,dataset_5/keyframe_1,271,21,4.129544734954834,1236.7825927734375,65.47972106933594,1171.3028564453125,False,False
dataset_5,keyframe_1,dataset_5/keyframe_1,270,14,4.261173248291016,1198.578125,65.49065399169922,1133.0875244140625,False,False
dataset_5,keyframe_1,dataset_5/keyframe_1,271,26,4.265617847442627,1197.3292236328125,65.46263885498047,1131.8665771484375,False,False
dataset_5,keyframe_1,dataset_5/keyframe_1,256,20,4.295992374420166,1188.8636474609375,64.59262084960938,1124.27099609375,False,False
dataset_5,keyframe_1,dataset_5/keyframe_1,272,23,4.304414749145508,1186.537353515625,65.4676742553711,1121.0697021484375,False,False
dataset_5,keyframe_1,dataset_5/keyframe_1,272,21,4.378396034240723,1166.4886474609375,65.47119903564453,1101.0174560546875,False,False
dataset_5,keyframe_1,dataset_5/keyframe_1,270,26,4.406712532043457,1158.9930419921875,65.47110748291016,1093.52197265625,False,False
dataset_6,keyframe_3,dataset_6/keyframe_3,846,1219,55.74393844604492,92.70386505126953,1178.59130859375,1085.887451171875,False,False
dataset_7,keyframe_5,dataset_7/keyframe_5,451,92,58.48666000366211,88.35653686523438,1165.366943359375,1077.0103759765625,False,False
dataset_5,keyframe_1,dataset_5/keyframe_1,274,23,4.545783519744873,1123.5355224609375,65.46720123291016,1058.068359375,False,False
dataset_5,keyframe_1,dataset_5/keyframe_1,279,3,4.580717086791992,1114.9671630859375,65.50841522216797,1049.458740234375,False,False
dataset_5,keyframe_1,dataset_5/keyframe_1,270,25,4.651052951812744,1098.10595703125,65.47286987304688,1032.633056640625,False,False
dataset_5,keyframe_1,dataset_5/keyframe_1,255,17,4.709019660949707,1084.588623046875,64.58990478515625,1019.9987182617188,False,False
dataset_5,keyframe_1,dataset_5/keyframe_1,272,22,4.733831882476807,1078.90380859375,64.57754516601562,1014.3262939453125,False,False
dataset_5,keyframe_1,dataset_5/keyframe_1,271,23,4.736746788024902,1078.2398681640625,66.39328002929688,1011.8465576171875,False,False
dataset_5,keyframe_1,dataset_5/keyframe_1,271,22,4.764338970184326,1071.995361328125,65.47794342041016,1006.5173950195312,False,False
dataset_5,keyframe_1,dataset_5/keyframe_1,274,21,4.772845268249512,1070.0848388671875,65.47923278808594,1004.6055908203125,False,False
dataset_5,keyframe_1,dataset_5/keyframe_1,270,22,4.794845104217529,1065.175048828125,65.46991729736328,999.7051391601562,False,False
dataset_5,keyframe_1,dataset_5/keyframe_1,271,25,4.79755973815918,1064.572265625,65.46439361572266,999.1078491210938,False,False
dataset_5,keyframe_1,dataset_5/keyframe_1,272,24,4.811731338500977,1061.4368896484375,64.56614685058594,996.8707275390625,False,False
dataset_7,keyframe_1,dataset_7/keyframe_1,102,201,35.88336181640625,144.0132293701172,1137.28662109375,993.2733764648438,False,False
dataset_6,keyframe_1,dataset_6/keyframe_1,114,432,48.09355545043945,107.45054626464844,1098.2161865234375,990.765625,False,False
dataset_5,keyframe_1,dataset_5/keyframe_1,274,26,4.8520965576171875,1052.606689453125,65.46192169189453,987.144775390625,False,False
dataset_5,keyframe_1,dataset_5/keyframe_1,271,24,4.859691619873047,1050.9615478515625,65.47440338134766,985.4871215820312,False,False
dataset_7,keyframe_2,dataset_7/keyframe_2,90,1043,47.63817596435547,108.47767639160156,1093.12939453125,984.6517333984375,False,False
dataset_5,keyframe_1,dataset_5/keyframe_1,269,21,4.909606456756592,1040.2767333984375,64.5799789428711,975.69677734375,False,False
dataset_5,keyframe_1,dataset_5/keyframe_1,275,21,4.906970500946045,1040.83544921875,65.47048950195312,975.364990234375,False,False
dataset_5,keyframe_1,dataset_5/keyframe_1,270,24,4.907651901245117,1040.6910400390625,65.47463989257812,975.2164306640625,False,False
dataset_5,keyframe_1,dataset_5/keyframe_1,270,3,4.93218994140625,1035.513427734375,64.61769104003906,970.895751953125,False,False
dataset_5,keyframe_1,dataset_5/keyframe_1,272,25,4.944066047668457,1033.026123046875,65.45600891113281,967.5701293945312,False,False
dataset_5,keyframe_1,dataset_5/keyframe_1,277,14,4.9788618087768555,1025.8065185546875,65.48918914794922,960.3173217773438,False,False
dataset_5,keyframe_1,dataset_5/keyframe_1,253,19,5.045231819152832,1012.3120727539062,63.72674560546875,948.5853271484375,False,False
dataset_5,keyframe_1,dataset_5/keyframe_1,276,21,5.04109525680542,1013.1427612304688,65.47024536132812,947.6724853515625,False,False
dataset_3,keyframe_4,dataset_3/keyframe_4,822,200,87.39784240722656,53.11592483520508,997.8761596679688,944.76025390625,False,False
dataset_5,keyframe_1,dataset_5/keyframe_1,269,14,5.079392910003662,1005.5038452148438,65.49089813232422,940.012939453125,False,False
dataset_5,keyframe_1,dataset_5/keyframe_1,279,20,5.0852274894714355,1004.3501586914062,65.47978973388672,938.870361328125,False,False
dataset_5,keyframe_1,dataset_5/keyframe_1,278,3,5.086764335632324,1004.0467529296875,65.5086669921875,938.5380859375,False,False
dataset_5,keyframe_1,dataset_5/keyframe_1,274,22,5.093193054199219,1002.7794189453125,64.5853500366211,938.194091796875,False,False
dataset_5,keyframe_1,dataset_5/keyframe_1,270,23,5.169078826904297,988.057861328125,65.4764175415039,922.5814208984375,False,False
dataset_5,keyframe_1,dataset_5/keyframe_1,255,16,5.195550441741943,983.023681640625,64.5916519165039,918.4320068359375,False,False
dataset_5,keyframe_1,dataset_5/keyframe_1,271,3,5.212169647216797,979.8892822265625,64.61744689941406,915.2718505859375,False,False
dataset_5,keyframe_1,dataset_5/keyframe_1,275,23,5.342377185821533,956.0068359375,65.46695709228516,890.5398559570312,False,False
dataset_5,keyframe_1,dataset_5/keyframe_1,250,19,5.373711109161377,950.432373046875,65.48811340332031,884.9442749023438,False,False
dataset_5,keyframe_1,dataset_5/keyframe_1,268,2,5.402674674987793,945.337158203125,64.61992645263672,880.7172241210938,False,False
dataset_5,keyframe_1,dataset_5/keyframe_1,274,24,5.4197916984558105,942.3515625,64.57361602783203,877.7779541015625,False,False
dataset_5,keyframe_1,dataset_5/keyframe_1,255,20,5.4233808517456055,941.7279052734375,64.58470153808594,877.1431884765625,False,False
dataset_5,keyframe_1,dataset_5/keyframe_1,272,3,5.492149829864502,929.9362182617188,64.6172103881836,865.3190307617188,False,False
dataset_5,keyframe_1,dataset_5/keyframe_1,275,22,5.529768466949463,923.6099243164062,65.46871948242188,858.1412353515625,False,False
dataset_6,keyframe_3,dataset_6/keyframe_3,846,1220,55.7099723815918,92.76039123535156,944.0595092773438,851.2991333007812,False,False
dataset_5,keyframe_1,dataset_5/keyframe_1,277,3,5.5928120613098145,913.1987915039062,64.61626434326172,848.58251953125,False,False
dataset_7,keyframe_5,dataset_7/keyframe_5,450,93,58.4171142578125,88.46172332763672,934.5186767578125,846.0569458007812,False,False
dataset_5,keyframe_1,dataset_5/keyframe_1,249,19,5.668395042419434,901.0220947265625,64.60449981689453,836.4176025390625,False,False
dataset_5,keyframe_1,dataset_5/keyframe_1,273,27,5.674966812133789,899.9786987304688,65.46040344238281,834.518310546875,False,False
dataset_5,keyframe_1,dataset_5/keyframe_1,272,27,5.683078765869141,898.6940307617188,65.46063995361328,833.2333984375,False,False
dataset_5,keyframe_1,dataset_5/keyframe_1,271,27,5.691190719604492,897.4130859375,65.46087646484375,831.9522094726562,False,False
dataset_5,keyframe_1,dataset_5/keyframe_1,270,27,5.699303150177002,896.1357421875,65.46112060546875,830.6746215820312,False,False
dataset_5,keyframe_1,dataset_5/keyframe_1,273,3,5.772130012512207,884.8291625976562,64.60873413085938,820.220458984375,False,False
dataset_5,keyframe_1,dataset_5/keyframe_1,274,25,5.783558368682861,883.0807495117188,65.46367645263672,817.6170654296875,False,False
dataset_5,keyframe_1,dataset_5/keyframe_1,275,26,5.832960605621338,875.6015014648438,65.46168518066406,810.1398315429688,False,False
dataset_5,keyframe_1,dataset_5/keyframe_1,275,3,5.887360095977783,867.5109252929688,64.61674499511719,802.8941650390625,False,False
dataset_5,keyframe_1,dataset_5/keyframe_1,269,26,5.883763313293457,868.0411987304688,65.47134399414062,802.56982421875,False,False
dataset_4,keyframe_2,dataset_4/keyframe_2,471,988,77.92432403564453,65.54242706298828,861.8934326171875,796.3510131835938,False,False
dataset_5,keyframe_1,dataset_5/keyframe_1,276,3,5.933271408081055,860.7981567382812,65.5091552734375,795.2890014648438,False,False
dataset_4,keyframe_2,dataset_4/keyframe_2,470,988,77.92144775390625,65.54484558105469,859.1116943359375,793.5668334960938,False,False
dataset_5,keyframe_1,dataset_5/keyframe_1,269,22,5.962390899658203,856.5941162109375,65.47015380859375,791.1239624023438,False,False
dataset_5,keyframe_1,dataset_5/keyframe_1,276,22,5.966343879699707,856.026611328125,65.4684829711914,790.55810546875,False,False
dataset_7,keyframe_2,dataset_7/keyframe_2,90,1044,47.623538970947266,108.51101684570312,888.42919921875,779.918212890625,False,False
dataset_7,keyframe_2,dataset_7/keyframe_2,89,1044,47.58121871948242,108.60752868652344,888.4398803710938,779.8323364257812,False,False
dataset_5,keyframe_1,dataset_5/keyframe_1,268,21,6.080493450164795,839.9563598632812,64.58020782470703,775.3761596679688,False,False
dataset_5,keyframe_1,dataset_5/keyframe_1,254,18,6.096512794494629,837.749267578125,64.59657287597656,773.1527099609375,False,False
dataset_5,keyframe_1,dataset_5/keyframe_1,269,25,6.127001762390137,833.5805053710938,65.47311401367188,768.107421875,False,False
dataset_5,keyframe_1,dataset_5/keyframe_1,280,19,6.125771999359131,833.747802734375,66.38999938964844,767.3577880859375,False,False
dataset_5,keyframe_1,dataset_5/keyframe_1,247,19,6.14182710647583,831.568359375,64.5880355834961,766.9803466796875,False,False
dataset_5,keyframe_1,dataset_5/keyframe_1,276,23,6.138970375061035,831.955322265625,65.46672058105469,766.4885864257812,False,False
dataset_5,keyframe_1,dataset_5/keyframe_1,275,24,6.1540327072143555,829.9190673828125,64.5733871459961,765.345703125,False,False
dataset_5,keyframe_1,dataset_5/keyframe_1,246,19,6.2046380043029785,823.1502075195312,64.59646606445312,758.5537109375,False,False
dataset_5,keyframe_1,dataset_5/keyframe_1,279,0,6.217701435089111,821.4207763671875,64.61932373046875,756.8014526367188,False,False
dataset_5,keyframe_1,dataset_5/keyframe_1,269,24,6.258176803588867,816.108154296875,65.46662902832031,750.6415405273438,False,False
dataset_5,keyframe_1,dataset_5/keyframe_1,245,19,6.267448902130127,814.9008178710938,64.59669494628906,750.3041381835938,False,False
dataset_5,keyframe_1,dataset_5/keyframe_1,196,68,6.3216118812561035,807.9188232421875,61.18778991699219,746.7310180664062,False,False
dataset_5,keyframe_1,dataset_5/keyframe_1,269,23,6.345204830169678,804.914794921875,64.57650756835938,740.3382568359375,False,False
dataset_5,keyframe_1,dataset_5/keyframe_1,278,14,6.35422945022583,803.7716064453125,65.48894500732422,738.2826538085938,False,False
dataset_5,keyframe_1,dataset_5/keyframe_1,274,27,6.36968994140625,801.8206787109375,64.56843566894531,737.2522583007812,False,False
dataset_5,keyframe_1,dataset_5/keyframe_1,270,0,6.428500652313232,794.4852905273438,65.50545501708984,728.9798583984375,False,False
dataset_3,keyframe_4,dataset_3/keyframe_4,127,58,46.0985221862793,100.70208740234375,818.734375,718.0322875976562,False,False
dataset_5,keyframe_1,dataset_5/keyframe_1,275,25,6.537265300750732,781.2669067382812,64.5716552734375,716.6952514648438,False,False
dataset_5,keyframe_1,dataset_5/keyframe_1,280,18,6.529289722442627,782.2212524414062,66.39179992675781,715.8294677734375,False,False
dataset_5,keyframe_1,dataset_5/keyframe_1,271,0,6.554104804992676,779.2595825195312,64.6209945678711,714.6386108398438,False,False
dataset_9,keyframe_4,dataset_9/keyframe_4,88,605,106.97574615478516,42.890846252441406,741.4525146484375,698.5616455078125,False,False
dataset_4,keyframe_2,dataset_4/keyframe_2,471,989,77.90374755859375,65.55973815917969,727.1763305664062,661.6165771484375,False,False
dataset_4,keyframe_2,dataset_4/keyframe_2,470,989,77.90242004394531,65.56085205078125,725.1912231445312,659.63037109375,False,False
dataset_7,keyframe_2,dataset_7/keyframe_2,90,1045,47.60995864868164,108.5419692993164,748.3018798828125,639.7598876953125,False,False
dataset_2,keyframe_2,dataset_2/keyframe_2,1,1166,57.19829559326172,81.16006469726562,693.680908203125,612.5208740234375,False,False
dataset_2,keyframe_2,dataset_2/keyframe_2,18,1162,56.65732955932617,81.93498229980469,693.685302734375,611.7503051757812,False,False
dataset_8,keyframe_3,dataset_8/keyframe_3,739,1119,75.5708999633789,64.0318603515625,665.1936645507812,601.1618041992188,False,False
dataset_4,keyframe_4,dataset_4/keyframe_4,970,1209,168.66781616210938,30.280519485473633,625.6526489257812,595.3721313476562,False,False
dataset_9,keyframe_4,dataset_9/keyframe_4,87,606,106.70968627929688,42.99778747558594,631.8565673828125,588.8587646484375,False,False
dataset_7,keyframe_5,dataset_7/keyframe_5,863,39,54.2791748046875,95.20555114746094,682.5174560546875,587.3118896484375,False,False
dataset_9,keyframe_4,dataset_9/keyframe_4,88,606,106.94033813476562,42.90504837036133,629.8775634765625,586.9725341796875,False,False
dataset_7,keyframe_5,dataset_7/keyframe_5,843,70,54.60868453979492,94.6310806274414,676.3569946289062,581.7258911132812,False,False
dataset_4,keyframe_2,dataset_4/keyframe_2,470,986,77.96817779541016,65.50556182861328,630.1465454101562,564.6409912109375,False,False
dataset_5,keyframe_2,dataset_5/keyframe_2,665,686,151.14788818359375,33.790409088134766,576.0567626953125,542.266357421875,False,False
dataset_7,keyframe_2,dataset_7/keyframe_2,90,1046,47.59675216674805,108.57209014892578,647.24853515625,538.6764526367188,False,False
dataset_3,keyframe_5,dataset_3/keyframe_5,923,146,77.74748229980469,59.70890808105469,589.6278686523438,529.9189453125,False,False
dataset_2,keyframe_2,dataset_2/keyframe_2,1,1167,57.194175720214844,81.16590881347656,597.0977172851562,515.9318237304688,False,False
dataset_2,keyframe_2,dataset_2/keyframe_2,0,1167,57.194175720214844,81.16590881347656,597.09423828125,515.9283447265625,False,False
dataset_2,keyframe_2,dataset_2/keyframe_2,16,1164,56.71088790893555,81.85760498046875,597.0942993164062,515.2366943359375,False,False
dataset_2,keyframe_2,dataset_2/keyframe_2,18,1164,56.63555145263672,81.96649169921875,597.10107421875,515.1345825195312,False,False
dataset_2,keyframe_2,dataset_2/keyframe_2,15,1164,56.754730224609375,81.79436492919922,596.5430908203125,514.7487182617188,False,False
dataset_7,keyframe_5,dataset_7/keyframe_5,866,39,54.298423767089844,95.17179870605469,595.0685424804688,499.896728515625,False,False
dataset_7,keyframe_5,dataset_7/keyframe_5,843,71,54.615089416503906,94.61997985839844,591.9345703125,497.3145751953125,False,False
dataset_4,keyframe_2,dataset_4/keyframe_2,470,987,77.96092224121094,65.51165771484375,554.98095703125,489.46929931640625,False,False
dataset_5,keyframe_2,dataset_5/keyframe_2,665,687,150.89952087402344,33.84602737426758,512.9075927734375,479.0615539550781,False,False
dataset_3,keyframe_5,dataset_3/keyframe_5,923,147,77.72200775146484,59.728477478027344,517.9611206054688,458.2326354980469,False,False
dataset_6,keyframe_1,dataset_6/keyframe_1,143,912,39.720611572265625,130.10067749023438,575.4306640625,445.3299865722656,False,False
dataset_2,keyframe_2,dataset_2/keyframe_2,18,1165,56.63722229003906,81.96407318115234,524.5250854492188,442.5610046386719,False,False
dataset_2,keyframe_2,dataset_2/keyframe_2,16,1165,56.70270919799805,81.8694076538086,524.1200561523438,442.2506408691406,False,False
dataset_2,keyframe_2,dataset_2/keyframe_2,15,1165,56.739410400390625,81.81645202636719,523.6953735351562,441.87890625,False,False
dataset_6,keyframe_1,dataset_6/keyframe_1,142,912,38.557411193847656,134.0255584716797,575.1613159179688,441.1357421875,False,False
dataset_7,keyframe_3,dataset_7/keyframe_3,859,323,233.25489807128906,22.15464210510254,460.9491882324219,438.7945556640625,False,False
dataset_7,keyframe_3,dataset_7/keyframe_3,860,323,233.6573944091797,22.116477966308594,460.8362731933594,438.71978759765625,False,False
dataset_7,keyframe_5,dataset_7/keyframe_5,466,96,58.38991928100586,88.5029296875,524.4100952148438,435.90716552734375,False,False
dataset_7,keyframe_1,dataset_7/keyframe_1,266,953,63.11288070678711,81.87993621826172,515.8355102539062,433.95556640625,False,False
dataset_7,keyframe_5,dataset_7/keyframe_5,844,72,54.63946533203125,94.57776641845703,526.6433715820312,432.06561279296875,False,False
dataset_7,keyframe_5,dataset_7/keyframe_5,843,72,54.62215042114258,94.60774993896484,526.24853515625,431.6407775878906,False,False
dataset_5,keyframe_2,dataset_5/keyframe_2,665,688,150.275146484375,33.98665237426758,462.2349548339844,428.248291015625,False,False
dataset_2,keyframe_3,dataset_2/keyframe_3,728,532,106.51763153076172,43.58168029785156,463.6109924316406,420.029296875,False,False
dataset_2,keyframe_1,dataset_2/keyframe_1,384,1118,95.2320556640625,48.74637222290039,467.801025390625,419.0546569824219,False,False
dataset_4,keyframe_1,dataset_4/keyframe_1,191,390,117.69052124023438,43.39643478393555,460.30035400390625,416.9039306640625,False,False
dataset_9,keyframe_2,dataset_9/keyframe_2,671,629,59.89847183227539,76.60095977783203,482.031982421875,405.4310302734375,False,False
dataset_7,keyframe_3,dataset_7/keyframe_3,859,324,233.29669189453125,22.150672912597656,420.1003112792969,397.94964599609375,False,False
dataset_7,keyframe_3,dataset_7/keyframe_3,860,324,233.6862030029297,22.113752365112305,420.0075378417969,397.893798828125,False,False
dataset_4,keyframe_3,dataset_4/keyframe_3,494,601,93.17179107666016,54.81647491455078,451.36737060546875,396.5509033203125,False,False
dataset_5,keyframe_2,dataset_5/keyframe_2,665,689,149.46884155273438,34.16999053955078,420.6737365722656,386.5037536621094,False,False
dataset_7,keyframe_1,dataset_7/keyframe_1,266,954,63.154476165771484,81.82601165771484,465.1852722167969,383.3592529296875,False,False
dataset_7,keyframe_5,dataset_7/keyframe_5,466,98,57.410884857177734,90.01217651367188,472.1956481933594,382.1834716796875,False,False
dataset_7,keyframe_5,dataset_7/keyframe_5,465,98,57.252716064453125,90.26084899902344,471.8831481933594,381.622314453125,False,False
dataset_6,keyframe_1,dataset_6/keyframe_1,143,913,38.69485092163086,133.5495147705078,513.1887817382812,379.6392822265625,False,False
dataset_7,keyframe_5,dataset_7/keyframe_5,844,73,54.647010803222656,94.56471252441406,474.0043640136719,379.43963623046875,False,False
dataset_7,keyframe_5,dataset_7/keyframe_5,843,73,54.63058090209961,94.59314727783203,473.6845397949219,379.0914001464844,False,False
dataset_6,keyframe_1,dataset_6/keyframe_1,142,913,37.34656524658203,138.3709259033203,512.974853515625,374.60394287109375,False,False
dataset_2,keyframe_3,dataset_2/keyframe_3,51,1257,83.39850616455078,55.6630744934082,422.49810791015625,366.83502197265625,False,False
dataset_4,keyframe_3,dataset_4/keyframe_3,495,602,93.1302261352539,54.840938568115234,411.8677978515625,357.02685546875,False,False
dataset_4,keyframe_3,dataset_4/keyframe_3,494,602,92.97856903076172,54.930389404296875,411.70855712890625,356.7781677246094,False,False
dataset_7,keyframe_1,dataset_7/keyframe_1,325,53,43.38095474243164,119.12321472167969,472.8872985839844,353.76409912109375,False,False
dataset_7,keyframe_1,dataset_7/keyframe_1,326,53,43.39900207519531,119.07367706298828,472.64739990234375,353.57373046875,False,False
dataset_7,keyframe_2,dataset_7/keyframe_2,95,1039,47.9381103515625,107.79896545410156,459.3778076171875,351.578857421875,False,False
dataset_7,keyframe_2,dataset_7/keyframe_2,94,1037,47.922489166259766,107.8341064453125,458.90985107421875,351.07574462890625,False,False
dataset_7,keyframe_2,dataset_7/keyframe_2,94,1039,47.88180923461914,107.92572021484375,458.0364685058594,350.1107482910156,False,False
dataset_6,keyframe_1,dataset_6/keyframe_1,145,913,41.39141845703125,124.84903717041016,463.8171691894531,338.9681396484375,False,False
dataset_7,keyframe_5,dataset_7/keyframe_5,466,99,56.73166275024414,91.08985137939453,429.4374694824219,338.3476257324219,False,False
dataset_2,keyframe_3,dataset_2/keyframe_3,51,1258,83.42594909667969,55.6447639465332,384.6051330566406,328.9603576660156,False,False
dataset_6,keyframe_1,dataset_6/keyframe_1,143,914,37.747005462646484,136.90301513671875,463.0975341796875,326.19451904296875,False,False
dataset_4,keyframe_3,dataset_4/keyframe_3,494,604,93.29711151123047,54.74284362792969,378.4554443359375,323.71258544921875,False,False
dataset_7,keyframe_3,dataset_7/keyframe_3,838,1126,282.32281494140625,18.304147720336914,334.9156494140625,316.61151123046875,False,False
dataset_7,keyframe_3,dataset_7/keyframe_3,838,1125,282.21026611328125,18.31144905090332,334.89312744140625,316.5816650390625,False,False
dataset_7,keyframe_3,dataset_7/keyframe_3,837,1126,281.9188232421875,18.33037757873535,334.75390625,316.42352294921875,False,False
dataset_7,keyframe_3,dataset_7/keyframe_3,837,1125,281.8291931152344,18.33620834350586,334.7314758300781,316.395263671875,False,False
dataset_7,keyframe_1,dataset_7/keyframe_1,325,55,43.36989212036133,119.15359497070312,429.9989318847656,310.8453369140625,False,False
dataset_7,keyframe_1,dataset_7/keyframe_1,326,55,43.38698196411133,119.1066665649414,429.8011474609375,310.6944885253906,False,False
dataset_7,keyframe_2,dataset_7/keyframe_2,94,1040,47.87533950805664,107.9403076171875,417.3200378417969,309.3797302246094,False,False
dataset_7,keyframe_5,dataset_7/keyframe_5,927,271,61.13631820678711,84.52715301513672,392.78314208984375,308.2559814453125,False,False
dataset_7,keyframe_5,dataset_7/keyframe_5,926,271,61.104034423828125,84.57180786132812,392.4828796386719,307.91107177734375,False,False
dataset_5,keyframe_3,dataset_5/keyframe_3,380,65,219.61268615722656,23.256166458129883,326.4875183105469,303.2313537597656,False,False
dataset_5,keyframe_2,dataset_5/keyframe_2,952,816,142.683349609375,35.79499053955078,333.2281188964844,297.4331359863281,False,False
dataset_2,keyframe_3,dataset_2/keyframe_3,51,1259,83.44857788085938,55.629676818847656,352.9497985839844,297.32012939453125,False,False
dataset_5,keyframe_2,dataset_5/keyframe_2,951,816,142.4447479248047,35.854949951171875,333.0609130859375,297.2059631347656,False,False
dataset_4,keyframe_3,dataset_4/keyframe_3,500,609,94.16812133789062,54.23649978637695,350.44256591796875,296.2060546875,False,False
dataset_4,keyframe_3,dataset_4/keyframe_3,499,608,93.93797302246094,54.36937713623047,350.4329528808594,296.0635681152344,False,False
dataset_4,keyframe_3,dataset_4/keyframe_3,498,608,93.93266296386719,54.37245178222656,350.1968994140625,295.824462890625,False,False
dataset_7,keyframe_3,dataset_7/keyframe_3,839,1126,282.7268371582031,18.277992248535156,313.0786437988281,294.8006591796875,False,False
dataset_7,keyframe_3,dataset_7/keyframe_3,838,1127,282.40509033203125,18.298816680908203,312.8348388671875,294.5360107421875,False,False
dataset_7,keyframe_3,dataset_7/keyframe_3,837,1127,281.9881286621094,18.32587242126465,312.6936950683594,294.3678283691406,False,False
dataset_7,keyframe_3,dataset_7/keyframe_3,836,1126,281.5233154296875,18.356130599975586,312.5268249511719,294.1706848144531,False,False
dataset_6,keyframe_1,dataset_6/keyframe_1,145,914,39.69490432739258,130.1849365234375,422.5112609863281,292.3263244628906,False,False
dataset_5,keyframe_3,dataset_5/keyframe_3,380,66,218.53541564941406,23.370807647705078,305.4019470214844,282.0311279296875,False,False
dataset_7,keyframe_5,dataset_7/keyframe_5,926,270,61.09814453125,84.57996368408203,362.78717041015625,278.20721435546875,False,False
dataset_7,keyframe_5,dataset_7/keyframe_5,926,272,61.10762405395508,84.56684112548828,362.48370361328125,277.9168701171875,False,False
dataset_7,keyframe_5,dataset_7/keyframe_5,925,270,61.06878662109375,84.62062072753906,362.53070068359375,277.91009521484375,False,False
dataset_7,keyframe_2,dataset_7/keyframe_2,95,1040,47.93272399902344,107.81108093261719,384.8287658691406,277.0177001953125,False,False
dataset_7,keyframe_2,dataset_7/keyframe_2,94,1041,47.857688903808594,107.98011779785156,383.57891845703125,275.59881591796875,False,False
dataset_5,keyframe_2,dataset_5/keyframe_2,952,817,141.62867736816406,36.061546325683594,311.03082275390625,274.9692687988281,False,False
dataset_2,keyframe_4,dataset_2/keyframe_4,18,367,94.00344848632812,49.383480072021484,323.7577819824219,274.3742980957031,False,False
dataset_4,keyframe_2,dataset_4/keyframe_2,538,1045,78.87480926513672,64.75260162353516,336.7153015136719,271.96270751953125,False,False
dataset_4,keyframe_3,dataset_4/keyframe_3,500,610,94.32013702392578,54.149085998535156,326.0549621582031,271.9058837890625,False,False
dataset_4,keyframe_3,dataset_4/keyframe_3,499,609,94.19005584716797,54.22386932373047,326.0470275878906,271.8231506347656,False,False
dataset_4,keyframe_3,dataset_4/keyframe_3,498,609,94.21199798583984,54.211238861083984,325.84197998046875,271.6307373046875,False,False
dataset_5,keyframe_4,dataset_5/keyframe_4,708,894,105.65632629394531,48.339263916015625,312.7004699707031,264.3612060546875,False,False
dataset_5,keyframe_2,dataset_5/keyframe_2,953,819,140.3782196044922,36.382774353027344,291.85418701171875,255.47140502929688,False,False
dataset_5,keyframe_2,dataset_5/keyframe_2,952,819,139.93536376953125,36.49791717529297,291.73114013671875,255.23321533203125,False,False
dataset_7,keyframe_5,dataset_7/keyframe_5,925,271,61.07422637939453,84.61308288574219,336.7853698730469,252.1722869873047,False,False
dataset_7,keyframe_5,dataset_7/keyframe_5,926,273,61.106475830078125,84.56842803955078,336.5301513671875,251.96173095703125,False,False
dataset_2,keyframe_4,dataset_2/keyframe_4,17,368,93.98450469970703,49.3934326171875,301.2968444824219,251.90341186523438,False,False
dataset_2,keyframe_4,dataset_2/keyframe_4,18,368,94.03028869628906,49.369380950927734,301.0406799316406,251.67129516601562,False,False
dataset_4,keyframe_3,dataset_4/keyframe_3,500,611,94.41242980957031,54.096153259277344,304.84039306640625,250.74423217773438,False,False
dataset_4,keyframe_3,dataset_4/keyframe_3,499,610,94.2998046875,54.16075897216797,304.8338928222656,250.67312622070312,False,False
dataset_4,keyframe_3,dataset_4/keyframe_3,498,610,94.27947235107422,54.17243957519531,304.654052734375,250.4816131591797,False,False
dataset_4,keyframe_3,dataset_4/keyframe_3,498,607,93.70653533935547,54.503658294677734,304.62725830078125,250.12359619140625,False,False
dataset_4,keyframe_3,dataset_4/keyframe_3,497,607,93.68306732177734,54.51731491088867,304.5386047363281,250.0212860107422,False,False
dataset_4,keyframe_2,dataset_4/keyframe_2,538,1046,78.8650894165039,64.76058197021484,313.9765319824219,249.2159423828125,False,False
dataset_6,keyframe_1,dataset_6/keyframe_1,143,915,36.85398864746094,140.2203369140625,387.66729736328125,247.44696044921875,False,False
dataset_5,keyframe_3,dataset_5/keyframe_3,954,454,293.0915832519531,17.425779342651367,259.6082763671875,242.1824951171875,False,False
dataset_4,keyframe_1,dataset_4/keyframe_1,943,1255,108.35210418701172,47.136592864990234,287.9310607910156,240.79446411132812,False,False
dataset_4,keyframe_1,dataset_4/keyframe_1,942,1255,108.41985321044922,47.107139587402344,287.51165771484375,240.40451049804688,False,False
dataset_5,keyframe_2,dataset_5/keyframe_2,724,746,131.90867614746094,38.71882629394531,275.0251159667969,236.30628967285156,False,False
dataset_5,keyframe_2,dataset_5/keyframe_2,723,746,131.55555725097656,38.82275390625,274.94500732421875,236.12225341796875,False,False
dataset_5,keyframe_3,dataset_5/keyframe_3,354,51,232.06875610351562,22.00791358947754,256.2696228027344,234.26170349121094,False,False
dataset_5,keyframe_3,dataset_5/keyframe_3,355,51,231.806884765625,22.03277587890625,256.2176208496094,234.18484497070312,False,False
dataset_4,keyframe_3,dataset_4/keyframe_3,499,611,94.3564224243164,54.12826156616211,286.2121276855469,232.0838623046875,False,False
dataset_4,keyframe_3,dataset_4/keyframe_3,498,611,94.30042266845703,54.160404205322266,286.1324768066406,231.97207641601562,False,False
dataset_2,keyframe_4,dataset_2/keyframe_4,18,369,94.05870056152344,49.354469299316406,281.30255126953125,231.94808959960938,False,False
dataset_7,keyframe_5,dataset_7/keyframe_5,925,272,61.07789611816406,84.60800170898438,314.4541931152344,229.84619140625,False,False
dataset_7,keyframe_5,dataset_7/keyframe_5,920,274,60.915374755859375,84.83373260498047,314.2301330566406,229.39639282226562,False,False
dataset_7,keyframe_5,dataset_7/keyframe_5,920,275,60.916908264160156,84.83159637451172,314.21258544921875,229.3809814453125,False,False
dataset_4,keyframe_2,dataset_4/keyframe_2,538,1048,78.85232543945312,64.77106475830078,294.11431884765625,229.34326171875,False,False
dataset_5,keyframe_3,dataset_5/keyframe_3,955,455,292.5973205566406,17.455215454101562,246.16506958007812,228.70985412597656,False,False
dataset_5,keyframe_3,dataset_5/keyframe_3,954,455,292.6695861816406,17.450904846191406,246.00961303710938,228.5587158203125,False,False
dataset_5,keyframe_4,dataset_5/keyframe_4,647,84,114.12297821044922,44.753028869628906,271.44842529296875,226.69540405273438,False,False
dataset_8,keyframe_4,dataset_8/keyframe_4,50,324,59.86842346191406,80.82633972167969,303.8907775878906,223.06443786621094,False,False
dataset_5,keyframe_3,dataset_5/keyframe_3,345,60,234.35992431640625,21.79275894165039,243.4215545654297,221.62879943847656,False,False
dataset_5,keyframe_3,dataset_5/keyframe_3,346,60,233.38360595703125,21.88392448425293,243.27957153320312,221.39564514160156,False,False
dataset_5,keyframe_3,dataset_5/keyframe_3,353,52,233.93075561523438,21.832738876342773,243.2039794921875,221.37124633789062,False,False
dataset_5,keyframe_3,dataset_5/keyframe_3,361,27,235.90525817871094,21.650001525878906,243.0126495361328,221.36264038085938,False,False
dataset_5,keyframe_3,dataset_5/keyframe_3,354,52,233.741455078125,21.850419998168945,243.09718322753906,221.24676513671875,False,False
dataset_5,keyframe_3,dataset_5/keyframe_3,355,52,233.5597381591797,21.867420196533203,243.0083770751953,221.14096069335938,False,False
dataset_5,keyframe_2,dataset_5/keyframe_2,724,748,130.29879760742188,39.197208404541016,259.73248291015625,220.5352783203125,False,False
dataset_5,keyframe_2,dataset_5/keyframe_2,723,748,130.1249542236328,39.249576568603516,259.662109375,220.41253662109375,False,False
dataset_5,keyframe_2,dataset_5/keyframe_2,722,748,129.95111083984375,39.30208206176758,259.6248779296875,220.3227996826172,False,False
dataset_6,keyframe_3,dataset_6/keyframe_3,197,935,71.84709167480469,71.92606353759766,291.85357666015625,219.92752075195312,False,False
dataset_4,keyframe_1,dataset_4/keyframe_1,886,983,89.61775970458984,56.9903678894043,276.81817626953125,219.8278045654297,False,False
dataset_7,keyframe_1,dataset_7/keyframe_1,305,71,43.05841827392578,120.0155258178711,336.86517333984375,216.84963989257812,False,False
dataset_7,keyframe_5,dataset_7/keyframe_5,932,276,61.30552291870117,84.29385375976562,294.531982421875,210.23812866210938,False,False
dataset_7,keyframe_5,dataset_7/keyframe_5,932,278,61.31120300292969,84.28604125976562,294.501708984375,210.21566772460938,False,False
dataset_7,keyframe_5,dataset_7/keyframe_5,920,276,60.9180908203125,84.82994842529297,294.5281677246094,209.69821166992188,False,False
dataset_5,keyframe_3,dataset_5/keyframe_3,353,53,235.98773193359375,21.64243507385254,231.308837890625,209.66639709472656,False,False
dataset_5,keyframe_3,dataset_5/keyframe_3,345,61,233.74740600585938,21.849864959716797,231.50355529785156,209.6536865234375,False,False
dataset_7,keyframe_5,dataset_7/keyframe_5,934,299,61.27755355834961,84.33232879638672,293.9241943359375,209.59185791015625,False,False
dataset_5,keyframe_3,dataset_5/keyframe_3,354,53,235.78683471679688,21.66087532043457,231.21246337890625,209.5515899658203,False,False
dataset_7,keyframe_5,dataset_7/keyframe_5,934,305,61.25727081298828,84.3602523803711,293.84088134765625,209.48062133789062,False,False
dataset_5,keyframe_3,dataset_5/keyframe_3,355,53,235.5821533203125,21.67969512939453,231.13238525390625,209.45269775390625,False,False
dataset_5,keyframe_3,dataset_5/keyframe_3,346,61,232.9318084716797,21.92637062072754,231.3754425048828,209.44906616210938,False,False
dataset_5,keyframe_3,dataset_5/keyframe_3,347,61,232.3629608154297,21.98004913330078,231.31747436523438,209.33743286132812,False,False
dataset_7,keyframe_2,dataset_7/keyframe_2,17,771,50.2824592590332,102.77298736572266,312.1086120605469,209.33563232421875,False,False
dataset_9,keyframe_0,dataset_9/keyframe_0,55,835,37.04136276245117,123.86910247802734,331.7476501464844,207.8785400390625,False,False
dataset_5,keyframe_2,dataset_5/keyframe_2,724,749,129.68478393554688,39.38279342651367,246.05072021484375,206.6679229736328,False,False
dataset_5,keyframe_2,dataset_5/keyframe_2,723,749,129.47117614746094,39.44776916503906,245.98851013183594,206.54074096679688,False,False
dataset_5,keyframe_2,dataset_5/keyframe_2,722,749,129.25755310058594,39.51296615600586,245.95559692382812,206.442626953125,False,False
dataset_6,keyframe_3,dataset_6/keyframe_3,924,1092,52.99565124511719,97.5113754272461,303.47576904296875,205.96438598632812,False,False
dataset_5,keyframe_2,dataset_5/keyframe_2,653,705,128.93092346191406,39.61306381225586,244.68528747558594,205.0722198486328,False,False
dataset_5,keyframe_2,dataset_5/keyframe_2,652,705,127.2477798461914,40.13703918457031,244.5675506591797,204.43051147460938,False,False
dataset_5,keyframe_2,dataset_5/keyframe_2,841,1187,141.8762969970703,35.99860763549805,237.0077362060547,201.00912475585938,False,False
dataset_5,keyframe_3,dataset_5/keyframe_3,345,62,236.45091247558594,21.600040435791016,220.69790649414062,199.09786987304688,False,False
dataset_5,keyframe_3,dataset_5/keyframe_3,354,54,238.27586364746094,21.43460464477539,220.4354705810547,199.00086975097656,False,False
dataset_5,keyframe_3,dataset_5/keyframe_3,355,54,237.92547607421875,21.466171264648438,220.3973388671875,198.93116760253906,False,False
dataset_5,keyframe_3,dataset_5/keyframe_3,346,62,235.6060028076172,21.677499771118164,220.581787109375,198.90428161621094,False,False
dataset_5,keyframe_3,dataset_5/keyframe_3,347,62,234.9119873046875,21.74154281616211,220.52920532226562,198.78765869140625,False,False
dataset_7,keyframe_1,dataset_7/keyframe_1,305,72,43.02582550048828,120.10643768310547,314.52099609375,194.41455078125,False,False
dataset_7,keyframe_5,dataset_7/keyframe_5,932,277,61.307838439941406,84.2906723022461,277.309814453125,193.01913452148438,False,False
dataset_7,keyframe_5,dataset_7/keyframe_5,932,279,61.3124885559082,84.2842788696289,277.282958984375,192.99868774414062,False,False
dataset_9,keyframe_2,dataset_9/keyframe_2,984,21,99.0457763671875,46.32484436035156,239.0255889892578,192.70074462890625,False,False
dataset_7,keyframe_5,dataset_7/keyframe_5,931,279,61.284141540527344,84.3232650756836,277.012451171875,192.68917846679688,False,False
dataset_7,keyframe_5,dataset_7/keyframe_5,934,307,61.24636459350586,84.37527465820312,276.697509765625,192.32223510742188,False,False
dataset_7,keyframe_5,dataset_7/keyframe_5,931,300,61.18757247924805,84.45634460449219,276.7703552246094,192.3140106201172,False,False
dataset_7,keyframe_5,dataset_7/keyframe_5,934,300,61.27384567260742,84.33743286132812,276.64453125,192.30709838867188,False,False
dataset_5,keyframe_2,dataset_5/keyframe_2,653,706,126.37677001953125,40.41366958618164,232.5211944580078,192.10752868652344,False,False
dataset_7,keyframe_5,dataset_7/keyframe_5,900,260,60.06538009643555,86.03423309326172,277.8134460449219,191.77920532226562,False,False
dataset_5,keyframe_2,dataset_5/keyframe_2,652,706,125.54203796386719,40.68238067626953,232.415283203125,191.73291015625,False,False
dataset_7,keyframe_5,dataset_7/keyframe_5,893,276,59.956886291503906,86.18991088867188,277.6002502441406,191.41033935546875,False,False
dataset_5,keyframe_3,dataset_5/keyframe_3,345,63,240.07083129882812,21.274343490600586,210.85581970214844,189.58148193359375,False,False
dataset_5,keyframe_3,dataset_5/keyframe_3,346,63,239.13619995117188,21.35749053955078,210.75006103515625,189.392578125,False,False
dataset_5,keyframe_3,dataset_5/keyframe_3,347,63,238.2296905517578,21.43876075744629,210.70220947265625,189.26344299316406,False,False
dataset_8,keyframe_0,dataset_8/keyframe_0,304,355,35.89850616455078,134.795166015625,323.8092956542969,189.01412963867188,False,False
dataset_8,keyframe_0,dataset_8/keyframe_0,303,355,35.917198181152344,134.7250213623047,323.7146301269531,188.98960876464844,False,False
dataset_6,keyframe_3,dataset_6/keyframe_3,925,1094,52.962677001953125,97.57208251953125,285.5150146484375,187.94293212890625,False,False
dataset_6,keyframe_3,dataset_6/keyframe_3,924,1094,52.981693267822266,97.53706359863281,285.2247314453125,187.6876678466797,False,False
dataset_8,keyframe_1,dataset_8/keyframe_1,863,719,60.57438278198242,79.88435363769531,265.1001892089844,185.21583557128906,False,False
dataset_7,keyframe_3,dataset_7/keyframe_3,107,1180,77.2609634399414,66.88602447509766,249.1234130859375,182.23739624023438,False,False
dataset_7,keyframe_3,dataset_7/keyframe_3,106,1180,77.28960418701172,66.86123657226562,249.08688354492188,182.22564697265625,False,False
dataset_5,keyframe_2,dataset_5/keyframe_2,653,707,124.87934112548828,40.89826965332031,221.50906372070312,180.6107940673828,False,False
dataset_5,keyframe_2,dataset_5/keyframe_2,652,707,124.57635498046875,40.99774169921875,221.41336059570312,180.41561889648438,False,False
dataset_5,keyframe_3,dataset_5/keyframe_3,346,64,236.97735595703125,21.55205535888672,201.7572479248047,180.2052001953125,False,False
dataset_9,keyframe_2,dataset_9/keyframe_2,984,22,99.05379486083984,46.32109451293945,226.24639892578125,179.92530822753906,False,False
dataset_2,keyframe_4,dataset_2/keyframe_4,666,1231,138.66346740722656,33.478302001953125,213.25393676757812,179.775634765625,False,False
dataset_7,keyframe_5,dataset_7/keyframe_5,932,280,61.31025314331055,84.28734588623047,261.9664611816406,177.67910766601562,False,False
dataset_7,keyframe_5,dataset_7/keyframe_5,931,278,61.282920837402344,84.32494354248047,261.86785888671875,177.54290771484375,False,False
dataset_7,keyframe_5,dataset_7/keyframe_5,931,280,61.280818939208984,84.32783508300781,261.72528076171875,177.39744567871094,False,False
dataset_7,keyframe_5,dataset_7/keyframe_5,931,284,61.29187774658203,84.3126220703125,261.6903991699219,177.37777709960938,False,False
dataset_7,keyframe_5,dataset_7/keyframe_5,931,283,61.291500091552734,84.31314086914062,261.4749755859375,177.16183471679688,False,False
dataset_7,keyframe_5,dataset_7/keyframe_5,934,308,61.24372482299805,84.37890625,261.44427490234375,177.06536865234375,False,False
dataset_7,keyframe_5,dataset_7/keyframe_5,931,301,61.182525634765625,84.46331024169922,261.50927734375,177.04595947265625,False,False
dataset_6,keyframe_3,dataset_6/keyframe_3,871,553,63.43792724609375,81.46039581298828,258.50347900390625,177.0430908203125,False,False
dataset_7,keyframe_5,dataset_7/keyframe_5,901,261,60.09785842895508,85.98773193359375,262.5757751464844,176.58804321289062,False,False
dataset_7,keyframe_3,dataset_7/keyframe_3,380,962,95.06341552734375,54.36033248901367,230.78253173828125,176.4221954345703,False,False
dataset_7,keyframe_5,dataset_7/keyframe_5,900,261,60.066741943359375,86.03227996826172,262.3069152832031,176.27462768554688,False,False
dataset_7,keyframe_5,dataset_7/keyframe_5,892,277,59.9278678894043,86.23164367675781,262.11895751953125,175.88731384277344,False,False
dataset_5,keyframe_3,dataset_5/keyframe_3,656,2,337.305419921875,15.141615867614746,189.6861572265625,174.54454040527344,False,False
dataset_5,keyframe_3,dataset_5/keyframe_3,655,2,337.3121032714844,15.141315460205078,189.53456115722656,174.39324951171875,False,False
dataset_7,keyframe_1,dataset_7/keyframe_1,288,96,42.61080551147461,121.27625274658203,294.65802001953125,173.38177490234375,False,False
dataset_4,keyframe_5,dataset_4/keyframe_5,653,444,140.0669708251953,36.463623046875,209.2194061279297,172.7557830810547,False,False
dataset_9,keyframe_3,dataset_9/keyframe_3,230,1278,135.98204040527344,33.7418098449707,205.46151733398438,171.71971130371094,False,False
dataset_8,keyframe_1,dataset_8/keyframe_1,867,717,60.661521911621094,79.76959991455078,250.29466247558594,170.52505493164062,False,False
dataset_8,keyframe_1,dataset_8/keyframe_1,866,717,60.696380615234375,79.72378540039062,250.20614624023438,170.48236083984375,False,False
dataset_5,keyframe_2,dataset_5/keyframe_2,653,709,123.97467803955078,41.196712493896484,211.49269104003906,170.2959747314453,False,False
dataset_5,keyframe_2,dataset_5/keyframe_2,652,709,123.98756408691406,41.19243240356445,211.44955444335938,170.2571258544922,False,False
dataset_8,keyframe_1,dataset_8/keyframe_1,863,721,60.4449462890625,80.05541229248047,250.20660400390625,170.15118408203125,False,False
dataset_7,keyframe_3,dataset_7/keyframe_3,107,1181,77.29190826416016,66.85924530029297,236.6966094970703,169.83737182617188,False,False
dataset_7,keyframe_3,dataset_7/keyframe_3,106,1181,77.31979370117188,66.83513641357422,236.62701416015625,169.7918701171875,False,False
dataset_2,keyframe_4,dataset_2/keyframe_4,666,1232,138.67001342773438,33.47671890258789,203.1515655517578,169.6748504638672,False,False
dataset_5,keyframe_2,dataset_5/keyframe_2,964,817,144.70709228515625,35.294395446777344,202.59713745117188,167.302734375,False,False
dataset_5,keyframe_3,dataset_5/keyframe_3,656,3,336.39532470703125,15.182580947875977,182.37684631347656,167.1942596435547,False,False
dataset_5,keyframe_3,dataset_5/keyframe_3,655,3,336.26580810546875,15.188427925109863,182.23678588867188,167.04835510253906,False,False
dataset_8,keyframe_0,dataset_8/keyframe_0,304,356,35.87944793701172,134.8667755126953,301.8484802246094,166.98170471191406,False,False
dataset_8,keyframe_0,dataset_8/keyframe_0,303,356,35.894920349121094,134.8086395263672,301.76605224609375,166.95741271972656,False,False
dataset_4,keyframe_1,dataset_4/keyframe_1,282,1123,79.16690826416016,64.51368713378906,230.8384552001953,166.32476806640625,False,False
dataset_7,keyframe_5,dataset_7/keyframe_5,932,282,61.31808090209961,84.2765884399414,248.2534942626953,163.97689819335938,False,False
dataset_7,keyframe_5,dataset_7/keyframe_5,931,282,61.28870391845703,84.31698608398438,248.143798828125,163.82681274414062,False,False
