method,checkpoint,input_resolution,frame,runtime_ms,valid_px,valid_pixel_ratio,mae_px,rmse_px,bad1_pct,bad2_pct,bad5_pct,depth_mae_mm,depth_median_abs_error_mm,depth_rmse_mm,depth_bad1mm_pct,depth_bad2mm_pct,depth_bad5mm_pct,abs_depth_error_p50,abs_depth_error_p75,abs_depth_error_p90,abs_depth_error_p95,abs_depth_error_p99,pred_disp_le_0_1_ratio,pred_disp_le_0_5_ratio,excluded_pred_disp_le_0_1_ratio,valid_disp_valid_px,valid_disp_valid_pixel_ratio,valid_disp_mae_px,valid_disp_rmse_px,valid_disp_bad1_pct,valid_disp_bad2_pct,valid_disp_bad5_pct,valid_disp_depth_mae_mm,valid_disp_depth_median_abs_error_mm,valid_disp_depth_rmse_mm,valid_disp_depth_bad1mm_pct,valid_disp_depth_bad2mm_pct,valid_disp_depth_bad5mm_pct,valid_disp_abs_depth_error_p50,valid_disp_abs_depth_error_p75,valid_disp_abs_depth_error_p90,valid_disp_abs_depth_error_p95,valid_disp_abs_depth_error_p99,depth_mae_cap100_mm,depth_rmse_cap100_mm,depth_mae_cap200_mm,depth_rmse_cap200_mm
DEFOM-Stereo ViT-L ETH3D,defomstereo_vitl_eth3d.pth,native warped_gt_108,dataset_1_keyframe_1_frame_000000,1814.5455920603126,967338,0.7380203247070313,1.757849097251892,2.240938425064087,65.32783783951422,33.73453746260356,2.9588416871868986,1.4390277862548828,1.0703887939453125,2.029672622680664,52.96028895794438,22.75771240249013,2.445267321246555,1.0703887939453125,1.8876886367797852,3.0124077796936035,3.9014713764190674,6.934473991394043,0.0,0.0,0.0,967338,0.7380203247070313,1.757849097251892,2.240938425064087,65.32783783951422,33.73453746260356,2.9588416871868986,1.4390277862548828,1.0703887939453125,2.029672622680664,52.96028895794438,22.75771240249013,2.445267321246555,1.0703887939453125,1.8876886367797852,3.0124077796936035,3.9014713764190674,6.934473991394043,1.4386085271835327,2.0333123207092285,1.4390277862548828,2.029672622680664
DEFOM-Stereo ViT-L ETH3D,defomstereo_vitl_eth3d.pth,native warped_gt_108,dataset_1_keyframe_1_frame_000001,1607.302312972024,963111,0.7347953796386719,1.8707796335220337,2.337273359298706,69.42605784795315,37.06031807341002,3.3104180099697746,1.5345702171325684,1.1776695251464844,2.110776662826538,57.71172793167143,24.97884459839001,2.688267499800127,1.1776695251464844,1.9990673065185547,3.1349258422851562,4.044464111328125,7.000682830810547,0.0,0.0,0.0,963111,0.7347953796386719,1.8707796335220337,2.337273359298706,69.42605784795315,37.06031807341002,3.3104180099697746,1.5345702171325684,1.1776695251464844,2.110776662826538,57.71172793167143,24.97884459839001,2.688267499800127,1.1776695251464844,1.9990673065185547,3.1349258422851562,4.044464111328125,7.000682830810547,1.53379487991333,2.115072727203369,1.5345702171325684,2.110776662826538
DEFOM-Stereo ViT-L ETH3D,defomstereo_vitl_eth3d.pth,native warped_gt_108,dataset_1_keyframe_1_frame_000002,1612.2130840085447,956849,0.7300178527832031,1.8937997817993164,2.356515884399414,70.15913691711022,37.68922787190037,3.294668228738286,1.5649538040161133,1.21124267578125,2.1408870220184326,59.01056488536853,25.957805254538595,2.759160536301966,1.21124267578125,2.0448341369628906,3.1713919639587402,4.077166557312012,7.039520263671875,0.0,0.0,0.0,956849,0.7300178527832031,1.8937997817993164,2.356515884399414,70.15913691711022,37.68922787190037,3.294668228738286,1.5649538040161133,1.21124267578125,2.1408870220184326,59.01056488536853,25.957805254538595,2.759160536301966,1.21124267578125,2.0448341369628906,3.1713919639587402,4.077166557312012,7.039520263671875,1.5648870468139648,2.146287202835083,1.5649538040161133,2.1408870220184326
DEFOM-Stereo ViT-L ETH3D,defomstereo_vitl_eth3d.pth,native warped_gt_108,dataset_1_keyframe_1_frame_000003,1613.3370499592274,951100,0.7256317138671875,1.8941930532455444,2.3615636825561523,70.22952370938913,37.79697192724214,3.271054568394491,1.5904461145401,1.220621109008789,2.1992859840393066,59.259699295552515,26.48112711597098,2.893176322153296,1.220621109008789,2.0721168518066406,3.2349724769592285,4.172611236572266,7.237339496612549,0.0,0.0,0.0,951100,0.7256317138671875,1.8941930532455444,2.3615636825561523,70.22952370938913,37.79697192724214,3.271054568394491,1.5904461145401,1.220621109008789,2.1992859840393066,59.259699295552515,26.48112711597098,2.893176322153296,1.220621109008789,2.0721168518066406,3.2349724769592285,4.172611236572266,7.237339496612549,1.5906345844268799,2.202343463897705,1.5904461145401,2.1992859840393066
DEFOM-Stereo ViT-L ETH3D,defomstereo_vitl_eth3d.pth,native warped_gt_108,dataset_1_keyframe_1_frame_000004,1617.5074179191142,946667,0.7222496032714844,1.8602274656295776,2.3182716369628906,69.28022208442884,36.880550394172396,3.0070764059590123,1.574940800666809,1.20343017578125,2.170597553253174,58.53526107913343,25.874462720259604,3.007182039724634,1.20343017578125,2.0425777435302734,3.223301649093628,4.191098690032959,7.336048126220703,0.0,0.0,0.0,946667,0.7222496032714844,1.8602274656295776,2.3182716369628906,69.28022208442884,36.880550394172396,3.0070764059590123,1.574940800666809,1.20343017578125,2.170597553253174,58.53526107913343,25.874462720259604,3.007182039724634,1.20343017578125,2.0425777435302734,3.223301649093628,4.191098690032959,7.336048126220703,1.567813754081726,2.162278652191162,1.574940800666809,2.170597553253174
DEFOM-Stereo ViT-L ETH3D,defomstereo_vitl_eth3d.pth,native warped_gt_108,dataset_1_keyframe_1_frame_000005,1613.695934182033,942074,0.7187454223632812,1.826525330543518,2.2930045127868652,68.41224787012486,35.62352851262215,2.923549530079378,1.5728245973587036,1.185476303100586,2.208033800125122,57.60651498714539,25.698936601583316,3.15155709636398,1.185476303100586,2.0342817306518555,3.2314536571502686,4.233465671539307,7.491245269775391,0.0,0.0,0.0,942074,0.7187454223632812,1.826525330543518,2.2930045127868652,68.41224787012486,35.62352851262215,2.923549530079378,1.5728245973587036,1.185476303100586,2.208033800125122,57.60651498714539,25.698936601583316,3.15155709636398,1.185476303100586,2.0342817306518555,3.2314536571502686,4.233465671539307,7.491245269775391,1.5690628290176392,2.2053253650665283,1.5728245973587036,2.208033800125122
DEFOM-Stereo ViT-L ETH3D,defomstereo_vitl_eth3d.pth,native warped_gt_108,dataset_1_keyframe_1_frame_000006,1620.8880471531302,938049,0.7156745910644531,1.8074167966842651,2.2774627208709717,67.78441211493215,35.261484208181024,2.7261902096798782,1.5714765787124634,1.1785507202148438,2.217736005783081,57.356172225544725,25.72360292479391,3.0906701035873394,1.1785507202148438,2.036540985107422,3.2306113243103027,4.215463161468506,7.562728404998779,0.0,0.0,0.0,938049,0.7156745910644531,1.8074167966842651,2.2774627208709717,67.78441211493215,35.261484208181024,2.7261902096798782,1.5714765787124634,1.1785507202148438,2.217736005783081,57.356172225544725,25.72360292479391,3.0906701035873394,1.1785507202148438,2.036540985107422,3.2306113243103027,4.215463161468506,7.562728404998779,1.5718730688095093,2.224382162094116,1.5714765787124634,2.217736005783081
DEFOM-Stereo ViT-L ETH3D,defomstereo_vitl_eth3d.pth,native warped_gt_108,dataset_1_keyframe_1_frame_000007,1642.7652379497886,933232,0.71199951171875,1.7765755653381348,2.232759475708008,67.29269892159721,34.49881701441871,2.4660534572324995,1.5417543649673462,1.1730842590332031,2.1386101245880127,57.35712020162189,25.267028991719098,2.6766120321634923,1.1730842590332031,2.0135116577148438,3.1571249961853027,4.044010639190674,7.20516300201416,0.0,0.0,0.0,933232,0.71199951171875,1.7765755653381348,2.232759475708008,67.29269892159721,34.49881701441871,2.4660534572324995,1.5417543649673462,1.1730842590332031,2.1386101245880127,57.35712020162189,25.267028991719098,2.6766120321634923,1.1730842590332031,2.0135116577148438,3.1571249961853027,4.044010639190674,7.20516300201416,1.5422590970993042,2.1475300788879395,1.5417543649673462,2.1386101245880127
DEFOM-Stereo ViT-L ETH3D,defomstereo_vitl_eth3d.pth,native warped_gt_108,dataset_1_keyframe_1_frame_000008,1615.5248200520873,926095,0.7065544128417969,1.8066768646240234,2.25585675239563,68.46263072362987,35.28320528671465,2.5711185137593873,1.5828126668930054,1.2158317565917969,2.16717791557312,59.161533104055195,26.29373876330182,2.984359056036368,1.2158317565917969,2.0653305053710938,3.2219276428222656,4.172438144683838,7.149862766265869,0.0,0.0,0.0,926095,0.7065544128417969,1.8066768646240234,2.25585675239563,68.46263072362987,35.28320528671465,2.5711185137593873,1.5828126668930054,1.2158317565917969,2.16717791557312,59.161533104055195,26.29373876330182,2.984359056036368,1.2158317565917969,2.0653305053710938,3.2219276428222656,4.172438144683838,7.149862766265869,1.5784366130828857,2.1717474460601807,1.5828126668930054,2.16717791557312
DEFOM-Stereo ViT-L ETH3D,defomstereo_vitl_eth3d.pth,native warped_gt_108,dataset_1_keyframe_1_frame_000009,1617.0686930418015,920519,0.7023002624511718,1.7441953420639038,2.1919877529144287,66.32345448600192,33.44461113784723,2.241127016389667,1.5473815202713013,1.1683807373046875,2.133734703063965,57.18295874392598,25.468458554359007,2.8288389484627694,1.1683807373046875,2.0248184204101562,3.2082107067108154,4.147158145904541,7.210223197937012,0.0,0.0,0.0,920519,0.7023002624511718,1.7441953420639038,2.1919877529144287,66.32345448600192,33.44461113784723,2.241127016389667,1.5473815202713013,1.1683807373046875,2.133734703063965,57.18295874392598,25.468458554359007,2.8288389484627694,1.1683807373046875,2.0248184204101562,3.2082107067108154,4.147158145904541,7.210223197937012,1.5428073406219482,2.1405136585235596,1.5473815202713013,2.133734703063965
DEFOM-Stereo ViT-L ETH3D,defomstereo_vitl_eth3d.pth,native warped_gt_108,dataset_1_keyframe_1_frame_000010,1616.5324549656361,916446,0.6991928100585938,1.57175612449646,2.0285933017730713,59.57328636930054,28.908850057722983,1.6882609559101136,1.4191261529922485,1.0189208984375,2.026315212249756,50.77767811742318,22.551792467859535,2.5745106640216666,1.0189208984375,1.8637304306030273,3.0484390258789062,3.9644298553466797,7.028338432312012,0.0,0.0,0.0,916446,0.6991928100585938,1.57175612449646,2.0285933017730713,59.57328636930054,28.908850057722983,1.6882609559101136,1.4191261529922485,1.0189208984375,2.026315212249756,50.77767811742318,22.551792467859535,2.5745106640216666,1.0189208984375,1.8637304306030273,3.0484390258789062,3.9644298553466797,7.028338432312012,1.4108994007110596,2.0237441062927246,1.4191261529922485,2.026315212249756
DEFOM-Stereo ViT-L ETH3D,defomstereo_vitl_eth3d.pth,native warped_gt_108,dataset_1_keyframe_1_frame_000011,1618.009006138891,916228,0.6990264892578125,1.5711407661437988,2.022766351699829,59.84001798678932,28.867487132023907,1.6123715930969147,1.4237643480300903,1.0335464477539062,2.0172226428985596,51.37149268522682,22.833617833115774,2.4822424112775425,1.0335464477539062,1.8816804885864258,3.0532314777374268,3.966888427734375,6.783389568328857,0.0,0.0,0.0,916228,0.6990264892578125,1.5711407661437988,2.022766351699829,59.84001798678932,28.867487132023907,1.6123715930969147,1.4237643480300903,1.0335464477539062,2.0172226428985596,51.37149268522682,22.833617833115774,2.4822424112775425,1.0335464477539062,1.8816804885864258,3.0532314777374268,3.966888427734375,6.783389568328857,1.423900842666626,2.035346746444702,1.4237643480300903,2.0172226428985596
DEFOM-Stereo ViT-L ETH3D,defomstereo_vitl_eth3d.pth,native warped_gt_108,dataset_1_keyframe_2_frame_000000,1620.03563484177,1054361,0.8044136047363282,0.9570736289024353,2.4779722690582275,28.513194247511052,8.298865379125365,0.9340254428985898,1.1358342170715332,0.7224197387695312,4.150974750518799,37.06719045943467,12.78935772472616,1.8184473818739504,0.7224197387695312,1.3645782470703125,2.2548141479492188,3.1117095947265625,6.529505729675293,0.0,0.0,0.0,1054361,0.8044136047363282,0.9570736289024353,2.4779722690582275,28.513194247511052,8.298865379125365,0.9340254428985898,1.1358342170715332,0.7224197387695312,4.150974750518799,37.06719045943467,12.78935772472616,1.8184473818739504,0.7224197387695312,1.3645782470703125,2.2548141479492188,3.1117095947265625,6.529505729675293,1.203906774520874,4.344974517822266,1.1358342170715332,4.150974750518799
DEFOM-Stereo ViT-L ETH3D,defomstereo_vitl_eth3d.pth,native warped_gt_108,dataset_1_keyframe_2_frame_000001,1620.0951260980219,1041218,0.7943862915039063,0.9528019428253174,2.4438230991363525,28.670268858202608,8.257540687925104,0.9065344625236982,1.1358344554901123,0.726654052734375,5.45442533493042,37.072447844735684,12.48518561914988,1.860897525782305,0.726654052734375,1.3592510223388672,2.2290847301483154,3.0873730182647705,6.5897722244262695,0.0,0.0,0.0,1041218,0.7943862915039063,0.9528019428253174,2.4438230991363525,28.670268858202608,8.257540687925104,0.9065344625236982,1.1358344554901123,0.726654052734375,5.45442533493042,37.072447844735684,12.48518561914988,1.860897525782305,0.726654052734375,1.3592510223388672,2.2290847301483154,3.0873730182647705,6.5897722244262695,1.2053227424621582,5.614743709564209,1.1358344554901123,5.45442533493042
DEFOM-Stereo ViT-L ETH3D,defomstereo_vitl_eth3d.pth,native warped_gt_108,dataset_1_keyframe_2_frame_000002,1620.1086160726845,1040261,0.7936561584472657,0.9766221642494202,2.4399380683898926,29.59911022329973,8.77010673282955,0.9705256661549361,1.1732118129730225,0.7520904541015625,5.759828567504883,37.97537348799965,13.459602926573236,2.0831310603781166,0.7520904541015625,1.393402099609375,2.3177719116210938,3.2087020874023438,6.97271728515625,0.0,0.0,0.0,1040261,0.7936561584472657,0.9766221642494202,2.4399380683898926,29.59911022329973,8.77010673282955,0.9705256661549361,1.1732118129730225,0.7520904541015625,5.759828567504883,37.97537348799965,13.459602926573236,2.0831310603781166,0.7520904541015625,1.393402099609375,2.3177719116210938,3.2087020874023438,6.97271728515625,1.2402904033660889,5.913086414337158,1.1732118129730225,5.759828567504883
DEFOM-Stereo ViT-L ETH3D,defomstereo_vitl_eth3d.pth,native warped_gt_108,dataset_1_keyframe_2_frame_000003,1640.7016289886087,1020045,0.7782325744628906,0.9937366843223572,2.402493715286255,30.803150841384447,9.378703880711145,0.9606438931615762,1.1959941387176514,0.7620468139648438,5.510593414306641,39.00710262782524,14.059477768137679,2.132651010494635,0.7620468139648438,1.4379653930664062,2.386822462081909,3.288726806640625,7.162717819213867,0.0,0.0,0.0,1020045,0.7782325744628906,0.9937366843223572,2.402493715286255,30.803150841384447,9.378703880711145,0.9606438931615762,1.1959941387176514,0.7620468139648438,5.510593414306641,39.00710262782524,14.059477768137679,2.132651010494635,0.7620468139648438,1.4379653930664062,2.386822462081909,3.288726806640625,7.162717819213867,1.2628648281097412,5.673074722290039,1.1959941387176514,5.510593414306641
DEFOM-Stereo ViT-L ETH3D,defomstereo_vitl_eth3d.pth,native warped_gt_108,dataset_1_keyframe_2_frame_000004,1625.0425959005952,1009718,0.7703536987304688,1.0068359375,2.4320881366729736,31.140080695798233,9.496215775097602,1.0594047050760707,1.2185226678848267,0.7700347900390625,4.6649651527404785,39.38931464032532,14.375895051885774,2.355113011751796,0.7700347900390625,1.44476318359375,2.40350341796875,3.38092041015625,7.676517009735107,0.0,0.0,0.0,1009718,0.7703536987304688,1.0068359375,2.4320881366729736,31.140080695798233,9.496215775097602,1.0594047050760707,1.2185226678848267,0.7700347900390625,4.6649651527404785,39.38931464032532,14.375895051885774,2.355113011751796,0.7700347900390625,1.44476318359375,2.40350341796875,3.38092041015625,7.676517009735107,1.2826533317565918,4.850011348724365,1.2185226678848267,4.6649651527404785
DEFOM-Stereo ViT-L ETH3D,defomstereo_vitl_eth3d.pth,native warped_gt_108,dataset_1_keyframe_2_frame_000005,1621.6032567899674,998014,0.7614242553710937,1.021572470664978,2.4144418239593506,31.98602424414888,9.987435046001359,1.1334510337530337,1.2452658414840698,0.7888259887695312,2.4059436321258545,40.434603121799896,15.259104581699253,2.4414487171522645,0.7888259887695312,1.4864959716796875,2.4973740577697754,3.4762675762176514,8.191214561462402,0.0,0.0,0.0,998014,0.7614242553710937,1.021572470664978,2.4144418239593506,31.98602424414888,9.987435046001359,1.1334510337530337,1.2452658414840698,0.7888259887695312,2.4059436321258545,40.434603121799896,15.259104581699253,2.4414487171522645,0.7888259887695312,1.4864959716796875,2.4973740577697754,3.4762675762176514,8.191214561462402,1.3079906702041626,2.7291133403778076,1.2452658414840698,2.4059436321258545
DEFOM-Stereo ViT-L ETH3D,defomstereo_vitl_eth3d.pth,native warped_gt_108,dataset_1_keyframe_2_frame_000006,1621.7192779295146,990729,0.7558662414550781,1.00858473777771,2.3502795696258545,32.07274643217267,9.647542365268404,0.9813985459192172,1.2200798988342285,0.7883224487304688,2.293262481689453,40.50340708710455,15.162471271154876,2.1635583494578237,0.7883224487304688,1.4948577880859375,2.471339464187622,3.3878982067108154,7.226230621337891,0.0,0.0,0.0,990729,0.7558662414550781,1.00858473777771,2.3502795696258545,32.07274643217267,9.647542365268404,0.9813985459192172,1.2200798988342285,0.7883224487304688,2.293262481689453,40.50340708710455,15.162471271154876,2.1635583494578237,0.7883224487304688,1.4948577880859375,2.471339464187622,3.3878982067108154,7.226230621337891,1.3080214262008667,2.7127697467803955,1.2200798988342285,2.293262481689453
DEFOM-Stereo ViT-L ETH3D,defomstereo_vitl_eth3d.pth,native warped_gt_108,dataset_1_keyframe_2_frame_000007,1621.5041549876332,982425,0.7495307922363281,1.0109232664108276,2.319429636001587,32.2406290556531,9.698450263378884,1.0857826297172812,1.2379010915756226,0.7946319580078125,3.004046678543091,40.81705982644986,15.169504033386772,2.5151029340662134,0.7946319580078125,1.4923324584960938,2.4642181396484375,3.454911708831787,7.830887317657471,0.0,0.0,0.0,982425,0.7495307922363281,1.0109232664108276,2.319429636001587,32.2406290556531,9.698450263378884,1.0857826297172812,1.2379010915756226,0.7946319580078125,3.004046678543091,40.81705982644986,15.169504033386772,2.5151029340662134,0.7946319580078125,1.4923324584960938,2.4642181396484375,3.454911708831787,7.830887317657471,1.3204740285873413,3.342893600463867,1.2379010915756226,3.004046678543091
DEFOM-Stereo ViT-L ETH3D,defomstereo_vitl_eth3d.pth,native warped_gt_108,dataset_1_keyframe_2_frame_000008,1623.006537090987,970474,0.7404129028320312,0.9996991157531738,2.2538058757781982,31.899978773259253,9.774398901979858,1.0343399204924604,1.2307840585708618,0.7874679565429688,2.309779405593872,40.44971838503659,15.21854269150951,2.4783765458940685,0.7874679565429688,1.4773311614990234,2.4689459800720215,3.485224485397339,7.881744861602783,0.0,0.0,0.0,970474,0.7404129028320312,0.9996991157531738,2.2538058757781982,31.899978773259253,9.774398901979858,1.0343399204924604,1.2307840585708618,0.7874679565429688,2.309779405593872,40.44971838503659,15.21854269150951,2.4783765458940685,0.7874679565429688,1.4773311614990234,2.4689459800720215,3.485224485397339,7.881744861602783,1.318819522857666,2.7520086765289307,1.2307840585708618,2.309779405593872
DEFOM-Stereo ViT-L ETH3D,defomstereo_vitl_eth3d.pth,native warped_gt_108,dataset_1_keyframe_2_frame_000009,1622.112994082272,965871,0.7369010925292969,0.9769116044044495,2.2222471237182617,31.03644275477781,9.181660905027691,0.9860530029372452,1.197324514389038,0.7741928100585938,4.294741630554199,39.61688465643963,14.190714909133828,2.262620991830172,0.7741928100585938,1.4449005126953125,2.3824081420898438,3.3379592895507812,7.475176811218262,0.0,0.0,0.0,965871,0.7369010925292969,0.9769116044044495,2.2222471237182617,31.03644275477781,9.181660905027691,0.9860530029372452,1.197324514389038,0.7741928100585938,4.294741630554199,39.61688465643963,14.190714909133828,2.262620991830172,0.7741928100585938,1.4449005126953125,2.3824081420898438,3.3379592895507812,7.475176811218262,1.2966997623443604,4.58459997177124,1.197324514389038,4.294741630554199
DEFOM-Stereo ViT-L ETH3D,defomstereo_vitl_eth3d.pth,native warped_gt_108,dataset_1_keyframe_2_frame_000010,1621.368553955108,960103,0.7325004577636719,0.9487562775611877,2.1786277294158936,30.10062462048343,8.67104883538537,0.8494921899004587,1.153821349143982,0.7651290893554688,4.275134086608887,38.91197090312185,13.454702255903793,2.0048890587780686,0.7651290893554688,1.4063472747802734,2.300288438796997,3.1556906700134277,6.945367813110352,0.0,0.0,0.0,960103,0.7325004577636719,0.9487562775611877,2.1786277294158936,30.10062462048343,8.67104883538537,0.8494921899004587,1.153821349143982,0.7651290893554688,4.275134086608887,38.91197090312185,13.454702255903793,2.0048890587780686,0.7651290893554688,1.4063472747802734,2.300288438796997,3.1556906700134277,6.945367813110352,1.2736608982086182,4.604005336761475,1.153821349143982,4.275134086608887
DEFOM-Stereo ViT-L ETH3D,defomstereo_vitl_eth3d.pth,native warped_gt_108,dataset_1_keyframe_2_frame_000011,1627.6577131357044,956988,0.7301239013671875,0.9529006481170654,2.156043291091919,30.592964593077447,8.933027373383991,0.834806706040201,1.1654369831085205,0.7750778198242188,5.644305229187012,39.22922753472353,14.023582322871341,1.963556491826439,0.7750778198242188,1.4165897369384766,2.338568925857544,3.182344913482666,6.837064266204834,0.0,0.0,0.0,956988,0.7301239013671875,0.9529006481170654,2.156043291091919,30.592964593077447,8.933027373383991,0.834806706040201,1.1654369831085205,0.7750778198242188,5.644305229187012,39.22922753472353,14.023582322871341,1.963556491826439,0.7750778198242188,1.4165897369384766,2.338568925857544,3.182344913482666,6.837064266204834,1.2880278825759888,5.914784908294678,1.1654369831085205,5.644305229187012
DEFOM-Stereo ViT-L ETH3D,defomstereo_vitl_eth3d.pth,native warped_gt_108,dataset_1_keyframe_3_frame_000000,1642.6873770542443,1078309,0.8226844787597656,1.0510073900222778,1.476527452468872,40.135527014983644,14.372874565639348,0.3196671825979381,1.3092964887619019,0.8702621459960938,4.648832321166992,44.659091225242484,20.315698004931797,2.3684305704580044,0.8702621459960938,1.7236099243164062,2.9912109375,3.9140610694885254,6.714976787567139,0.0,0.0,0.0,1078309,0.8226844787597656,1.0510073900222778,1.476527452468872,40.135527014983644,14.372874565639348,0.3196671825979381,1.3092964887619019,0.8702621459960938,4.648832321166992,44.659091225242484,20.315698004931797,2.3684305704580044,0.8702621459960938,1.7236099243164062,2.9912109375,3.9140610694885254,6.714976787567139,1.6039681434631348,5.05816125869751,1.3092964887619019,4.648832321166992
DEFOM-Stereo ViT-L ETH3D,defomstereo_vitl_eth3d.pth,native warped_gt_108,dataset_1_keyframe_3_frame_000001,1624.3914170190692,1094734,0.8352157592773437,1.2908464670181274,1.817703366279602,46.46105812005473,19.582565262429046,1.6483456255126816,1.5411497354507446,1.0008010864257812,5.237449645996094,50.03781740587211,23.36503662076815,4.919642579841313,1.0008010864257812,1.8975458145141602,3.5169129371643066,4.969287395477295,8.36117935180664,0.0,0.0,0.0,1094734,0.8352157592773437,1.2908464670181274,1.817703366279602,46.46105812005473,19.582565262429046,1.6483456255126816,1.5411497354507446,1.0008010864257812,5.237449645996094,50.03781740587211,23.36503662076815,4.919642579841313,1.0008010864257812,1.8975458145141602,3.5169129371643066,4.969287395477295,8.36117935180664,1.838569164276123,5.5920186042785645,1.5411497354507446,5.237449645996094
DEFOM-Stereo ViT-L ETH3D,defomstereo_vitl_eth3d.pth,native warped_gt_108,dataset_1_keyframe_3_frame_000002,1628.6028570029885,1095119,0.8355094909667968,1.2986290454864502,1.830513834953308,46.96530696664015,19.8446013629569,1.6749777878020562,1.5510071516036987,1.0078887939453125,6.247035980224609,50.33096859793319,23.633687297910093,4.953525598587916,1.0078887939453125,1.9141101837158203,3.519287109375,4.981468200683594,8.349742889404297,0.0,0.0,0.0,1095119,0.8355094909667968,1.2986290454864502,1.830513834953308,46.96530696664015,19.8446013629569,1.6749777878020562,1.5510071516036987,1.0078887939453125,6.247035980224609,50.33096859793319,23.633687297910093,4.953525598587916,1.0078887939453125,1.9141101837158203,3.519287109375,4.981468200683594,8.349742889404297,1.8459646701812744,6.5454020500183105,1.5510071516036987,6.247035980224609
DEFOM-Stereo ViT-L ETH3D,defomstereo_vitl_eth3d.pth,native warped_gt_108,dataset_1_keyframe_3_frame_000003,1628.2517919316888,1094940,0.8353729248046875,1.2979345321655273,1.8321646451950073,46.76530220834018,19.888852357206787,1.7080387966463915,1.551905870437622,1.0026016235351562,6.494079113006592,50.116170749082144,23.741209563994374,4.915611814345992,1.0026016235351562,1.9229888916015625,3.5108680725097656,4.965106964111328,8.393694877624512,0.0,0.0,0.0,1094940,0.8353729248046875,1.2979345321655273,1.8321646451950073,46.76530220834018,19.888852357206787,1.7080387966463915,1.551905870437622,1.0026016235351562,6.494079113006592,50.116170749082144,23.741209563994374,4.915611814345992,1.0026016235351562,1.9229888916015625,3.5108680725097656,4.965106964111328,8.393694877624512,1.8529205322265625,6.784459114074707,1.551905870437622,6.494079113006592
DEFOM-Stereo ViT-L ETH3D,defomstereo_vitl_eth3d.pth,native warped_gt_108,dataset_1_keyframe_3_frame_000004,1627.4363198317587,1094753,0.8352302551269531,1.2842528820037842,1.821182370185852,46.1341508084472,19.576927398235036,1.6681388404507682,1.5333138704299927,0.9890594482421875,6.356017112731934,49.49390410439615,23.364631108569693,4.777698713773792,0.9890594482421875,1.895477294921875,3.476593017578125,4.907426357269287,8.355711936950684,0.0,0.0,0.0,1094753,0.8352302551269531,1.2842528820037842,1.821182370185852,46.1341508084472,19.576927398235036,1.6681388404507682,1.5333138704299927,0.9890594482421875,6.356017112731934,49.49390410439615,23.364631108569693,4.777698713773792,0.9890594482421875,1.895477294921875,3.476593017578125,4.907426357269287,8.355711936950684,1.8379045724868774,6.653708457946777,1.5333138704299927,6.356017112731934
DEFOM-Stereo ViT-L ETH3D,defomstereo_vitl_eth3d.pth,native warped_gt_108,dataset_1_keyframe_3_frame_000005,1629.1308437939733,1094301,0.8348854064941407,1.2837592363357544,1.8131000995635986,46.12314162191207,19.567833713027767,1.6157346104956498,1.5317230224609375,0.9905548095703125,5.973691940307617,49.5859000402997,23.246072150167095,4.80324883190274,0.9905548095703125,1.8871536254882812,3.496246337890625,4.921409606933594,8.284507751464844,0.0,0.0,0.0,1094301,0.8348854064941407,1.2837592363357544,1.8131000995635986,46.12314162191207,19.567833713027767,1.6157346104956498,1.5317230224609375,0.9905548095703125,5.973691940307617,49.5859000402997,23.246072150167095,4.80324883190274,0.9905548095703125,1.8871536254882812,3.496246337890625,4.921409606933594,8.284507751464844,1.8334558010101318,6.288470268249512,1.5317230224609375,5.973691940307617
DEFOM-Stereo ViT-L ETH3D,defomstereo_vitl_eth3d.pth,native warped_gt_108,dataset_1_keyframe_3_frame_000006,1626.8858320545405,1094448,0.83499755859375,1.3054395914077759,1.8367962837219238,47.379957750391064,20.021965410873793,1.7058827829188778,1.5624799728393555,1.0207328796386719,7.433463096618652,50.89067730947473,23.745669049603087,4.900278496557169,1.0207328796386719,1.9224109649658203,3.5310299396514893,4.960014343261719,8.321051597595215,0.0,0.0,0.0,1094448,0.83499755859375,1.3054395914077759,1.8367962837219238,47.379957750391064,20.021965410873793,1.7058827829188778,1.5624799728393555,1.0207328796386719,7.433463096618652,50.89067730947473,23.745669049603087,4.900278496557169,1.0207328796386719,1.9224109649658203,3.5310299396514893,4.960014343261719,8.321051597595215,1.8594390153884888,7.686386585235596,1.5624799728393555,7.433463096618652
DEFOM-Stereo ViT-L ETH3D,defomstereo_vitl_eth3d.pth,native warped_gt_108,dataset_1_keyframe_3_frame_000007,1629.228136036545,1093993,0.8346504211425781,1.3104603290557861,1.8373535871505737,47.757343968380056,20.151408647038874,1.6873965372721764,1.562002182006836,1.0276145935058594,5.406357765197754,51.15572037481044,23.878306351137528,5.035041357668651,1.0276145935058594,1.9299545288085938,3.549381971359253,5.014947414398193,8.339654922485352,0.0,0.0,0.0,1093993,0.8346504211425781,1.3104603290557861,1.8373535871505737,47.757343968380056,20.151408647038874,1.6873965372721764,1.562002182006836,1.0276145935058594,5.406357765197754,51.15572037481044,23.878306351137528,5.035041357668651,1.0276145935058594,1.9299545288085938,3.549381971359253,5.014947414398193,8.339654922485352,1.852378487586975,5.745138168334961,1.562002182006836,5.406357765197754
DEFOM-Stereo ViT-L ETH3D,defomstereo_vitl_eth3d.pth,native warped_gt_108,dataset_1_keyframe_3_frame_000008,1653.8113849237561,1094220,0.8348236083984375,1.304999589920044,1.8243666887283325,47.554970664034656,19.989398841183675,1.6559741185502002,1.5489532947540283,1.021148681640625,5.262172698974609,50.928241121529496,23.696514412092633,4.823435872128091,1.021148681640625,1.9162540435791016,3.5187320709228516,4.926109790802002,8.2575044631958,0.0,0.0,0.0,1094220,0.8348236083984375,1.304999589920044,1.8243666887283325,47.554970664034656,19.989398841183675,1.6559741185502002,1.5489532947540283,1.021148681640625,5.262172698974609,50.928241121529496,23.696514412092633,4.823435872128091,1.021148681640625,1.9162540435791016,3.5187320709228516,4.926109790802002,8.2575044631958,1.8444920778274536,5.612894535064697,1.5489532947540283,5.262172698974609
DEFOM-Stereo ViT-L ETH3D,defomstereo_vitl_eth3d.pth,native warped_gt_108,dataset_1_keyframe_3_frame_000009,1629.9532249104232,1094255,0.8348503112792969,1.3019561767578125,1.8304916620254517,47.44186684091002,19.87297293592444,1.6712740631754024,1.546165943145752,1.0182876586914062,5.092680931091309,50.818319313139995,23.72171020465979,4.778959200551974,1.0182876586914062,1.9188346862792969,3.509526014328003,4.9107346534729,8.24423599243164,0.0,0.0,0.0,1094255,0.8348503112792969,1.3019561767578125,1.8304916620254517,47.44186684091002,19.87297293592444,1.6712740631754024,1.546165943145752,1.0182876586914062,5.092680931091309,50.818319313139995,23.72171020465979,4.778959200551974,1.0182876586914062,1.9188346862792969,3.509526014328003,4.9107346534729,8.24423599243164,1.8432790040969849,5.456381320953369,1.546165943145752,5.092680931091309
DEFOM-Stereo ViT-L ETH3D,defomstereo_vitl_eth3d.pth,native warped_gt_108,dataset_1_keyframe_3_frame_000010,1628.7273780908436,1092740,0.8336944580078125,1.2984657287597656,1.8197139501571655,47.297252777421896,19.81550963632703,1.6633416915277193,1.5412142276763916,1.0160369873046875,5.091355323791504,50.69403517762689,23.54805351684756,4.77798927466735,1.0160369873046875,1.9087419509887695,3.5000030994415283,4.908387184143066,8.220849990844727,0.0,0.0,0.0,1092740,0.8336944580078125,1.2984657287597656,1.8197139501571655,47.297252777421896,19.81550963632703,1.6633416915277193,1.5412142276763916,1.0160369873046875,5.091355323791504,50.69403517762689,23.54805351684756,4.77798927466735,1.0160369873046875,1.9087419509887695,3.5000030994415283,4.908387184143066,8.220849990844727,1.838922142982483,5.454846382141113,1.5412142276763916,5.091355323791504
DEFOM-Stereo ViT-L ETH3D,defomstereo_vitl_eth3d.pth,native warped_gt_108,dataset_1_keyframe_3_frame_000011,1629.5616410207003,1092305,0.8333625793457031,1.2995655536651611,1.8203438520431519,47.28523626642742,19.862492618819836,1.6464265933049833,1.546402931213379,1.0146141052246094,6.131481170654297,50.652519213955806,23.480529705530966,4.808455513798802,1.0146141052246094,1.904266357421875,3.5091171264648438,4.925210475921631,8.272595405578613,0.0,0.0,0.0,1092305,0.8333625793457031,1.2995655536651611,1.8203438520431519,47.28523626642742,19.862492618819836,1.6464265933049833,1.546402931213379,1.0146141052246094,6.131481170654297,50.652519213955806,23.480529705530966,4.808455513798802,1.0146141052246094,1.904266357421875,3.5091171264648438,4.925210475921631,8.272595405578613,1.8422330617904663,6.434304237365723,1.546402931213379,6.131481170654297
DEFOM-Stereo ViT-L ETH3D,defomstereo_vitl_eth3d.pth,native warped_gt_108,dataset_5_keyframe_1_frame_000000,1629.1562439873815,890671,0.6795280456542969,113.7798080444336,161.84088134765625,98.03664877378965,96.2155498494955,91.72084866353569,26.103910446166992,23.44249725341797,32.588050842285156,95.96540136593646,92.26425919334973,81.93339628212887,23.44249725341797,44.8767204284668,52.12709045410156,55.32258605957031,61.07944869995117,0.0,0.0,0.0,890671,0.6795280456542969,113.7798080444336,161.84088134765625,98.03664877378965,96.2155498494955,91.72084866353569,26.103910446166992,23.44249725341797,32.588050842285156,95.96540136593646,92.26425919334973,81.93339628212887,23.44249725341797,44.8767204284668,52.12709045410156,55.32258605957031,61.07944869995117,26.103870391845703,32.588008880615234,26.103910446166992,32.588050842285156
DEFOM-Stereo ViT-L ETH3D,defomstereo_vitl_eth3d.pth,native warped_gt_108,dataset_5_keyframe_1_frame_000001,1629.6418108977377,881029,0.6721717834472656,96.24465942382812,146.67416381835938,98.34806799776172,96.70782687062514,91.67269181831699,23.284549713134766,18.51824951171875,29.528928756713867,97.06990348785341,93.08921726753603,82.58252566033582,18.51824951171875,38.825439453125,50.71115493774414,54.36540603637695,61.00447463989258,0.0,0.0,0.0,881029,0.6721717834472656,96.24465942382812,146.67416381835938,98.34806799776172,96.70782687062514,91.67269181831699,23.284549713134766,18.51824951171875,29.528928756713867,97.06990348785341,93.08921726753603,82.58252566033582,18.51824951171875,38.825439453125,50.71115493774414,54.36540603637695,61.00447463989258,23.270112991333008,29.509746551513672,23.284549713134766,29.528928756713867
DEFOM-Stereo ViT-L ETH3D,defomstereo_vitl_eth3d.pth,native warped_gt_108,dataset_5_keyframe_1_frame_000002,1628.5466060508043,876011,0.6683433532714844,88.90028381347656,131.78408813476562,97.61464182527388,95.27083564019173,90.0114267971521,22.94641876220703,18.896177291870117,29.257692337036133,95.11147691067806,90.78470475827358,78.3162540196413,18.896177291870117,38.26252365112305,49.69807434082031,53.057369232177734,59.93520736694336,0.0,0.0,0.0,876011,0.6683433532714844,88.90028381347656,131.78408813476562,97.61464182527388,95.27083564019173,90.0114267971521,22.94641876220703,18.896177291870117,29.257692337036133,95.11147691067806,90.78470475827358,78.3162540196413,18.896177291870117,38.26252365112305,49.69807434082031,53.057369232177734,59.93520736694336,22.94635772705078,29.257625579833984,22.94641876220703,29.257692337036133
DEFOM-Stereo ViT-L ETH3D,defomstereo_vitl_eth3d.pth,native warped_gt_108,dataset_5_keyframe_1_frame_000003,1630.8198480401188,871257,0.6647163391113281,125.1519775390625,176.17684936523438,98.37384376825666,96.54005649308986,90.9829131932369,26.213977813720703,24.397159576416016,32.82973098754883,96.1541772404698,91.90640649085172,80.06868237500531,24.397159576416016,45.41252136230469,52.03533935546875,55.32442855834961,60.5332145690918,0.0,0.0,0.0,871257,0.6647163391113281,125.1519775390625,176.17684936523438,98.37384376825666,96.54005649308986,90.9829131932369,26.213977813720703,24.397159576416016,32.82973098754883,96.1541772404698,91.90640649085172,80.06868237500531,24.397159576416016,45.41252136230469,52.03533935546875,55.32442855834961,60.5332145690918,26.20785903930664,32.82279586791992,26.213977813720703,32.82973098754883
DEFOM-Stereo ViT-L ETH3D,defomstereo_vitl_eth3d.pth,native warped_gt_108,dataset_5_keyframe_1_frame_000004,1640.6217869371176,862554,0.6580764770507812,104.5637435913086,152.48097229003906,98.9148505484874,97.60838162016523,93.14744352237658,24.457860946655273,21.065092086791992,30.689754486083984,97.39158359940363,93.80989480078928,82.25003883814811,21.065092086791992,41.08564758300781,50.74747848510742,54.29410934448242,60.35303497314453,0.0,0.0,0.0,862554,0.6580764770507812,104.5637435913086,152.48097229003906,98.9148505484874,97.60838162016523,93.14744352237658,24.457860946655273,21.065092086791992,30.689754486083984,97.39158359940363,93.80989480078928,82.25003883814811,21.065092086791992,41.08564758300781,50.74747848510742,54.29410934448242,60.35303497314453,24.45652961730957,30.68825340270996,24.457860946655273,30.689754486083984
DEFOM-Stereo ViT-L ETH3D,defomstereo_vitl_eth3d.pth,native warped_gt_108,dataset_5_keyframe_1_frame_000005,1648.4357190784067,853358,0.6510604858398438,112.06586456298828,158.84300231933594,98.24528509722767,96.65579979328723,93.38718333923161,25.60228157043457,23.604087829589844,31.53942108154297,96.56767734057688,93.68565127414286,83.78324220315505,23.604087829589844,42.0248908996582,51.00673294067383,54.4206428527832,60.420204162597656,0.0,0.0,0.0,853358,0.6510604858398438,112.06586456298828,158.84300231933594,98.24528509722767,96.65579979328723,93.38718333923161,25.60228157043457,23.604087829589844,31.53942108154297,96.56767734057688,93.68565127414286,83.78324220315505,23.604087829589844,42.0248908996582,51.00673294067383,54.4206428527832,60.420204162597656,25.597063064575195,31.53318214416504,25.60228157043457,31.53942108154297
DEFOM-Stereo ViT-L ETH3D,defomstereo_vitl_eth3d.pth,native warped_gt_108,dataset_5_keyframe_1_frame_000006,1631.344985915348,845785,0.6452827453613281,129.25904846191406,173.71670532226562,98.3475706000934,96.4498069840444,90.76396483739958,27.845928192138672,31.34427833557129,34.302223205566406,95.10998658051396,90.9261810034465,79.42313945033312,31.34427833557129,47.179195404052734,52.65251541137695,55.37652587890625,59.9948844909668,0.0,0.0,0.0,845785,0.6452827453613281,129.25904846191406,173.71670532226562,98.3475706000934,96.4498069840444,90.76396483739958,27.845928192138672,31.34427833557129,34.302223205566406,95.10998658051396,90.9261810034465,79.42313945033312,31.34427833557129,47.179195404052734,52.65251541137695,55.37652587890625,59.9948844909668,27.845928192138672,34.302223205566406,27.845928192138672,34.302223205566406
DEFOM-Stereo ViT-L ETH3D,defomstereo_vitl_eth3d.pth,native warped_gt_108,dataset_5_keyframe_1_frame_000007,1631.2668141908944,835088,0.63712158203125,132.85792541503906,181.29840087890625,99.30258846971816,98.51333033165368,95.2000268235204,27.73563003540039,29.376026153564453,33.73294448852539,97.92081792577548,95.66704347326271,83.07555610905678,29.376026153564453,46.11219787597656,51.77314758300781,54.80759811401367,60.1505241394043,0.0,0.0,0.0,835088,0.63712158203125,132.85792541503906,181.29840087890625,99.30258846971816,98.51333033165368,95.2000268235204,27.73563003540039,29.376026153564453,33.73294448852539,97.92081792577548,95.66704347326271,83.07555610905678,29.376026153564453,46.11219787597656,51.77314758300781,54.80759811401367,60.1505241394043,27.73563003540039,33.73294448852539,27.73563003540039,33.73294448852539
DEFOM-Stereo ViT-L ETH3D,defomstereo_vitl_eth3d.pth,native warped_gt_108,dataset_5_keyframe_1_frame_000008,1633.5743479430676,825039,0.6294548034667968,133.85977172851562,181.6219940185547,98.99495660205154,97.88870586723779,93.52224561505578,28.103776931762695,30.182632446289062,34.5921745300293,96.73166965440421,93.22856252855925,79.83537747912523,30.182632446289062,47.5817985534668,53.063682556152344,56.075401306152344,60.22836685180664,0.0,0.0,0.0,825039,0.6294548034667968,133.85977172851562,181.6219940185547,98.99495660205154,97.88870586723779,93.52224561505578,28.103776931762695,30.182632446289062,34.5921745300293,96.73166965440421,93.22856252855925,79.83537747912523,30.182632446289062,47.5817985534668,53.063682556152344,56.075401306152344,60.22836685180664,28.103776931762695,34.5921745300293,28.103776931762695,34.5921745300293
DEFOM-Stereo ViT-L ETH3D,defomstereo_vitl_eth3d.pth,native warped_gt_108,dataset_5_keyframe_1_frame_000009,1634.337997995317,816370,0.6228408813476562,121.97834014892578,171.6422576904297,98.76330585396327,97.49880568859707,92.80559060230043,26.61795425415039,27.285579681396484,33.14906311035156,96.25610936217647,92.2094148486593,80.3164006516653,27.285579681396484,45.75571823120117,52.27141189575195,55.279571533203125,60.2222785949707,0.0,0.0,0.0,816370,0.6228408813476562,121.97834014892578,171.6422576904297,98.76330585396327,97.49880568859707,92.80559060230043,26.61795425415039,27.285579681396484,33.14906311035156,96.25610936217647,92.2094148486593,80.3164006516653,27.285579681396484,45.75571823120117,52.27141189575195,55.279571533203125,60.2222785949707,26.61795425415039,33.14906311035156,26.61795425415039,33.14906311035156
DEFOM-Stereo ViT-L ETH3D,defomstereo_vitl_eth3d.pth,native warped_gt_108,dataset_5_keyframe_1_frame_000010,1631.3411560840905,813219,0.6204368591308593,124.9892578125,171.40188598632812,98.42895948077947,96.94461147612144,91.89271278708442,27.284900665283203,28.704143524169922,33.72728729248047,95.9339366148602,92.02994519311525,79.74838266198896,28.704143524169922,46.174171447753906,52.438350677490234,55.331214904785156,60.16801071166992,0.0,0.0,0.0,813219,0.6204368591308593,124.9892578125,171.40188598632812,98.42895948077947,96.94461147612144,91.89271278708442,27.284900665283203,28.704143524169922,33.72728729248047,95.9339366148602,92.02994519311525,79.74838266198896,28.704143524169922,46.174171447753906,52.438350677490234,55.331214904785156,60.16801071166992,27.284900665283203,33.72728729248047,27.284900665283203,33.72728729248047
DEFOM-Stereo ViT-L ETH3D,defomstereo_vitl_eth3d.pth,native warped_gt_108,dataset_5_keyframe_1_frame_000011,1631.9868848659098,805159,0.6142875671386718,111.70860290527344,155.4391632080078,98.49992361757118,96.95401777785506,92.169621155573,26.076231002807617,24.97440528869629,32.36594772338867,96.03531724789762,92.06690852365807,81.7624841801433,24.97440528869629,44.66857147216797,51.75675964355469,54.40215301513672,59.4525032043457,0.0,0.0,0.0,805159,0.6142875671386718,111.70860290527344,155.4391632080078,98.49992361757118,96.95401777785506,92.169621155573,26.076231002807617,24.97440528869629,32.36594772338867,96.03531724789762,92.06690852365807,81.7624841801433,24.97440528869629,44.66857147216797,51.75675964355469,54.40215301513672,59.4525032043457,26.07622528076172,32.365943908691406,26.076231002807617,32.36594772338867
DEFOM-Stereo ViT-L ETH3D,defomstereo_vitl_eth3d.pth,native warped_gt_108,dataset_5_keyframe_2_frame_000000,1631.2855249270797,709275,0.5411338806152344,92.59233093261719,116.18516540527344,99.2975926121744,98.6256388565789,96.62387649360262,18.13839340209961,15.92495346069336,836.8565673828125,97.8989813541997,95.73367170702478,83.62525113672412,15.92495346069336,24.530685424804688,36.05414962768555,38.15067672729492,39.94840621948242,0.0,0.0,0.0,709275,0.5411338806152344,92.59233093261719,116.18516540527344,99.2975926121744,98.6256388565789,96.62387649360262,18.13839340209961,15.92495346069336,836.8565673828125,97.8989813541997,95.73367170702478,83.62525113672412,15.92495346069336,24.530685424804688,36.05414962768555,38.15067672729492,39.94840621948242,18.13839340209961,836.8565673828125,18.13839340209961,836.8565673828125
DEFOM-Stereo ViT-L ETH3D,defomstereo_vitl_eth3d.pth,native warped_gt_108,dataset_5_keyframe_2_frame_000001,1652.837550966069,701952,0.535546875,63.77431106567383,92.93640899658203,97.21376960247994,94.5174313913202,86.74296818016046,12.659956932067871,7.76057243347168,841.5206909179688,93.28287404266959,86.52229782093363,65.3070295404814,7.76057243347168,17.17582130432129,31.04294204711914,35.19521713256836,38.39560317993164,0.0,0.0,0.0,701952,0.535546875,63.77431106567383,92.93640899658203,97.21376960247994,94.5174313913202,86.74296818016046,12.659956932067871,7.76057243347168,841.5206909179688,93.28287404266959,86.52229782093363,65.3070295404814,7.76057243347168,17.17582130432129,31.04294204711914,35.19521713256836,38.39560317993164,12.659956932067871,841.5206909179688,12.659956932067871,841.5206909179688
DEFOM-Stereo ViT-L ETH3D,defomstereo_vitl_eth3d.pth,native warped_gt_108,dataset_5_keyframe_2_frame_000002,1639.1192059963942,693453,0.5290626525878906,81.65896606445312,108.62909698486328,98.86812804905307,97.75932903888224,94.50402550713602,15.234047889709473,12.71829605102539,21.489990234375,96.2288720360284,92.41967371977626,77.3259326875794,12.71829605102539,22.56747817993164,34.09393310546875,37.72447204589844,39.59889602661133,0.0,0.0,0.0,693453,0.5290626525878906,81.65896606445312,108.62909698486328,98.86812804905307,97.75932903888224,94.50402550713602,15.234047889709473,12.71829605102539,21.489990234375,96.2288720360284,92.41967371977626,77.3259326875794,12.71829605102539,22.56747817993164,34.09393310546875,37.72447204589844,39.59889602661133,15.234047889709473,21.489990234375,15.234047889709473,21.489990234375
DEFOM-Stereo ViT-L ETH3D,defomstereo_vitl_eth3d.pth,native warped_gt_108,dataset_5_keyframe_2_frame_000003,1633.0170000437647,681329,0.5198127746582031,79.52893829345703,103.82206726074219,98.77063797372489,97.55976921575333,94.27794795172376,16.21852684020996,13.474353790283203,855.183837890625,95.6807944473228,91.76990851703069,78.25940184551075,13.474353790283203,22.410337448120117,31.73029327392578,36.64248275756836,38.857093811035156,0.0,0.0,0.0,681329,0.5198127746582031,79.52893829345703,103.82206726074219,98.77063797372489,97.55976921575333,94.27794795172376,16.21852684020996,13.474353790283203,855.183837890625,95.6807944473228,91.76990851703069,78.25940184551075,13.474353790283203,22.410337448120117,31.73029327392578,36.64248275756836,38.857093811035156,16.21852684020996,855.183837890625,16.21852684020996,855.183837890625
DEFOM-Stereo ViT-L ETH3D,defomstereo_vitl_eth3d.pth,native warped_gt_108,dataset_5_keyframe_2_frame_000004,1633.1440310459584,669610,0.5108718872070312,74.68533325195312,103.2839126586914,98.21552844192888,96.43060886187482,90.89708935051746,14.44895076751709,10.171788215637207,863.033203125,95.47736742282822,90.04047131912606,73.6012006989143,10.171788215637207,20.340679168701172,28.645263671875,36.9605712890625,39.29569625854492,0.0,0.0,0.0,669610,0.5108718872070312,74.68533325195312,103.2839126586914,98.21552844192888,96.43060886187482,90.89708935051746,14.44895076751709,10.171788215637207,863.033203125,95.47736742282822,90.04047131912606,73.6012006989143,10.171788215637207,20.340679168701172,28.645263671875,36.9605712890625,39.29569625854492,14.44895076751709,863.033203125,14.44895076751709,863.033203125
DEFOM-Stereo ViT-L ETH3D,defomstereo_vitl_eth3d.pth,native warped_gt_108,dataset_5_keyframe_2_frame_000005,1634.616011986509,655408,0.50003662109375,71.41943359375,94.55923461914062,99.04654810438689,98.02947171838,94.77485779850109,14.89647102355957,12.225357055664062,872.8172607421875,96.69732441471572,92.80936454849498,79.58706637697435,12.225357055664062,20.030975341796875,25.89582061767578,35.228878021240234,38.05158996582031,0.0,0.0,0.0,655408,0.50003662109375,71.41943359375,94.55923461914062,99.04654810438689,98.02947171838,94.77485779850109,14.89647102355957,12.225357055664062,872.8172607421875,96.69732441471572,92.80936454849498,79.58706637697435,12.225357055664062,20.030975341796875,25.89582061767578,35.228878021240234,38.05158996582031,14.89647102355957,872.8172607421875,14.89647102355957,872.8172607421875
DEFOM-Stereo ViT-L ETH3D,defomstereo_vitl_eth3d.pth,native warped_gt_108,dataset_5_keyframe_2_frame_000006,1631.5201581455767,643648,0.491064453125,69.97718048095703,92.168701171875,98.40875758178383,96.69446654071791,91.7906992641941,14.816690444946289,11.437926292419434,881.2281494140625,95.57693024758875,90.97488068012329,75.82933528885354,11.437926292419434,20.36789321899414,29.90708351135254,34.8932991027832,38.190460205078125,0.0,0.0,0.0,643648,0.491064453125,69.97718048095703,92.168701171875,98.40875758178383,96.69446654071791,91.7906992641941,14.816690444946289,11.437926292419434,881.2281494140625,95.57693024758875,90.97488068012329,75.82933528885354,11.437926292419434,20.36789321899414,29.90708351135254,34.8932991027832,38.190460205078125,14.816690444946289,881.2281494140625,14.816690444946289,881.2281494140625
DEFOM-Stereo ViT-L ETH3D,defomstereo_vitl_eth3d.pth,native warped_gt_108,dataset_5_keyframe_2_frame_000007,1631.6855610348284,637224,0.486163330078125,109.1389389038086,136.02044677734375,99.3138990370733,98.63721391535788,96.36093430253726,18.42830467224121,17.33220100402832,24.746694564819336,97.37062634175737,94.35504626316649,80.44282701216527,17.33220100402832,29.12601089477539,37.12779998779297,38.555702209472656,40.06281661987305,0.0,0.0,0.0,637224,0.486163330078125,109.1389389038086,136.02044677734375,99.3138990370733,98.63721391535788,96.36093430253726,18.42830467224121,17.33220100402832,24.746694564819336,97.37062634175737,94.35504626316649,80.44282701216527,17.33220100402832,29.12601089477539,37.12779998779297,38.555702209472656,40.06281661987305,18.42830467224121,24.746694564819336,18.42830467224121,24.746694564819336
DEFOM-Stereo ViT-L ETH3D,defomstereo_vitl_eth3d.pth,native warped_gt_108,dataset_5_keyframe_2_frame_000008,1635.0808090064675,626332,0.4778533935546875,83.18608856201172,108.03219604492188,99.28264881883729,98.59451536884592,96.42633619230696,15.627094268798828,14.834765434265137,20.726177215576172,97.700740182523,95.03953174993454,79.71155872604305,14.834765434265137,21.7759952545166,34.61970901489258,37.779754638671875,39.55161666870117,0.0,0.0,0.0,626332,0.4778533935546875,83.18608856201172,108.03219604492188,99.28264881883729,98.59451536884592,96.42633619230696,15.627094268798828,14.834765434265137,20.726177215576172,97.700740182523,95.03953174993454,79.71155872604305,14.834765434265137,21.7759952545166,34.61970901489258,37.779754638671875,39.55161666870117,15.627094268798828,20.726177215576172,15.627094268798828,20.726177215576172
DEFOM-Stereo ViT-L ETH3D,defomstereo_vitl_eth3d.pth,native warped_gt_108,dataset_5_keyframe_2_frame_000009,1632.0196650922298,619761,0.4728401184082031,78.86512756347656,101.52822875976562,98.95992164721562,97.91419595618311,94.72603148633102,14.996021270751953,14.0936279296875,20.106670379638672,96.73648390266571,93.32387807558075,80.13185728046778,14.0936279296875,21.914249420166016,28.638324737548828,34.996124267578125,38.43427276611328,0.0,0.0,0.0,619761,0.4728401184082031,78.86512756347656,101.52822875976562,98.95992164721562,97.91419595618311,94.72603148633102,14.996021270751953,14.0936279296875,20.106670379638672,96.73648390266571,93.32387807558075,80.13185728046778,14.0936279296875,21.914249420166016,28.638324737548828,34.996124267578125,38.43427276611328,14.996021270751953,20.106670379638672,14.996021270751953,20.106670379638672
DEFOM-Stereo ViT-L ETH3D,defomstereo_vitl_eth3d.pth,native warped_gt_108,dataset_5_keyframe_2_frame_000010,1660.055065061897,613048,0.467718505859375,73.16680145263672,106.99070739746094,98.2084600227062,96.32263705288983,90.88586864323838,12.825847625732422,9.413440704345703,18.738555908203125,95.22533308974175,90.23290182824184,71.88490950137673,9.413440704345703,18.394577026367188,29.433927536010742,37.47847366333008,40.409996032714844,0.0,0.0,0.0,613048,0.467718505859375,73.16680145263672,106.99070739746094,98.2084600227062,96.32263705288983,90.88586864323838,12.825847625732422,9.413440704345703,18.738555908203125,95.22533308974175,90.23290182824184,71.88490950137673,9.413440704345703,18.394577026367188,29.433927536010742,37.47847366333008,40.409996032714844,12.825847625732422,18.738555908203125,12.825847625732422,18.738555908203125
DEFOM-Stereo ViT-L ETH3D,defomstereo_vitl_eth3d.pth,native warped_gt_108,dataset_5_keyframe_2_frame_000011,1632.5202421285212,605400,0.461883544921875,79.19949340820312,98.27388763427734,99.28807400066071,98.56640237859267,96.35860588040964,15.6572847366333,15.349968910217285,19.67742347717285,97.79352494218698,95.3207796498183,81.80393128510076,15.349968910217285,22.431533813476562,30.849430084228516,34.983455657958984,37.73345947265625,0.0,0.0,0.0,605400,0.461883544921875,79.19949340820312,98.27388763427734,99.28807400066071,98.56640237859267,96.35860588040964,15.6572847366333,15.349968910217285,19.67742347717285,97.79352494218698,95.3207796498183,81.80393128510076,15.349968910217285,22.431533813476562,30.849430084228516,34.983455657958984,37.73345947265625,15.6572847366333,19.67742347717285,15.6572847366333,19.67742347717285
DEFOM-Stereo ViT-L ETH3D,defomstereo_vitl_eth3d.pth,native warped_gt_108,dataset_5_keyframe_3_frame_000000,1632.476971950382,858663,0.6551078796386719,147.53231811523438,174.2161865234375,99.39743531513527,98.74933472153802,97.03818611026678,24.009986877441406,26.696395874023438,27.385990142822266,96.36784163286411,93.8970236285947,87.93356648650285,26.696395874023438,36.01309585571289,39.95841598510742,41.775733947753906,43.851356506347656,0.0,0.0,0.0,858663,0.6551078796386719,147.53231811523438,174.2161865234375,99.39743531513527,98.74933472153802,97.03818611026678,24.009986877441406,26.696395874023438,27.385990142822266,96.36784163286411,93.8970236285947,87.93356648650285,26.696395874023438,36.01309585571289,39.95841598510742,41.775733947753906,43.851356506347656,24.009986877441406,27.385990142822266,24.009986877441406,27.385990142822266
DEFOM-Stereo ViT-L ETH3D,defomstereo_vitl_eth3d.pth,native warped_gt_108,dataset_5_keyframe_3_frame_000001,1636.0900439321995,857121,0.6539314270019532,146.26275634765625,171.67007446289062,99.45573612127109,98.8503373502691,96.98945656447573,24.009904861450195,25.656421661376953,27.300331115722656,96.57551267557322,94.11471659193977,88.99361933729311,25.656421661376953,36.003570556640625,39.790794372558594,40.8788948059082,42.57671356201172,0.0,0.0,0.0,857121,0.6539314270019532,146.26275634765625,171.67007446289062,99.45573612127109,98.8503373502691,96.98945656447573,24.009904861450195,25.656421661376953,27.300331115722656,96.57551267557322,94.11471659193977,88.99361933729311,25.656421661376953,36.003570556640625,39.790794372558594,40.8788948059082,42.57671356201172,24.009904861450195,27.300331115722656,24.009904861450195,27.300331115722656
DEFOM-Stereo ViT-L ETH3D,defomstereo_vitl_eth3d.pth,native warped_gt_108,dataset_5_keyframe_3_frame_000002,1633.4246948827058,858589,0.6550514221191406,142.34776306152344,168.87588500976562,99.41485390565218,98.80420084580632,96.7500165969981,23.820566177368164,24.765483856201172,27.411378860473633,96.31849464644901,93.37075131407461,87.97853221972329,24.765483856201172,36.094825744628906,40.1888542175293,41.340274810791016,43.017459869384766,0.0,0.0,0.0,858589,0.6550514221191406,142.34776306152344,168.87588500976562,99.41485390565218,98.80420084580632,96.7500165969981,23.820566177368164,24.765483856201172,27.411378860473633,96.31849464644901,93.37075131407461,87.97853221972329,24.765483856201172,36.094825744628906,40.1888542175293,41.340274810791016,43.017459869384766,23.820566177368164,27.411378860473633,23.820566177368164,27.411378860473633
DEFOM-Stereo ViT-L ETH3D,defomstereo_vitl_eth3d.pth,native warped_gt_108,dataset_5_keyframe_3_frame_000003,1635.807568905875,854245,0.6517372131347656,136.5059051513672,161.181396484375,99.56300592921235,99.12577773355419,97.80109921626699,23.549571990966797,23.877548217773438,26.97475242614746,97.15760700969862,94.85779840678026,88.46431644317498,23.877548217773438,35.04841613769531,39.85261917114258,41.27815246582031,43.233428955078125,0.0,0.0,0.0,854245,0.6517372131347656,136.5059051513672,161.181396484375,99.56300592921235,99.12577773355419,97.80109921626699,23.549571990966797,23.877548217773438,26.97475242614746,97.15760700969862,94.85779840678026,88.46431644317498,23.877548217773438,35.04841613769531,39.85261917114258,41.27815246582031,43.233428955078125,23.549571990966797,26.97475242614746,23.549571990966797,26.97475242614746
DEFOM-Stereo ViT-L ETH3D,defomstereo_vitl_eth3d.pth,native warped_gt_108,dataset_5_keyframe_3_frame_000004,1635.6989580672234,846063,0.6454948425292969,135.72511291503906,161.91937255859375,99.49696417406268,99.00232015819152,97.56164730049653,23.457157135009766,23.42839241027832,27.20193099975586,97.45302654766843,95.05131414563691,87.45932631494345,23.42839241027832,35.70989227294922,40.56972122192383,42.127685546875,43.851722717285156,0.0,0.0,0.0,846063,0.6454948425292969,135.72511291503906,161.91937255859375,99.49696417406268,99.00232015819152,97.56164730049653,23.457157135009766,23.42839241027832,27.20193099975586,97.45302654766843,95.05131414563691,87.45932631494345,23.42839241027832,35.70989227294922,40.56972122192383,42.127685546875,43.851722717285156,23.457157135009766,27.20193099975586,23.457157135009766,27.20193099975586
DEFOM-Stereo ViT-L ETH3D,defomstereo_vitl_eth3d.pth,native warped_gt_108,dataset_5_keyframe_3_frame_000005,1634.5006809569895,834804,0.6369049072265625,133.36679077148438,159.12571716308594,99.46250856488469,98.96119328608872,97.48767375336007,23.35643768310547,23.72045135498047,26.910390853881836,97.80367607246731,95.72151067795555,88.1470381071485,23.72045135498047,35.03081130981445,40.080623626708984,41.474632263183594,43.16880798339844,0.0,0.0,0.0,834804,0.6369049072265625,133.36679077148438,159.12571716308594,99.46250856488469,98.96119328608872,97.48767375336007,23.35643768310547,23.72045135498047,26.910390853881836,97.80367607246731,95.72151067795555,88.1470381071485,23.72045135498047,35.03081130981445,40.080623626708984,41.474632263183594,43.16880798339844,23.35643768310547,26.910390853881836,23.35643768310547,26.910390853881836
DEFOM-Stereo ViT-L ETH3D,defomstereo_vitl_eth3d.pth,native warped_gt_108,dataset_5_keyframe_3_frame_000006,1644.6815861854702,820830,0.6262435913085938,125.296630859375,147.18609619140625,99.44787593046063,98.89234067955606,97.21099375022843,23.35563850402832,23.353153228759766,26.764528274536133,97.20051655032101,94.35936795682419,89.56519620384246,23.353153228759766,35.32023239135742,38.97496032714844,40.47062683105469,42.21269989013672,0.0,0.0,0.0,820830,0.6262435913085938,125.296630859375,147.18609619140625,99.44787593046063,98.89234067955606,97.21099375022843,23.35563850402832,23.353153228759766,26.764528274536133,97.20051655032101,94.35936795682419,89.56519620384246,23.353153228759766,35.32023239135742,38.97496032714844,40.47062683105469,42.21269989013672,23.35563850402832,26.764528274536133,23.35563850402832,26.764528274536133
DEFOM-Stereo ViT-L ETH3D,defomstereo_vitl_eth3d.pth,native warped_gt_108,dataset_5_keyframe_3_frame_000007,1651.2193290982395,808856,0.617108154296875,140.99191284179688,165.53701782226562,99.54775633734559,99.05743420336871,97.5700248251852,24.833358764648438,24.886951446533203,28.204345703125,97.57670092080667,95.15673988942407,88.76524375166902,24.886951446533203,36.77660369873047,41.154052734375,42.528831481933594,44.1603889465332,0.0,0.0,0.0,808856,0.617108154296875,140.99191284179688,165.53701782226562,99.54775633734559,99.05743420336871,97.5700248251852,24.833358764648438,24.886951446533203,28.204345703125,97.57670092080667,95.15673988942407,88.76524375166902,24.886951446533203,36.77660369873047,41.154052734375,42.528831481933594,44.1603889465332,24.833358764648438,28.204345703125,24.833358764648438,28.204345703125
DEFOM-Stereo ViT-L ETH3D,defomstereo_vitl_eth3d.pth,native warped_gt_108,dataset_5_keyframe_3_frame_000008,1633.8745218236,795378,0.6068252563476563,152.7333221435547,181.06741333007812,99.55153398761344,99.09690738240182,97.67355898704767,25.58468246459961,26.627193450927734,29.277587890625,97.58102436828779,95.65678205834207,90.07453060054465,26.627193450927734,39.04550552368164,42.04623031616211,43.4873046875,45.27335739135742,0.0,0.0,0.0,795378,0.6068252563476563,152.7333221435547,181.06741333007812,99.55153398761344,99.09690738240182,97.67355898704767,25.58468246459961,26.627193450927734,29.277587890625,97.58102436828779,95.65678205834207,90.07453060054465,26.627193450927734,39.04550552368164,42.04623031616211,43.4873046875,45.27335739135742,25.58468246459961,29.277587890625,25.58468246459961,29.277587890625
DEFOM-Stereo ViT-L ETH3D,defomstereo_vitl_eth3d.pth,native warped_gt_108,dataset_5_keyframe_3_frame_000009,1635.0120778661221,781190,0.5960006713867188,146.19932556152344,171.21286010742188,99.70583340800574,99.3959216067794,98.0935495846081,25.66750144958496,26.286970138549805,29.07634925842285,97.9981822603976,95.48714141246047,90.16590074117691,26.286970138549805,38.5155029296875,41.62900924682617,43.017093658447266,44.858638763427734,0.0,0.0,0.0,781190,0.5960006713867188,146.19932556152344,171.21286010742188,99.70583340800574,99.3959216067794,98.0935495846081,25.66750144958496,26.286970138549805,29.07634925842285,97.9981822603976,95.48714141246047,90.16590074117691,26.286970138549805,38.5155029296875,41.62900924682617,43.017093658447266,44.858638763427734,25.66750144958496,29.07634925842285,25.66750144958496,29.07634925842285
DEFOM-Stereo ViT-L ETH3D,defomstereo_vitl_eth3d.pth,native warped_gt_108,dataset_5_keyframe_3_frame_000010,1635.1265390403569,766645,0.5849037170410156,145.08631896972656,168.6304473876953,99.0845828251668,98.28003834890986,96.32202649205304,26.182952880859375,28.16718864440918,29.58845329284668,96.61238252385394,93.85882644509519,89.24091333015933,28.16718864440918,38.174949645996094,41.66130447387695,43.2159309387207,45.10093307495117,0.0,0.0,0.0,766645,0.5849037170410156,145.08631896972656,168.6304473876953,99.0845828251668,98.28003834890986,96.32202649205304,26.182952880859375,28.16718864440918,29.58845329284668,96.61238252385394,93.85882644509519,89.24091333015933,28.16718864440918,38.174949645996094,41.66130447387695,43.2159309387207,45.10093307495117,26.182952880859375,29.58845329284668,26.182952880859375,29.58845329284668
DEFOM-Stereo ViT-L ETH3D,defomstereo_vitl_eth3d.pth,native warped_gt_108,dataset_5_keyframe_3_frame_000011,1635.3990042116493,754215,0.5754203796386719,153.50100708007812,178.33335876464844,99.6329958963956,99.25644544327545,98.06341693018568,26.55396842956543,27.643259048461914,29.718612670898438,97.96013073195309,96.31590461605775,92.40004507998383,27.643259048461914,39.04988098144531,42.331703186035156,43.6463737487793,45.3571662902832,0.0,0.0,0.0,754215,0.5754203796386719,153.50100708007812,178.33335876464844,99.6329958963956,99.25644544327545,98.06341693018568,26.55396842956543,27.643259048461914,29.718612670898438,97.96013073195309,96.31590461605775,92.40004507998383,27.643259048461914,39.04988098144531,42.331703186035156,43.6463737487793,45.3571662902832,26.55396842956543,29.718612670898438,26.55396842956543,29.718612670898438
DEFOM-Stereo ViT-L ETH3D,defomstereo_vitl_eth3d.pth,native warped_gt_108,dataset_8_keyframe_0_frame_000000,1636.9930640794337,1020895,0.7788810729980469,0.844353199005127,1.2639634609222412,30.932564073680446,8.148732239848368,0.12156000372222411,2.2297422885894775,1.6616973876953125,3.1053519248962402,67.67698930840096,42.4052424588229,9.150304389775638,1.6616973876953125,3.0207252502441406,4.811413764953613,6.381443977355957,9.869855880737305,0.0,0.0,0.0,1020895,0.7788810729980469,0.844353199005127,1.2639634609222412,30.932564073680446,8.148732239848368,0.12156000372222411,2.2297422885894775,1.6616973876953125,3.1053519248962402,67.67698930840096,42.4052424588229,9.150304389775638,1.6616973876953125,3.0207252502441406,4.811413764953613,6.381443977355957,9.869855880737305,13.676314353942871,16.601669311523438,2.2297422885894775,3.1053519248962402
DEFOM-Stereo ViT-L ETH3D,defomstereo_vitl_eth3d.pth,native warped_gt_108,dataset_8_keyframe_0_frame_000001,1633.5834939964116,1019202,0.7775894165039062,0.8713893890380859,1.3064395189285278,31.86865802853605,8.992427408894411,0.13657743999717425,2.2904980182647705,1.6991348266601562,3.193557024002075,68.53685530444406,43.248345274047736,9.743799560832887,1.6991348266601562,3.0751113891601562,4.941678524017334,6.657689094543457,10.291312217712402,0.0,0.0,0.0,1019202,0.7775894165039062,0.8713893890380859,1.3064395189285278,31.86865802853605,8.992427408894411,0.13657743999717425,2.2904980182647705,1.6991348266601562,3.193557024002075,68.53685530444406,43.248345274047736,9.743799560832887,1.6991348266601562,3.0751113891601562,4.941678524017334,6.657689094543457,10.291312217712402,13.645648002624512,16.561222076416016,2.2904980182647705,3.193557024002075
DEFOM-Stereo ViT-L ETH3D,defomstereo_vitl_eth3d.pth,native warped_gt_108,dataset_8_keyframe_0_frame_000002,1637.3490379191935,1014736,0.77418212890625,0.844534158706665,1.2590662240982056,30.754501663486856,8.318616861922706,0.08110483909115278,2.225752353668213,1.6497840881347656,3.0996222496032715,67.38304347140537,42.25493133189322,9.197170495577174,1.6497840881347656,3.0076541900634766,4.819744110107422,6.4352569580078125,10.030438423156738,0.0,0.0,0.0,1014736,0.77418212890625,0.844534158706665,1.2590662240982056,30.754501663486856,8.318616861922706,0.08110483909115278,2.225752353668213,1.6497840881347656,3.0996222496032715,67.38304347140537,42.25493133189322,9.197170495577174,1.6497840881347656,3.0076541900634766,4.819744110107422,6.4352569580078125,10.030438423156738,13.634288787841797,16.546621322631836,2.225752353668213,3.0996222496032715
DEFOM-Stereo ViT-L ETH3D,defomstereo_vitl_eth3d.pth,native warped_gt_108,dataset_8_keyframe_0_frame_000003,1657.1657361928374,1011691,0.7718589782714844,0.9552504420280457,1.361716389656067,35.85106519678439,11.125926789899287,0.1736696283746717,2.4933202266693115,1.8966903686523438,3.4164016246795654,71.75926246255032,47.77318370925509,11.617282352022505,1.8966903686523438,3.3431739807128906,5.3431854248046875,7.102985382080078,10.872358322143555,0.0,0.0,0.0,1011691,0.7718589782714844,0.9552504420280457,1.361716389656067,35.85106519678439,11.125926789899287,0.1736696283746717,2.4933202266693115,1.8966903686523438,3.4164016246795654,71.75926246255032,47.77318370925509,11.617282352022505,1.8966903686523438,3.3431739807128906,5.3431854248046875,7.102985382080078,10.872358322143555,13.698338508605957,16.565441131591797,2.4933202266693115,3.4164016246795654
DEFOM-Stereo ViT-L ETH3D,defomstereo_vitl_eth3d.pth,native warped_gt_108,dataset_8_keyframe_0_frame_000004,1636.6366378497332,1009854,0.7704574584960937,1.0876413583755493,1.5391886234283447,41.52570569607092,14.75431101921664,0.37866859961935095,2.824974298477173,2.1572036743164062,3.8377623558044434,75.49457644372355,53.12867008498257,14.99573205631705,2.1572036743164062,3.834409713745117,5.976551055908203,7.8905158042907715,12.25658130645752,0.0,0.0,0.0,1009854,0.7704574584960937,1.0876413583755493,1.5391886234283447,41.52570569607092,14.75431101921664,0.37866859961935095,2.824974298477173,2.1572036743164062,3.8377623558044434,75.49457644372355,53.12867008498257,14.99573205631705,2.1572036743164062,3.834409713745117,5.976551055908203,7.8905158042907715,12.25658130645752,13.70865249633789,16.548994064331055,2.824974298477173,3.8377623558044434
DEFOM-Stereo ViT-L ETH3D,defomstereo_vitl_eth3d.pth,native warped_gt_108,dataset_8_keyframe_0_frame_000005,1634.238423081115,999065,0.7622261047363281,1.0833278894424438,1.5431361198425293,40.862206162762185,14.750191428986101,0.417089979130487,2.798874616622925,2.1294403076171875,3.823516368865967,75.3181224444856,52.587269096605326,14.74408572014834,2.1294403076171875,3.746551513671875,5.959962368011475,7.894888401031494,12.275612831115723,0.0,0.0,0.0,999065,0.7622261047363281,1.0833278894424438,1.5431361198425293,40.862206162762185,14.750191428986101,0.417089979130487,2.798874616622925,2.1294403076171875,3.823516368865967,75.3181224444856,52.587269096605326,14.74408572014834,2.1294403076171875,3.746551513671875,5.959962368011475,7.894888401031494,12.275612831115723,13.758899688720703,16.56633186340332,2.798874616622925,3.823516368865967
DEFOM-Stereo ViT-L ETH3D,defomstereo_vitl_eth3d.pth,native warped_gt_108,dataset_8_keyframe_0_frame_000006,1633.4770519752055,991039,0.7561027526855468,1.2193677425384521,1.6756223440170288,47.50590037324465,18.815001225986062,0.6527492863550274,3.1386518478393555,2.5043258666992188,4.147872447967529,78.84795653854188,59.0688156571033,18.880588957649497,2.5043258666992188,4.305755615234375,6.503453254699707,8.33675765991211,12.814162254333496,0.0,0.0,0.0,991039,0.7561027526855468,1.2193677425384521,1.6756223440170288,47.50590037324465,18.815001225986062,0.6527492863550274,3.1386518478393555,2.5043258666992188,4.147872447967529,78.84795653854188,59.0688156571033,18.880588957649497,2.5043258666992188,4.305755615234375,6.503453254699707,8.33675765991211,12.814162254333496,13.74537467956543,16.518964767456055,3.1386518478393555,4.147872447967529
DEFOM-Stereo ViT-L ETH3D,defomstereo_vitl_eth3d.pth,native warped_gt_108,dataset_8_keyframe_0_frame_000007,1634.0691100340337,981894,0.7491256713867187,1.1696006059646606,1.5687779188156128,45.14876351215101,17.492417715150516,0.46451042576897306,3.000593662261963,2.3707962036132812,3.9937820434570312,77.30579879294507,57.14109669679212,17.130260496550545,2.3707962036132812,4.078840255737305,6.331243991851807,8.146501541137695,12.320883750915527,0.0,0.0,0.0,981894,0.7491256713867187,1.1696006059646606,1.5687779188156128,45.14876351215101,17.492417715150516,0.46451042576897306,3.000593662261963,2.3707962036132812,3.9937820434570312,77.30579879294507,57.14109669679212,17.130260496550545,2.3707962036132812,4.078840255737305,6.331243991851807,8.146501541137695,12.320883750915527,13.701163291931152,16.47534942626953,3.000593662261963,3.9937820434570312
DEFOM-Stereo ViT-L ETH3D,defomstereo_vitl_eth3d.pth,native warped_gt_108,dataset_8_keyframe_0_frame_000008,1635.099986102432,971826,0.7414443969726563,1.214097261428833,1.6153515577316284,46.59774486379249,18.97572199138529,0.6856165609893129,3.1072070598602295,2.4508895874023438,4.108332633972168,78.29487994764494,58.32854852617649,18.7118887537481,2.4508895874023438,4.281246185302734,6.52642822265625,8.376150131225586,12.474113464355469,0.0,0.0,0.0,971826,0.7414443969726563,1.214097261428833,1.6153515577316284,46.59774486379249,18.97572199138529,0.6856165609893129,3.1072070598602295,2.4508895874023438,4.108332633972168,78.29487994764494,58.32854852617649,18.7118887537481,2.4508895874023438,4.281246185302734,6.52642822265625,8.376150131225586,12.474113464355469,13.628522872924805,16.391504287719727,3.1072070598602295,4.108332633972168
DEFOM-Stereo ViT-L ETH3D,defomstereo_vitl_eth3d.pth,native warped_gt_108,dataset_8_keyframe_0_frame_000009,1636.8340011686087,960416,0.7327392578125,1.322029709815979,1.7390204668045044,51.27621780561756,22.08990687368807,0.9662479592176724,3.3657431602478027,2.728099822998047,4.398636341094971,80.49126628460999,62.75853380201912,21.45778495985073,2.728099822998047,4.5959625244140625,6.920989990234375,8.912216186523438,13.329985618591309,0.0,0.0,0.0,960416,0.7327392578125,1.322029709815979,1.7390204668045044,51.27621780561756,22.08990687368807,0.9662479592176724,3.3657431602478027,2.728099822998047,4.398636341094971,80.49126628460999,62.75853380201912,21.45778495985073,2.728099822998047,4.5959625244140625,6.920989990234375,8.912216186523438,13.329985618591309,13.62000846862793,16.341184616088867,3.3657431602478027,4.398636341094971
DEFOM-Stereo ViT-L ETH3D,defomstereo_vitl_eth3d.pth,native warped_gt_108,dataset_8_keyframe_0_frame_000010,1632.6201688498259,948527,0.7236686706542969,1.2286815643310547,1.6342118978500366,47.42173918085621,19.031192575435384,0.6948668830723849,3.1414599418640137,2.4825210571289062,4.152465343475342,79.27059535469206,59.275276296826554,18.497839281327785,2.4825210571289062,4.264408111572266,6.550256252288818,8.44887924194336,12.806172370910645,0.0,0.0,0.0,948527,0.7236686706542969,1.2286815643310547,1.6342118978500366,47.42173918085621,19.031192575435384,0.6948668830723849,3.1414599418640137,2.4825210571289062,4.152465343475342,79.27059535469206,59.275276296826554,18.497839281327785,2.4825210571289062,4.264408111572266,6.550256252288818,8.44887924194336,12.806172370910645,13.50760269165039,16.258970260620117,3.1414599418640137,4.152465343475342
DEFOM-Stereo ViT-L ETH3D,defomstereo_vitl_eth3d.pth,native warped_gt_108,dataset_8_keyframe_0_frame_000011,1639.578880975023,937964,0.7156097412109375,1.299216866493225,1.7226427793502808,50.03827439006188,20.996328217287658,1.1357578755687852,3.305154800415039,2.6427001953125,4.365019798278809,80.20787578201296,61.36504172868042,20.249711076331288,2.6427001953125,4.482973098754883,6.788236141204834,8.865447998046875,13.554621696472168,0.0,0.0,0.0,937964,0.7156097412109375,1.299216866493225,1.7226427793502808,50.03827439006188,20.996328217287658,1.1357578755687852,3.305154800415039,2.6427001953125,4.365019798278809,80.20787578201296,61.36504172868042,20.249711076331288,2.6427001953125,4.482973098754883,6.788236141204834,8.865447998046875,13.554621696472168,13.451733589172363,16.174251556396484,3.305154800415039,4.365019798278809
DEFOM-Stereo ViT-L ETH3D,defomstereo_vitl_eth3d.pth,native warped_gt_108,dataset_8_keyframe_1_frame_000000,1652.3152261506766,1054105,0.8042182922363281,1.4841362237930298,2.1999318599700928,52.57739978465143,24.213432248210566,3.305742786534548,1.6795375347137451,1.2212066650390625,2.3625996112823486,57.547872365656175,29.955744446710717,4.596600907879196,1.2212066650390625,2.2833404541015625,3.7421417236328125,4.860743522644043,7.493556499481201,0.0,0.0,0.0,1054105,0.8042182922363281,1.4841362237930298,2.1999318599700928,52.57739978465143,24.213432248210566,3.305742786534548,1.6795375347137451,1.2212066650390625,2.3625996112823486,57.547872365656175,29.955744446710717,4.596600907879196,1.2212066650390625,2.2833404541015625,3.7421417236328125,4.860743522644043,7.493556499481201,1.6795375347137451,2.3625996112823486,1.6795375347137451,2.3625996112823486
DEFOM-Stereo ViT-L ETH3D,defomstereo_vitl_eth3d.pth,native warped_gt_108,dataset_8_keyframe_1_frame_000001,1632.6341801322997,1032965,0.7880897521972656,1.7597211599349976,2.452556610107422,61.837622765534164,33.28689742634068,5.023306694805729,1.9702900648117065,1.5613479614257812,2.6629819869995117,66.01230438591821,38.89986591994889,5.974742609865775,1.5613479614257812,2.7308120727539062,4.196413516998291,5.281469821929932,7.617005348205566,0.0,0.0,0.0,1032965,0.7880897521972656,1.7597211599349976,2.452556610107422,61.837622765534164,33.28689742634068,5.023306694805729,1.9702900648117065,1.5613479614257812,2.6629819869995117,66.01230438591821,38.89986591994889,5.974742609865775,1.5613479614257812,2.7308120727539062,4.196413516998291,5.281469821929932,7.617005348205566,1.9688148498535156,2.6310558319091797,1.9702900648117065,2.6629819869995117
DEFOM-Stereo ViT-L ETH3D,defomstereo_vitl_eth3d.pth,native warped_gt_108,dataset_8_keyframe_1_frame_000002,1636.8808310944587,1015252,0.7745758056640625,1.846091389656067,2.5888912677764893,64.18613309798945,35.925563308419974,5.469085507834508,2.0547149181365967,1.6708488464355469,2.706469774246216,68.3606631654013,41.74008029533554,6.264750032504245,1.6708488464355469,2.869110107421875,4.305174827575684,5.331820487976074,7.61787223815918,0.0,0.0,0.0,1015252,0.7745758056640625,1.846091389656067,2.5888912677764893,64.18613309798945,35.925563308419974,5.469085507834508,2.0547149181365967,1.6708488464355469,2.706469774246216,68.3606631654013,41.74008029533554,6.264750032504245,1.6708488464355469,2.869110107421875,4.305174827575684,5.331820487976074,7.61787223815918,2.053828716278076,2.6902008056640625,2.0547149181365967,2.706469774246216
DEFOM-Stereo ViT-L ETH3D,defomstereo_vitl_eth3d.pth,native warped_gt_108,dataset_8_keyframe_1_frame_000003,1633.7590559851378,1002880,0.76513671875,1.7903996706008911,2.430474281311035,62.22020580727505,33.92389917038928,5.378410178685386,1.98879075050354,1.5780258178710938,2.6559512615203857,66.63957801531589,39.25813656668794,6.1871809189534135,1.5780258178710938,2.756258010864258,4.239800453186035,5.317276954650879,7.626844882965088,0.0,0.0,0.0,1002880,0.76513671875,1.7903996706008911,2.430474281311035,62.22020580727505,33.92389917038928,5.378410178685386,1.98879075050354,1.5780258178710938,2.6559512615203857,66.63957801531589,39.25813656668794,6.1871809189534135,1.5780258178710938,2.756258010864258,4.239800453186035,5.317276954650879,7.626844882965088,1.9885679483413696,2.653324604034424,1.98879075050354,2.6559512615203857
DEFOM-Stereo ViT-L ETH3D,defomstereo_vitl_eth3d.pth,native warped_gt_108,dataset_8_keyframe_1_frame_000004,1634.1277910396457,984819,0.7513572692871093,1.8310692310333252,2.4847986698150635,63.476131146941725,35.09528146796518,5.709983255806397,2.030492067337036,1.6295928955078125,2.6984927654266357,67.94243409194989,40.44834634587676,6.328675624657933,1.6295928955078125,2.8032684326171875,4.300793647766113,5.34462833404541,7.746162414550781,0.0,0.0,0.0,984819,0.7513572692871093,1.8310692310333252,2.4847986698150635,63.476131146941725,35.09528146796518,5.709983255806397,2.030492067337036,1.6295928955078125,2.6984927654266357,67.94243409194989,40.44834634587676,6.328675624657933,1.6295928955078125,2.8032684326171875,4.300793647766113,5.34462833404541,7.746162414550781,2.030492067337036,2.6984927654266357,2.030492067337036,2.6984927654266357
DEFOM-Stereo ViT-L ETH3D,defomstereo_vitl_eth3d.pth,native warped_gt_108,dataset_8_keyframe_1_frame_000005,1633.513392880559,975457,0.7442146301269531,1.7084287405014038,2.361048936843872,60.30865532770794,31.79842883899547,4.7260924879312975,1.905107855796814,1.4961090087890625,2.551490068435669,64.59546653517275,37.43373618724352,5.308998756480296,1.4961090087890625,2.6608734130859375,4.076141357421875,5.0884108543396,7.487930774688721,0.0,0.0,0.0,975457,0.7442146301269531,1.7084287405014038,2.361048936843872,60.30865532770794,31.79842883899547,4.7260924879312975,1.905107855796814,1.4961090087890625,2.551490068435669,64.59546653517275,37.43373618724352,5.308998756480296,1.4961090087890625,2.6608734130859375,4.076141357421875,5.0884108543396,7.487930774688721,1.905107855796814,2.551490068435669,1.905107855796814,2.551490068435669
DEFOM-Stereo ViT-L ETH3D,defomstereo_vitl_eth3d.pth,native warped_gt_108,dataset_8_keyframe_1_frame_000006,1635.5278720147908,960577,0.7328620910644531,1.646382212638855,2.292414903640747,58.37647580568762,30.10503062221977,4.212051714750613,1.8320859670639038,1.4199981689453125,2.4872825145721436,62.64286985842884,35.57122437868073,4.841777390047857,1.4199981689453125,2.577972412109375,3.9949982166290283,4.956459045410156,7.210275650024414,0.0,0.0,0.0,960577,0.7328620910644531,1.646382212638855,2.292414903640747,58.37647580568762,30.10503062221977,4.212051714750613,1.8320859670639038,1.4199981689453125,2.4872825145721436,62.64286985842884,35.57122437868073,4.841777390047857,1.4199981689453125,2.577972412109375,3.9949982166290283,4.956459045410156,7.210275650024414,1.8320859670639038,2.4872825145721436,1.8320859670639038,2.4872825145721436
DEFOM-Stereo ViT-L ETH3D,defomstereo_vitl_eth3d.pth,native warped_gt_108,dataset_8_keyframe_1_frame_000007,1635.1486260537058,949328,0.72427978515625,1.8223565816879272,2.5013723373413086,63.45836212562992,35.43306423069792,5.437319872583553,1.9988360404968262,1.641815185546875,2.6018290519714355,67.52092006134866,41.15911465794751,5.6295611211298935,1.641815185546875,2.809326171875,4.182258605957031,5.1613593101501465,7.324834823608398,0.0,0.0,0.0,949328,0.72427978515625,1.8223565816879272,2.5013723373413086,63.45836212562992,35.43306423069792,5.437319872583553,1.9988360404968262,1.641815185546875,2.6018290519714355,67.52092006134866,41.15911465794751,5.6295611211298935,1.641815185546875,2.809326171875,4.182258605957031,5.1613593101501465,7.324834823608398,1.9988360404968262,2.6018290519714355,1.9988360404968262,2.6018290519714355
DEFOM-Stereo ViT-L ETH3D,defomstereo_vitl_eth3d.pth,native warped_gt_108,dataset_8_keyframe_1_frame_000008,1660.7114379294217,941473,0.7182868957519531,1.6474277973175049,2.328080177307129,58.83896829755075,29.793844326921747,4.305912118563145,1.8201874494552612,1.4170379638671875,2.466933250427246,62.85618387356834,35.246151509390074,4.658657231805904,1.4170379638671875,2.5484695434570312,3.934439182281494,4.901483058929443,7.166334629058838,0.0,0.0,0.0,941473,0.7182868957519531,1.6474277973175049,2.328080177307129,58.83896829755075,29.793844326921747,4.305912118563145,1.8201874494552612,1.4170379638671875,2.466933250427246,62.85618387356834,35.246151509390074,4.658657231805904,1.4170379638671875,2.5484695434570312,3.934439182281494,4.901483058929443,7.166334629058838,1.8201874494552612,2.466933250427246,1.8201874494552612,2.466933250427246
DEFOM-Stereo ViT-L ETH3D,defomstereo_vitl_eth3d.pth,native warped_gt_108,dataset_8_keyframe_1_frame_000009,1633.6261748801917,933725,0.7123756408691406,1.7831974029541016,2.427309036254883,62.53415084741225,34.06923880157434,5.309057806099226,1.9393576383590698,1.5725326538085938,2.5223326683044434,66.53447214115505,39.42595517952288,5.337117459637473,1.5725326538085938,2.7191543579101562,4.094235420227051,5.089352607727051,7.2137041091918945,0.0,0.0,0.0,933725,0.7123756408691406,1.7831974029541016,2.427309036254883,62.53415084741225,34.06923880157434,5.309057806099226,1.9393576383590698,1.5725326538085938,2.5223326683044434,66.53447214115505,39.42595517952288,5.337117459637473,1.5725326538085938,2.7191543579101562,4.094235420227051,5.089352607727051,7.2137041091918945,1.9393576383590698,2.5223326683044434,1.9393576383590698,2.5223326683044434
DEFOM-Stereo ViT-L ETH3D,defomstereo_vitl_eth3d.pth,native warped_gt_108,dataset_8_keyframe_1_frame_000010,1633.3151289727539,925853,0.7063697814941406,1.8375765085220337,2.5114901065826416,63.21651493271611,35.178586665485774,6.027090693663033,1.9939042329788208,1.6073837280273438,2.6062090396881104,66.83307177273282,40.31115090624537,6.06446163699853,1.6073837280273438,2.800334930419922,4.262012481689453,5.268514156341553,7.402316570281982,0.0,0.0,0.0,925853,0.7063697814941406,1.8375765085220337,2.5114901065826416,63.21651493271611,35.178586665485774,6.027090693663033,1.9939042329788208,1.6073837280273438,2.6062090396881104,66.83307177273282,40.31115090624537,6.06446163699853,1.6073837280273438,2.800334930419922,4.262012481689453,5.268514156341553,7.402316570281982,1.9939042329788208,2.6062090396881104,1.9939042329788208,2.6062090396881104
DEFOM-Stereo ViT-L ETH3D,defomstereo_vitl_eth3d.pth,native warped_gt_108,dataset_8_keyframe_1_frame_000011,1637.271286919713,917819,0.7002403259277343,1.9797707796096802,2.6478049755096436,66.77950663475043,40.331699387351975,6.53974258541172,2.128098487854004,1.7944107055664062,2.756221055984497,70.31113977810439,45.181348392221125,6.527103927898638,1.7944107055664062,2.999248504638672,4.3587965965271,5.371567726135254,7.411872386932373,0.0,0.0,0.0,917819,0.7002403259277343,1.9797707796096802,2.6478049755096436,66.77950663475043,40.331699387351975,6.53974258541172,2.128098487854004,1.7944107055664062,2.756221055984497,70.31113977810439,45.181348392221125,6.527103927898638,1.7944107055664062,2.999248504638672,4.3587965965271,5.371567726135254,7.411872386932373,2.128098487854004,2.756221055984497,2.128098487854004,2.756221055984497
DEFOM-Stereo ViT-L ETH3D,defomstereo_vitl_eth3d.pth,native warped_gt_108,dataset_8_keyframe_2_frame_000000,1636.5519461687654,964108,0.7355560302734375,1.6812013387680054,2.542840003967285,54.1008891120082,27.909839976434174,5.502391848216175,1.1206122636795044,0.7172260284423828,1.819145679473877,37.79638795653599,14.832155733590014,2.4254544096719455,0.7172260284423828,1.4149560928344727,2.496004581451416,3.5038979053497314,7.052151679992676,0.0,0.0,0.0,964108,0.7355560302734375,1.6812013387680054,2.542840003967285,54.1008891120082,27.909839976434174,5.502391848216175,1.1206122636795044,0.7172260284423828,1.819145679473877,37.79638795653599,14.832155733590014,2.4254544096719455,0.7172260284423828,1.4149560928344727,2.496004581451416,3.5038979053497314,7.052151679992676,1.1206122636795044,1.819145679473877,1.1206122636795044,1.819145679473877
DEFOM-Stereo ViT-L ETH3D,defomstereo_vitl_eth3d.pth,native warped_gt_108,dataset_8_keyframe_2_frame_000001,1634.247733047232,954400,0.7281494140625,1.6660598516464233,2.530744791030884,53.27043168482817,27.067581726739316,5.590004191114836,1.1139583587646484,0.7029151916503906,3.346381187438965,37.11357921207041,14.808780385582565,2.338327745180218,0.7029151916503906,1.4013128280639648,2.4872570037841797,3.5134992599487305,6.807828903198242,0.0,0.0,0.0,954400,0.7281494140625,1.6660598516464233,2.530744791030884,53.27043168482817,27.067581726739316,5.590004191114836,1.1139583587646484,0.7029151916503906,3.346381187438965,37.11357921207041,14.808780385582565,2.338327745180218,0.7029151916503906,1.4013128280639648,2.4872570037841797,3.5134992599487305,6.807828903198242,1.1139583587646484,3.346381187438965,1.1139583587646484,3.346381187438965
DEFOM-Stereo ViT-L ETH3D,defomstereo_vitl_eth3d.pth,native warped_gt_108,dataset_8_keyframe_2_frame_000002,1632.543447893113,949169,0.7241584777832031,1.5964125394821167,2.468203544616699,50.7395416411619,24.884082813492643,5.371856855839161,1.0764739513397217,0.66021728515625,1.7986716032028198,34.570450573080244,13.885514592238051,2.351741365341683,0.66021728515625,1.3209228515625,2.409982204437256,3.432603359222412,7.123243808746338,0.0,0.0,0.0,949169,0.7241584777832031,1.5964125394821167,2.468203544616699,50.7395416411619,24.884082813492643,5.371856855839161,1.0764739513397217,0.66021728515625,1.7986716032028198,34.570450573080244,13.885514592238051,2.351741365341683,0.66021728515625,1.3209228515625,2.409982204437256,3.432603359222412,7.123243808746338,1.0764739513397217,1.7986716032028198,1.0764739513397217,1.7986716032028198
DEFOM-Stereo ViT-L ETH3D,defomstereo_vitl_eth3d.pth,native warped_gt_108,dataset_8_keyframe_2_frame_000003,1636.3976739812642,937702,0.7154098510742187,1.655439019203186,2.519028425216675,52.67792966208881,26.43067840316007,5.787339687875252,1.1221555471420288,0.6996307373046875,1.7964513301849365,36.581024675216646,15.428888922066925,2.4471527201605627,0.6996307373046875,1.4021434783935547,2.5495986938476562,3.592994451522827,7.003428936004639,0.0,0.0,0.0,937702,0.7154098510742187,1.655439019203186,2.519028425216675,52.67792966208881,26.43067840316007,5.787339687875252,1.1221555471420288,0.6996307373046875,1.7964513301849365,36.581024675216646,15.428888922066925,2.4471527201605627,0.6996307373046875,1.4021434783935547,2.5495986938476562,3.592994451522827,7.003428936004639,1.1221555471420288,1.7964513301849365,1.1221555471420288,1.7964513301849365
DEFOM-Stereo ViT-L ETH3D,defomstereo_vitl_eth3d.pth,native warped_gt_108,dataset_8_keyframe_2_frame_000004,1647.5675569381565,925330,0.7059707641601562,1.7724733352661133,2.6696255207061768,55.43200804037478,29.12766256362595,6.5509601979834216,1.2022873163223267,0.7591743469238281,1.9861242771148682,39.678601147698664,17.26303048642106,2.731782175007835,0.7591743469238281,1.5303106307983398,2.717033863067627,3.8122618198394775,7.207420825958252,0.0,0.0,0.0,925330,0.7059707641601562,1.7724733352661133,2.6696255207061768,55.43200804037478,29.12766256362595,6.5509601979834216,1.2022873163223267,0.7591743469238281,1.9861242771148682,39.678601147698664,17.26303048642106,2.731782175007835,0.7591743469238281,1.5303106307983398,2.717033863067627,3.8122618198394775,7.207420825958252,1.2022873163223267,1.9861242771148682,1.2022873163223267,1.9861242771148682
DEFOM-Stereo ViT-L ETH3D,defomstereo_vitl_eth3d.pth,native warped_gt_108,dataset_8_keyframe_2_frame_000005,1645.9893439896405,910450,0.6946182250976562,1.7816365957260132,2.664393424987793,56.40562359272887,29.70574990389368,6.448679224559283,1.204046368598938,0.7818756103515625,2.023455858230591,40.9025207315064,16.89076830138942,2.635619748476028,0.7818756103515625,1.537501335144043,2.662686586380005,3.7474050521850586,7.1968536376953125,0.0,0.0,0.0,910450,0.6946182250976562,1.7816365957260132,2.664393424987793,56.40562359272887,29.70574990389368,6.448679224559283,1.204046368598938,0.7818756103515625,2.023455858230591,40.9025207315064,16.89076830138942,2.635619748476028,0.7818756103515625,1.537501335144043,2.662686586380005,3.7474050521850586,7.1968536376953125,1.204046368598938,2.023455858230591,1.204046368598938,2.023455858230591
DEFOM-Stereo ViT-L ETH3D,defomstereo_vitl_eth3d.pth,native warped_gt_108,dataset_8_keyframe_2_frame_000006,1637.706242967397,898459,0.6854698181152343,1.8037023544311523,2.7007291316986084,56.095269789717726,30.135821445385936,6.863974872531746,1.2145733833312988,0.7782440185546875,1.9966615438461304,40.927744059550854,17.405134791904807,2.688269581583578,0.7782440185546875,1.5534992218017578,2.735591173171997,3.851530075073242,7.077369689941406,0.0,0.0,0.0,898459,0.6854698181152343,1.8037023544311523,2.7007291316986084,56.095269789717726,30.135821445385936,6.863974872531746,1.2145733833312988,0.7782440185546875,1.9966615438461304,40.927744059550854,17.405134791904807,2.688269581583578,0.7782440185546875,1.5534992218017578,2.735591173171997,3.851530075073242,7.077369689941406,1.2145733833312988,1.9966615438461304,1.2145733833312988,1.9966615438461304
DEFOM-Stereo ViT-L ETH3D,defomstereo_vitl_eth3d.pth,native warped_gt_108,dataset_8_keyframe_2_frame_000007,1634.12307202816,883776,0.674267578125,1.797701120376587,2.6749370098114014,57.226039177348106,30.145760916793396,6.454576725324064,1.2131136655807495,0.7976589202880859,1.9693151712417603,41.48313599826201,16.943207328553843,2.6802040336012745,0.7976589202880859,1.5412988662719727,2.672626495361328,3.7689456939697266,7.098045349121094,0.0,0.0,0.0,883776,0.674267578125,1.797701120376587,2.6749370098114014,57.226039177348106,30.145760916793396,6.454576725324064,1.2131136655807495,0.7976589202880859,1.9693151712417603,41.48313599826201,16.943207328553843,2.6802040336012745,0.7976589202880859,1.5412988662719727,2.672626495361328,3.7689456939697266,7.098045349121094,1.2131136655807495,1.9693151712417603,1.2131136655807495,1.9693151712417603
DEFOM-Stereo ViT-L ETH3D,defomstereo_vitl_eth3d.pth,native warped_gt_108,dataset_8_keyframe_2_frame_000008,1636.1369700171053,872029,0.6653053283691406,1.899948000907898,2.7690043449401855,60.557275044751954,32.773566016726505,7.003780837563889,1.2658220529556274,0.8609428405761719,1.9021375179290771,43.918149511082774,18.195839817253784,2.6761724667413582,0.8609428405761719,1.6302986145019531,2.7763869762420654,3.850259304046631,6.978913307189941,0.0,0.0,0.0,872029,0.6653053283691406,1.899948000907898,2.7690043449401855,60.557275044751954,32.773566016726505,7.003780837563889,1.2658220529556274,0.8609428405761719,1.9021375179290771,43.918149511082774,18.195839817253784,2.6761724667413582,0.8609428405761719,1.6302986145019531,2.7763869762420654,3.850259304046631,6.978913307189941,1.2658220529556274,1.9021375179290771,1.2658220529556274,1.9021375179290771
DEFOM-Stereo ViT-L ETH3D,defomstereo_vitl_eth3d.pth,native warped_gt_108,dataset_8_keyframe_2_frame_000009,1638.2421110756695,860856,0.656781005859375,2.033982276916504,2.8865556716918945,64.90167925878428,36.389709777244974,7.769592126906242,1.3439158201217651,0.9540481567382812,1.9525926113128662,47.93507857295529,20.02181549527447,2.7232196790171646,0.9540481567382812,1.7357807159423828,2.917133331298828,3.964273452758789,6.855584621429443,0.0,0.0,0.0,860856,0.656781005859375,2.033982276916504,2.8865556716918945,64.90167925878428,36.389709777244974,7.769592126906242,1.3439158201217651,0.9540481567382812,1.9525926113128662,47.93507857295529,20.02181549527447,2.7232196790171646,0.9540481567382812,1.7357807159423828,2.917133331298828,3.964273452758789,6.855584621429443,1.3439158201217651,1.9525926113128662,1.3439158201217651,1.9525926113128662
DEFOM-Stereo ViT-L ETH3D,defomstereo_vitl_eth3d.pth,native warped_gt_108,dataset_8_keyframe_2_frame_000010,1636.1012298148125,850033,0.6485237121582031,2.1678409576416016,3.0431692600250244,67.96818476459148,39.60952104212424,8.42084954348831,1.4203152656555176,1.0309066772460938,2.0468978881835938,51.37047620504145,22.263959163938342,2.970237626068635,1.0309066772460938,1.8529739379882812,3.035320281982422,4.0633063316345215,7.053112506866455,0.0,0.0,0.0,850033,0.6485237121582031,2.1678409576416016,3.0431692600250244,67.96818476459148,39.60952104212424,8.42084954348831,1.4203152656555176,1.0309066772460938,2.0468978881835938,51.37047620504145,22.263959163938342,2.970237626068635,1.0309066772460938,1.8529739379882812,3.035320281982422,4.0633063316345215,7.053112506866455,1.4203152656555176,2.0468978881835938,1.4203152656555176,2.0468978881835938
DEFOM-Stereo ViT-L ETH3D,defomstereo_vitl_eth3d.pth,native warped_gt_108,dataset_8_keyframe_2_frame_000011,1636.7176489438862,839568,0.64053955078125,2.3527960777282715,3.234283685684204,72.66093991195473,44.328630914946736,9.705110247174737,1.5252450704574585,1.129983901977539,2.203817129135132,55.46221390048215,24.9517609056086,3.162340632325196,1.129983901977539,1.9970264434814453,3.221398115158081,4.216477394104004,7.1476593017578125,0.0,0.0,0.0,839568,0.64053955078125,2.3527960777282715,3.234283685684204,72.66093991195473,44.328630914946736,9.705110247174737,1.5252450704574585,1.129983901977539,2.203817129135132,55.46221390048215,24.9517609056086,3.162340632325196,1.129983901977539,1.9970264434814453,3.221398115158081,4.216477394104004,7.1476593017578125,1.5252450704574585,2.203817129135132,1.5252450704574585,2.203817129135132
