budget,seed,complete,flow_build_train_seconds,flow_build_validation_seconds,gpu,host,optimizer_steps,peak_host_ram_mb,peak_vram_mb,samples_per_second,steps_per_second,wall_seconds,workers,provenance
1x,20260722,True,100.07144297599734,46.37167773499095,NVIDIA H100 PCIe,n-62-12-83,39730,27381.5546875,961.37939453125,260.00280326314123,21.666900271928437,1833.6725374360103,48,/dtu/p1/leopam/ARGOS/ARGOS_FREEZED/experiments/01_multiseed_replication/budget_1x/seed_20260722/runtime_summary.json
1x,20260723,True,163.18064171700098,43.907961285018246,NVIDIA H100 PCIe,n-62-12-83,39730,27323.67578125,961.37939453125,275.2507075071379,22.93755895892816,1732.0936404410022,48,/dtu/p1/leopam/ARGOS/ARGOS_FREEZED/experiments/01_multiseed_replication/budget_1x/seed_20260723/runtime_summary.json
1x,20260724,True,88.55294794401561,44.21587235601328,NVIDIA H100 PCIe,n-62-12-83,39730,27321.8125,961.37939453125,297.5683337833097,24.79736114860914,1602.1866101759952,48,/dtu/p1/leopam/ARGOS/ARGOS_FREEZED/experiments/01_multiseed_replication/budget_1x/seed_20260724/runtime_summary.json
3x,20260722,True,113.84909399802564,50.809299717016984,NVIDIA H100 PCIe,n-62-12-83,119190,27331.109375,961.37939453125,373.72204343233255,31.14350361936105,3827.122389848999,48,/dtu/p1/leopam/ARGOS/ARGOS_FREEZED/experiments/02_massive_training/budget_3x/seed_20260722/runtime_summary.json
3x,20260723,True,90.61809021199588,83.76984608199564,NVIDIA H100 PCIe,n-62-12-83,119190,27525.50390625,961.37939453125,199.16088542452096,16.596740452043413,7181.530635151023,48,/dtu/p1/leopam/ARGOS/ARGOS_FREEZED/experiments/02_massive_training/budget_3x/seed_20260723/runtime_summary.json
3x,20260724,True,91.7964378951001,44.93500331201358,NVIDIA H100 PCIe,n-62-12-83,119190,28318.90625,961.37939453125,456.29893820016196,38.02491151668016,3134.524059252988,48,/dtu/p1/leopam/ARGOS/ARGOS_FREEZED/experiments/02_massive_training/budget_3x/seed_20260724/runtime_summary.json
6x,20260722,True,167.10374340799171,82.2224248299899,NVIDIA H100 PCIe,n-62-12-83,238380,27328.14453125,961.37939453125,297.04590528553763,24.75382544046147,9630.026703280979,48,/dtu/p1/leopam/ARGOS/ARGOS_FREEZED/experiments/02_massive_training/budget_6x/seed_20260722/runtime_summary.json
6x,20260723,True,90.611903335026,44.41986639398965,NVIDIA H100 PCIe,n-62-12-83,238380,27327.7578125,961.37939453125,545.704010133208,45.47533417776734,5241.962578398001,48,/dtu/p1/leopam/ARGOS/ARGOS_FREEZED/experiments/02_massive_training/budget_6x/seed_20260723/runtime_summary.json
6x,20260724,True,90.35705479996977,44.501457996986574,NVIDIA H100 PCIe,n-62-12-83,238380,27333.0,961.37939453125,517.7629800835725,43.14691500696438,5524.844591125991,48,/dtu/p1/leopam/ARGOS/ARGOS_FREEZED/experiments/02_massive_training/budget_6x/seed_20260724/runtime_summary.json
