beneficial_rate,boundary_raw_mae,boundary_refined_mae,catastrophic_harmful_gt6px,corr_max,corr_p50,corr_p95,corr_p99,correction_magnitude_ratio,correction_sign_accuracy,delta_mae,fixed_bad1_pct_of_rawbad,fixed_bad3_pct_of_rawbad,frac_corr_gt12px,frac_corr_gt20px,frac_corr_gt3px,frac_corr_gt6px,harmful_rate,interior_raw_mae,interior_refined_mae,mean_beneficial_reduction,mean_harmful_increase,modified_pixel_ratio,net_benefit_ratio,neutral_rate,new_bad1_pct_of_rawgood,new_bad3_pct_of_rawgood,overshoot_rate,raw_bad1,raw_bad3,raw_bad5,raw_mae,raw_rmse,refined_bad1,refined_bad3,refined_bad5,refined_mae,refined_rmse,rel_impr,specimen,top0.1pct_damage_contrib,top1.0pct_damage_contrib,top10.0pct_damage_contrib,top5.0pct_damage_contrib,undershoot_rate,valid_px
0.0,7.163326740264893,7.170891761779785,0.0,0.040126800537109375,0.03379344940185547,0.03600654751062393,0.03818958252668381,0.0,nan,0.004263877868652344,1.332741003998223,1.083032490974729,0.0,0.0,0.0,0.0,0.0,3.457198143005371,3.4521682262420654,0.0,0.0,0.0,0.0,0.0,0.9636443276390714,0.0,nan,49.64711071901191,18.328187031318922,14.512571680635201,3.68280291557312,7.9095139503479,49.470666078517866,18.129686810763125,14.512571680635201,3.6785390377044678,7.91143274307251,0.0011577806269844327,specimen_1,0.0027964627370238304,0.028482364490628242,0.27195096015930176,0.13729506731033325,nan,4534
0.0,14.400006294250488,14.401780128479004,0.0,0.044391632080078125,0.032814979553222656,0.03880758211016655,0.04089885950088501,0.0,nan,0.0058155059814453125,1.054481546572935,0.1277139208173691,0.0,0.0,0.0,0.0,0.0,7.937597274780273,7.930964469909668,0.0,0.0,0.0,0.0,0.0,0.8583690987124464,0.0,nan,70.94763092269328,48.81546134663341,44.763092269326684,8.566110610961914,13.68399429321289,70.44887780548629,48.753117206982544,44.763092269326684,8.560295104980469,13.684388160705566,0.0006788969049738049,specimen_1,0.003914461471140385,0.04280915483832359,0.40051424503326416,0.2035713493824005,nan,4812
0.0,6.402213096618652,6.409831523895264,0.0,0.04065132141113281,0.03370857238769531,0.03631420433521271,0.03805040568113327,0.0,nan,0.0026590824127197266,1.4347202295552368,0.8532423208191127,0.0,0.0,0.0,0.0,0.0,2.423027515411377,2.4198970794677734,0.0,0.0,0.0,0.0,0.0,0.5985783763561541,0.0,nan,43.89168765743073,12.300587741393787,9.739714525608733,2.597597122192383,6.012139320373535,43.59781696053736,12.195633921074728,9.71872376154492,2.594938039779663,6.013643741607666,0.0010236700641535396,specimen_1,0.0024134423583745956,0.02573602832853794,0.24433965981006622,0.12375771254301071,nan,4764
0.0,10.891024589538574,10.891875267028809,0.0,0.05019569396972656,0.026187896728515625,0.043157197535037994,0.044250719249248505,0.0,nan,0.007868766784667969,0.7498660953401178,0.2530730296456978,0.0,0.0,0.0,0.0,0.0,13.104289054870605,13.095773696899414,0.0,0.0,0.0,0.0,0.0,0.8118081180811807,0.0,nan,73.3739438003537,54.352525054038125,51.69974454706229,12.951199531555176,18.628883361816406,73.03988995873453,54.21497347219493,51.6211436431519,12.943330764770508,18.625837326049805,0.0006075705007475157,specimen_1,0.00632966635748744,0.05865997448563576,0.5442915558815002,0.276934415102005,nan,5089
0.0,8.47408390045166,8.48025131225586,0.0,0.0405731201171875,0.0336456298828125,0.037261005491018295,0.03806820139288902,0.0,nan,0.003346681594848633,1.8798716185236128,0.45610034207525657,0.0,0.0,0.0,0.0,0.0,3.5510761737823486,3.5471999645233154,0.0,0.0,0.0,0.0,0.0,0.9426551453260016,0.0,nan,46.13920033848107,18.552993441929342,14.44891051406812,3.81040096282959,8.4707670211792,45.779564205627246,18.4683731753755,14.38544531415274,3.807054281234741,8.47154426574707,0.0008783016872752938,specimen_1,0.002620535669848323,0.028442852199077606,0.2637232542037964,0.13422849774360657,nan,4727
0.0,4.1044921875,4.081001281738281,0.0,0.03750801086425781,0.029285430908203125,0.03616218641400337,0.03721706569194794,0.0,nan,0.012859344482421875,2.631578947368421,0.0,0.0,0.0,0.0,0.0,0.0,1.6769381761550903,1.6646716594696045,0.0,0.0,0.0,0.0,0.0,0.0,0.0,nan,62.70627062706271,15.181518151815181,3.9603960396039604,1.8051258325576782,2.6155025959014893,61.05610561056105,15.181518151815181,3.9603960396039604,1.7922664880752563,2.6065211296081543,0.007123793948592217,specimen_1,0.015530239790678024,0.04527623578906059,0.3890651762485504,0.21402733027935028,nan,303
0.0,4.1268696784973145,4.121183395385742,0.0,0.03977203369140625,0.033084869384765625,0.034915924072265625,0.0373876579105854,0.0,nan,0.008808135986328125,3.898305084745763,2.4861878453038675,0.0,0.0,0.0,0.0,0.0,1.8069095611572266,1.7980122566223145,0.0,0.0,0.0,0.0,0.0,0.28735632183908044,0.0,nan,42.0827389443652,8.606752258678078,6.3242986210175935,1.871444821357727,4.277699947357178,40.60865430337613,8.392772230147408,6.348074179743223,1.862636685371399,4.276224613189697,0.004706596681775448,specimen_1,0.003409386845305562,0.032201435416936874,0.304339200258255,0.154144287109375,nan,4206
0.0,4.686069488525391,4.683133602142334,0.0,0.03954505920410156,0.03276252746582031,0.03506746143102646,0.03719139099121094,0.0,nan,0.004594326019287109,2.5205761316872426,1.40625,0.0,0.0,0.0,0.0,0.0,2.451817512512207,2.447162389755249,0.0,0.0,0.0,0.0,0.0,0.33816425120772947,0.0,nan,48.4304932735426,15.944195316392626,10.961634280019931,2.5308568477630615,5.1624884605407715,47.384155455904335,15.719980069755854,10.936721474838066,2.5262625217437744,5.163774013519287,0.0018153243330802681,specimen_1,0.003087514080107212,0.027683157473802567,0.26600685715675354,0.13414661586284637,nan,4014
0.0,4.686069488525391,4.683027267456055,0.0,0.03952217102050781,0.03273487091064453,0.035278793424367905,0.0372159406542778,0.0,nan,0.004590749740600586,2.5205761316872426,1.40625,0.0,0.0,0.0,0.0,0.0,2.451817512512207,2.447169780731201,0.0,0.0,0.0,0.0,0.0,0.33816425120772947,0.0,nan,48.4304932735426,15.944195316392626,10.961634280019931,2.5308568477630615,5.1624884605407715,47.384155455904335,15.719980069755854,10.936721474838066,2.526266098022461,5.163803577423096,0.001813911262763911,specimen_1,0.003079921007156372,0.02763887494802475,0.2655603885650635,0.13386103510856628,nan,4014
0.0,5.347502708435059,5.339021682739258,0.0,0.040317535400390625,0.033107757568359375,0.03598499298095703,0.03776022046804428,0.0,nan,0.005486488342285156,1.2704174228675136,1.5037593984962405,0.0,0.0,0.0,0.0,0.0,3.4315524101257324,3.4262473583221436,0.0,0.0,0.0,0.0,0.0,0.27654867256637167,0.0,nan,54.93519441674975,19.890329012961118,14.132602193419741,3.540912389755249,7.26245641708374,54.361914257228314,19.59122632103689,14.082751744765703,3.535425901412964,7.2624831199646,0.0015494561114132472,specimen_1,0.0033640004694461823,0.030159611254930496,0.2884674072265625,0.14573954045772552,nan,4012
0.0,5.347502708435059,5.338988304138184,0.0,0.04026222229003906,0.03308868408203125,0.035795971751213074,0.03781002014875412,0.0,nan,0.0054721832275390625,1.2250453720508168,1.5037593984962405,0.0,0.0,0.0,0.0,0.0,3.4315524101257324,3.4262642860412598,0.0,0.0,0.0,0.0,0.0,0.27654867256637167,0.0,nan,54.93519441674975,19.890329012961118,14.132602193419741,3.540912389755249,7.26245641708374,54.38683948155534,19.59122632103689,14.082751744765703,3.53544020652771,7.262479305267334,0.0015454161597930145,specimen_1,0.003365253796800971,0.03016410768032074,0.28861236572265625,0.1458263099193573,nan,4012
0.0,5.735629558563232,5.723205089569092,0.0,0.041713714599609375,0.033532142639160156,0.03731679916381836,0.038701631128787994,0.0,nan,0.007080554962158203,2.085181898846495,0.7829977628635347,0.0,0.0,0.0,0.0,0.0,4.158022403717041,4.1513447761535645,0.0,0.0,0.0,0.0,0.0,0.48426150121065376,0.06640106241699867,nan,57.70609318996416,22.887864823348693,16.538658474142345,4.268689155578613,9.035452842712402,56.707629288274454,22.759856630824373,16.43625192012289,4.261608600616455,9.033974647521973,0.0016587188019780855,specimen_1,0.002843250520527363,0.03319545090198517,0.31394726037979126,0.15917597711086273,nan,3906
0.0,5.735629558563232,5.723094463348389,0.0,0.04176139831542969,0.033501625061035156,0.03733682632446289,0.038669489324092865,0.0,nan,0.0070953369140625,2.085181898846495,0.7829977628635347,0.0,0.0,0.0,0.0,0.0,4.158022403717041,4.151337146759033,0.0,0.0,0.0,0.0,0.0,0.48426150121065376,0.06640106241699867,nan,57.70609318996416,22.887864823348693,16.538658474142345,4.268689155578613,9.035452842712402,56.707629288274454,22.759856630824373,16.43625192012289,4.261593818664551,9.03396987915039,0.0016621816804790837,specimen_1,0.002852238714694977,0.033308617770671844,0.3147464692592621,0.15969134867191315,nan,3906
0.0,7.81285285949707,7.808330535888672,0.0,0.0425567626953125,0.03573036193847656,0.039322853088378906,0.04064788669347763,0.0,nan,0.013568878173828125,1.9772117962466487,0.37243947858473,0.0,0.0,0.0,0.0,0.0,5.440314292907715,5.426074504852295,0.0,0.0,0.0,0.0,0.0,0.33178500331785005,0.029265437518290898,nan,66.44399910932977,23.91449565798263,18.90447561790247,5.604083061218262,12.093860626220703,65.24159429971054,23.847695390781563,18.88220886216878,5.590514183044434,12.090506553649902,0.002421248583506614,specimen_1,0.0042610433883965015,0.043983183801174164,0.42723891139030457,0.21687953174114227,nan,4491
0.0,7.34765625,7.356060981750488,0.0,0.0397186279296875,0.02907562255859375,0.03653240203857422,0.03778458386659622,0.0,nan,0.004441261291503906,4.522613065326634,0.0,0.0,0.0,0.0,0.0,0.0,2.3041493892669678,2.299424409866333,0.0,0.0,0.0,0.0,0.0,0.0,0.0,nan,53.63881401617251,12.93800539083558,9.973045822102426,2.4129042625427246,4.858170509338379,51.21293800539084,12.93800539083558,9.973045822102426,2.4084630012512207,4.860427379608154,0.0018406288887830525,specimen_1,0.009375530295073986,0.027523286640644073,0.2671886682510376,0.13798066973686218,nan,371
0.0,4.7734375,4.794724464416504,0.0,0.03736114501953125,0.025852203369140625,0.03517303615808487,0.03695293515920639,0.0,nan,0.002123594284057617,0.7352941176470588,0.0,0.0,0.0,0.0,0.0,0.0,2.4690027236938477,2.4666268825531006,0.0,0.0,0.0,0.0,0.0,0.0,0.0,nan,72.53333333333333,23.200000000000003,7.733333333333333,2.4935834407806396,4.106728553771973,72.0,23.200000000000003,7.733333333333333,2.491459846496582,4.1061835289001465,0.0008516235106986458,specimen_1,0.00849938951432705,0.025415293872356415,0.26867496967315674,0.14795741438865662,nan,375
0.0,2.0479166507720947,2.0349111557006836,0.0,0.037952423095703125,0.0265655517578125,0.03761749342083931,0.037884827703237534,0.0,nan,0.002093195915222168,0.8163265306122449,0.0,0.0,0.0,0.0,0.0,0.0,1.5500156879425049,1.548333764076233,0.0,0.0,0.0,0.0,0.0,0.0,0.0,nan,59.32203389830508,6.5375302663438255,2.4213075060532687,1.5680992603302002,2.2942097187042236,58.83777239709443,6.5375302663438255,2.4213075060532687,1.566006064414978,2.293952703475952,0.0013348618726989237,specimen_1,0.007293250411748886,0.029158340767025948,0.2941315174102783,0.1454317718744278,nan,413
0.0,3.483630895614624,3.464428186416626,0.0,0.039104461669921875,0.02365875244140625,0.03800010681152344,0.03898277506232262,0.0,nan,-0.005850553512573242,0.7168458781362007,0.0,0.0,0.0,0.0,0.0,0.0,1.777187466621399,1.7842072248458862,0.0,0.0,0.0,0.0,0.0,1.0416666666666665,0.0,nan,59.23566878980891,21.443736730360936,7.855626326963907,1.8532710075378418,2.5064585208892822,59.23566878980891,21.443736730360936,8.280254777070063,1.859121561050415,2.5073623657226562,-0.0031568796407957516,specimen_1,0.005272808950394392,0.021072205156087875,0.24038629233837128,0.12022426724433899,nan,471
0.0,3.483630895614624,3.464442253112793,0.0,0.039306640625,0.023647308349609375,0.0382843017578125,0.03924407809972763,0.0,nan,-0.005874156951904297,0.7168458781362007,0.0,0.0,0.0,0.0,0.0,0.0,1.777187466621399,1.784231185913086,0.0,0.0,0.0,0.0,0.0,1.0416666666666665,0.0,nan,59.23566878980891,21.443736730360936,7.855626326963907,1.8532710075378418,2.5064585208892822,59.23566878980891,21.443736730360936,8.280254777070063,1.859145164489746,2.50736927986145,-0.0031696157378020996,specimen_1,0.005293881520628929,0.02116730436682701,0.24172188341617584,0.12098758667707443,nan,471
0.0,3.070833444595337,3.054736375808716,0.0,0.048320770263671875,0.02257537841796875,0.03856086730957031,0.039839934557676315,0.0,nan,-0.001113295555114746,0.3861003861003861,1.2658227848101267,0.0,0.0,0.0,0.0,0.0,1.7725735902786255,1.774307370185852,0.0,0.0,0.0,0.0,0.0,0.0,0.0,nan,60.092807424593964,18.329466357308586,4.176334106728538,1.8177566528320312,2.592578172683716,59.86078886310905,18.097447795823665,4.176334106728538,1.818869948387146,2.594470739364624,-0.0006124557725481307,specimen_1,0.008624187670648098,0.03000866062939167,0.2582572102546692,0.14581120014190674,nan,431
0.0,3.070833444595337,3.054736375808716,0.0,0.048320770263671875,0.02257537841796875,0.03856086730957031,0.039839934557676315,0.0,nan,-0.001113295555114746,0.3861003861003861,1.2658227848101267,0.0,0.0,0.0,0.0,0.0,1.7725735902786255,1.774307370185852,0.0,0.0,0.0,0.0,0.0,0.0,0.0,nan,60.092807424593964,18.329466357308586,4.176334106728538,1.8177566528320312,2.592578172683716,59.86078886310905,18.097447795823665,4.176334106728538,1.818869948387146,2.594470739364624,-0.0006124557725481307,specimen_1,0.008624187670648098,0.03000866062939167,0.2582572102546692,0.14581120014190674,nan,431
0.0,4.293981552124023,4.269861221313477,0.0,0.040058135986328125,0.022752761840820312,0.03977813571691513,0.03999752178788185,0.0,nan,0.0024614334106445312,0.974025974025974,0.0,0.0,0.0,0.0,0.0,0.0,1.84608793258667,1.8450850248336792,0.0,0.0,0.0,0.0,0.0,0.0,0.0,nan,71.96261682242991,19.158878504672895,4.906542056074766,2.0005111694335938,2.6505231857299805,71.26168224299066,19.158878504672895,4.672897196261682,1.9980497360229492,2.649580240249634,0.0012304022333159174,specimen_1,0.00839138776063919,0.03353838250041008,0.3005141317844391,0.1749190092086792,nan,428
0.0,4.293981552124023,4.2697906494140625,0.0,0.03980255126953125,0.022943496704101562,0.039347268640995026,0.039644625037908554,0.0,nan,0.0024557113647460938,0.974025974025974,0.0,0.0,0.0,0.0,0.0,0.0,1.84608793258667,1.8450956344604492,0.0,0.0,0.0,0.0,0.0,0.0,0.0,nan,71.96261682242991,19.158878504672895,4.906542056074766,2.0005111694335938,2.6505231857299805,71.26168224299066,19.158878504672895,4.672897196261682,1.9980554580688477,2.649625062942505,0.0012275419414135944,specimen_1,0.008318106643855572,0.03323814645409584,0.2962510287761688,0.17270395159721375,nan,428
0.0,,,0.0,0.038909912109375,0.021711349487304688,0.038700103759765625,0.038890913128852844,0.0,nan,-0.0016787052154541016,0.42194092827004215,1.1111111111111112,0.0,0.0,0.0,0.0,0.0,2.1320536136627197,2.133732318878174,0.0,0.0,0.0,0.0,0.0,2.6548672566371683,0.0,nan,67.71428571428572,25.71428571428571,4.571428571428571,2.1320536136627197,2.7411246299743652,68.28571428571428,25.428571428571427,4.571428571428571,2.133732318878174,2.7406742572784424,-0.0007873653855121415,specimen_1,0.00835366453975439,0.025056898593902588,0.29114076495170593,0.14178626239299774,nan,350
0.0,2.88043475151062,2.865424156188965,0.0,0.04000091552734375,0.0264129638671875,0.03913116455078125,0.039423827081918716,0.0,nan,0.0038836002349853516,0.823045267489712,2.857142857142857,0.0,0.0,0.0,0.0,0.0,1.5587064027786255,1.5554381608963013,0.0,0.0,0.0,0.0,0.0,0.0,0.0,nan,55.35307517084283,15.945330296127564,1.5945330296127564,1.627954125404358,2.1511824131011963,54.89749430523918,15.489749430523919,1.5945330296127564,1.6240705251693726,2.1457347869873047,0.002385571051654006,specimen_1,0.007706350181251764,0.030697524547576904,0.3228965103626251,0.1594456136226654,nan,439
0.0,,,0.0,0.04289436340332031,0.0248260498046875,0.037134647369384766,0.04285844787955284,0.0,nan,-0.004464268684387207,1.0,0.0,0.0,0.0,0.0,0.0,0.0,1.532997488975525,1.537461757659912,0.0,0.0,0.0,0.0,0.0,0.0,0.0,nan,65.78947368421053,8.552631578947368,2.631578947368421,1.532997488975525,1.9732364416122437,65.13157894736842,8.552631578947368,2.631578947368421,1.537461757659912,1.9693684577941895,-0.0029121174147327526,specimen_1,0.01788945309817791,0.01788945309817791,0.20126868784427643,0.10066262632608414,nan,152
0.0,2.51953125,2.5081613063812256,0.0,0.04727363586425781,0.028604507446289062,0.03960275650024414,0.040471456944942474,0.0,nan,-0.00998544692993164,0.6042296072507553,0.0,0.0,0.0,0.0,0.0,0.0,2.246960163116455,2.258275032043457,0.0,0.0,0.0,0.0,0.0,0.46511627906976744,0.0,nan,60.62271062271062,26.190476190476193,10.805860805860807,2.262934923171997,3.374509811401367,60.43956043956044,26.190476190476193,10.622710622710622,2.2729203701019287,3.3820745944976807,-0.0044126089653231644,specimen_1,0.00372511544264853,0.01811414398252964,0.1667686551809311,0.08749676495790482,nan,546
0.0,3.263962745666504,3.253662109375,0.0,0.039737701416015625,0.025762557983398438,0.03801422193646431,0.038821030408144,0.0,nan,0.006699681282043457,1.1029411764705883,0.0,0.0,0.0,0.0,0.0,0.0,1.4601329565048218,1.4538205862045288,0.0,0.0,0.0,0.0,0.0,0.4716981132075472,0.0,nan,56.19834710743802,16.735537190082646,5.991735537190083,1.635298252105713,2.209825038909912,55.78512396694215,16.735537190082646,5.991735537190083,1.6285985708236694,2.204368829727173,0.004096917044592034,specimen_1,0.008047561161220074,0.03197624906897545,0.32088690996170044,0.18224862217903137,nan,484
0.0,2.198214292526245,2.1845502853393555,0.0,0.04401206970214844,0.028972625732421875,0.03945312649011612,0.041408997029066086,0.0,nan,0.00021791458129882812,1.55902004454343,0.5154639175257731,0.0,0.0,0.0,0.0,0.0,2.296557903289795,2.2970221042633057,0.0,0.0,0.0,0.0,0.0,0.0,0.0,nan,61.93103448275862,26.75862068965517,9.379310344827587,2.2918102741241455,3.43481707572937,60.96551724137931,26.620689655172413,9.379310344827587,2.2915923595428467,3.4389567375183105,9.508404066392795e-05,specimen_1,0.004412820562720299,0.030320236459374428,0.24456988275051117,0.13190996646881104,nan,725
0.0,,,0.0,0.038776397705078125,0.0241546630859375,0.03416919708251953,0.03555641323328018,0.0,nan,-0.013661026954650879,0.0,0.0,0.0,0.0,0.0,0.0,0.0,1.2069052457809448,1.2205662727355957,0.0,0.0,0.0,0.0,0.0,0.0,0.0,nan,56.98924731182796,4.301075268817205,0.0,1.2069052457809448,1.429113745689392,56.98924731182796,4.301075268817205,0.0,1.2205662727355957,1.4379414319992065,-0.011319055081089918,specimen_1,0.010680084116756916,0.010680084116756916,0.16374465823173523,0.08582574874162674,nan,186
0.0,0.5795454382896423,0.5921083092689514,0.0,0.04356193542480469,0.028316497802734375,0.03587302565574646,0.037263717502355576,0.0,nan,-0.0037819743156433105,2.380952380952381,0.0,0.0,0.0,0.0,0.0,0.0,0.9244019389152527,0.9279235005378723,0.0,0.0,0.0,0.0,0.0,0.0,0.0,nan,32.98429319371728,2.356020942408377,0.0,0.9144715070724487,1.1512919664382935,32.19895287958115,2.356020942408377,0.0,0.918253481388092,1.150852084159851,-0.004135693989800477,specimen_1,0.006169924512505531,0.01808197610080242,0.1934698224067688,0.10090719163417816,nan,382
0.0,0.5795454382896423,0.5922632813453674,0.0,0.04370689392089844,0.028045654296875,0.03583850711584091,0.03747959062457085,0.0,nan,-0.0039141178131103516,2.380952380952381,0.0,0.0,0.0,0.0,0.0,0.0,0.9244019389152527,0.9280549883842468,0.0,0.0,0.0,0.0,0.0,0.0,0.0,nan,32.98429319371728,2.356020942408377,0.0,0.9144715070724487,1.1512919664382935,32.19895287958115,2.356020942408377,0.0,0.9183856248855591,1.1510196924209595,-0.004280196575660237,specimen_1,0.006279064808040857,0.018185775727033615,0.19373078644275665,0.10097987204790115,nan,382
0.0,1.75,1.7258057594299316,0.0,0.04247093200683594,0.030344009399414062,0.03612642362713814,0.03685596585273743,0.0,nan,0.008571982383728027,0.8130081300813009,3.571428571428571,0.0,0.0,0.0,0.0,0.0,1.6955658197402954,1.6875,0.0,0.0,0.0,0.0,0.0,0.0,0.0,nan,59.42028985507246,13.526570048309178,6.280193236714976,1.6972750425338745,2.325582981109619,58.93719806763285,13.043478260869565,5.797101449275362,1.6887030601501465,2.310807943344116,0.005050438007343142,specimen_1,0.008524492383003235,0.03373642638325691,0.300136923789978,0.15881775319576263,nan,414
0.0,1.75,1.7256569862365723,0.0,0.04247856140136719,0.0299835205078125,0.03612356260418892,0.03676099702715874,0.0,nan,0.008246779441833496,0.8130081300813009,1.7857142857142856,0.0,0.0,0.0,0.0,0.0,1.6955658197402954,1.6878405809402466,0.0,0.0,0.0,0.0,0.0,0.0,0.0,nan,59.42028985507246,13.526570048309178,6.280193236714976,1.6972750425338745,2.325582981109619,58.93719806763285,13.285024154589372,5.797101449275362,1.689028263092041,2.311030864715576,0.004858835035670953,specimen_1,0.008466578088700771,0.03350972756743431,0.29852673411369324,0.15749399363994598,nan,414
0.0,2.40625,2.3738479614257812,0.0,0.04702949523925781,0.028369903564453125,0.039943695068359375,0.040134504437446594,0.0,nan,0.002164602279663086,1.9801980198019802,0.0,0.0,0.0,0.0,0.0,0.0,2.2649967670440674,2.2629940509796143,0.0,0.0,0.0,0.0,0.0,0.0,0.0,nan,53.86666666666666,21.333333333333336,9.066666666666666,2.265749931335449,4.364389896392822,52.800000000000004,21.333333333333336,9.066666666666666,2.263585329055786,4.363715648651123,0.0009553579809168322,specimen_1,0.006528052967041731,0.01954474486410618,0.22590601444244385,0.11408906430006027,nan,375
0.0,2.40625,2.3742027282714844,0.0,0.04696846008300781,0.028293609619140625,0.03987235948443413,0.0400724783539772,0.0,nan,0.0021321773529052734,1.9801980198019802,0.0,0.0,0.0,0.0,0.0,0.0,2.2649967670440674,2.2630248069763184,0.0,0.0,0.0,0.0,0.0,0.0,0.0,nan,53.86666666666666,21.333333333333336,9.066666666666666,2.265749931335449,4.364389896392822,52.800000000000004,21.333333333333336,9.066666666666666,2.263617753982544,4.3641357421875,0.0009410470782398095,specimen_1,0.006580251734703779,0.01971743255853653,0.2267465740442276,0.11431632190942764,nan,375
0.0,11.897321701049805,11.90081787109375,0.0,0.046905517578125,0.028402328491210938,0.04035968706011772,0.040472183376550674,0.0,nan,-0.0009872913360595703,1.6,0.0,0.0,0.0,0.0,0.0,0.0,2.2253429889678955,2.226245164871216,0.0,0.0,0.0,0.0,0.0,0.5747126436781609,0.0,nan,58.9622641509434,29.245283018867923,12.735849056603774,2.544700860977173,4.354694366455078,58.25471698113207,29.245283018867923,12.735849056603774,2.5456881523132324,4.357912540435791,-0.0003879793303800933,specimen_1,0.006049001589417458,0.0235496424138546,0.2088710516691208,0.11049184948205948,nan,424
0.0,11.897321701049805,11.90064811706543,0.0,0.04682731628417969,0.02854156494140625,0.040242861956357956,0.040382977575063705,0.0,nan,-0.0010328292846679688,1.6,0.0,0.0,0.0,0.0,0.0,0.0,2.2253429889678955,2.226297616958618,0.0,0.0,0.0,0.0,0.0,0.5747126436781609,0.0,nan,58.9622641509434,29.245283018867923,12.735849056603774,2.544700860977173,4.354694366455078,58.25471698113207,29.245283018867923,12.735849056603774,2.545733690261841,4.357899188995361,-0.00040587453735971117,specimen_1,0.006043006666004658,0.02346019074320793,0.20907308161258698,0.11052726954221725,nan,424
0.0,2.6078124046325684,2.5956597328186035,0.0,0.04746246337890625,0.025798797607421875,0.03795241937041283,0.03988969326019287,0.0,nan,0.00812995433807373,0.9345794392523363,1.4492753623188406,0.0,0.0,0.0,0.0,0.0,1.393387794494629,1.3855739831924438,0.0,0.0,0.0,0.0,0.0,0.0,0.0,nan,58.46994535519126,12.568306010928962,0.36429872495446264,1.481870412826538,1.8881560564041138,57.92349726775956,12.386156648451731,0.36429872495446264,1.4737404584884644,1.8822710514068604,0.005486278872770362,specimen_1,0.009455373510718346,0.041668012738227844,0.34327787160873413,0.1954367607831955,nan,549
0.0,2.6078124046325684,2.595615863800049,0.0,0.047405242919921875,0.025665283203125,0.03790740668773651,0.039898086339235306,0.0,nan,0.008072733879089355,0.9345794392523363,1.4492753623188406,0.0,0.0,0.0,0.0,0.0,1.393387794494629,1.3856390714645386,0.0,0.0,0.0,0.0,0.0,0.0,0.0,nan,58.46994535519126,12.568306010928962,0.36429872495446264,1.481870412826538,1.8881560564041138,57.92349726775956,12.386156648451731,0.36429872495446264,1.4737976789474487,1.8823341131210327,0.0054476652001515585,specimen_1,0.009454457089304924,0.04173023998737335,0.3433409035205841,0.19570544362068176,nan,549
0.0,2.6931817531585693,2.679919719696045,0.0,0.04195404052734375,0.025634765625,0.03877868503332138,0.04127361997961998,0.0,nan,-0.0039299726486206055,0.0,2.3255813953488373,0.0,0.0,0.0,0.0,0.0,1.548809289932251,1.553836703300476,0.0,0.0,0.0,0.0,0.0,0.0,0.0,nan,59.45454545454546,15.636363636363637,2.181818181818182,1.6174715757369995,2.0932915210723877,59.45454545454546,15.272727272727273,2.181818181818182,1.6214015483856201,2.097038984298706,-0.002429701212418473,specimen_1,0.005010403227061033,0.02500099129974842,0.2445908486843109,0.129384383559227,nan,550
0.0,2.6931817531585693,2.679804563522339,0.0,0.042438507080078125,0.0261688232421875,0.03915519639849663,0.04157990589737892,0.0,nan,-0.003945827484130859,0.0,2.3255813953488373,0.0,0.0,0.0,0.0,0.0,1.548809289932251,1.5538607835769653,0.0,0.0,0.0,0.0,0.0,0.0,0.0,nan,59.45454545454546,15.636363636363637,2.181818181818182,1.6174715757369995,2.0932915210723877,59.45454545454546,15.272727272727273,2.181818181818182,1.6214174032211304,2.097043037414551,-0.0024395034468120075,specimen_1,0.004976579919457436,0.02481982484459877,0.2403949797153473,0.12808933854103088,nan,550
0.0,1.9013158082962036,1.8982312679290771,0.0,0.04976654052734375,0.027435302734375,0.03929366543889046,0.04232971370220184,0.0,nan,-0.0016412734985351562,0.8676789587852495,0.0,0.0,0.0,0.0,0.0,0.0,2.154759645462036,2.156538963317871,0.0,0.0,0.0,0.0,0.0,0.0,0.0,nan,68.90881913303438,21.225710014947683,9.566517189835576,2.147561550140381,3.0085701942443848,68.31091180866966,21.225710014947683,9.715994020926756,2.149202823638916,3.0149037837982178,-0.0007642498062176008,specimen_1,0.005142773501574993,0.027184244245290756,0.23781228065490723,0.1317077875137329,nan,669
0.0,1.9013158082962036,1.8981828689575195,0.0,0.0499725341796875,0.02701568603515625,0.03922729194164276,0.0422418974339962,0.0,nan,-0.0015149116516113281,0.8676789587852495,0.0,0.0,0.0,0.0,0.0,0.0,2.154759645462036,2.1564104557037354,0.0,0.0,0.0,0.0,0.0,0.0,0.0,nan,68.90881913303438,21.225710014947683,9.566517189835576,2.147561550140381,3.0085701942443848,68.31091180866966,21.225710014947683,9.715994020926756,2.149076461791992,3.0146989822387695,-0.0007054101203815565,specimen_1,0.005246263928711414,0.027696669101715088,0.2422652691602707,0.13427673280239105,nan,669
0.0,2.003472328186035,1.9932657480239868,0.0,0.04462432861328125,0.029603958129882812,0.0394250862300396,0.04239967465400696,0.0,nan,-0.0015206336975097656,0.3929273084479371,0.0,0.0,0.0,0.0,0.0,0.0,2.5053601264953613,2.507174015045166,0.0,0.0,0.0,0.0,0.0,0.0,0.17035775127768313,nan,68.97018970189703,20.460704607046072,14.634146341463413,2.49311900138855,3.8802406787872314,68.69918699186992,20.59620596205962,14.634146341463413,2.4946396350860596,3.8861083984375,-0.0006099322562071222,specimen_1,0.004095181357115507,0.027586637064814568,0.25168630480766296,0.13523970544338226,nan,738
0.0,2.003472328186035,1.993061900138855,0.0,0.04416465759277344,0.029811859130859375,0.03924503177404404,0.041987039148807526,0.0,nan,-0.0015501976013183594,0.3929273084479371,0.0,0.0,0.0,0.0,0.0,0.0,2.5053601264953613,2.507209062576294,0.0,0.0,0.0,0.0,0.0,0.0,0.17035775127768313,nan,68.97018970189703,20.460704607046072,14.634146341463413,2.49311900138855,3.8802406787872314,68.69918699186992,20.59620596205962,14.634146341463413,2.494669198989868,3.8860301971435547,-0.0006217904562337267,specimen_1,0.0040367902256548405,0.027169663459062576,0.25157788395881653,0.13412515819072723,nan,738
0.0,2.3705356121063232,2.3539505004882812,0.0,0.044193267822265625,0.030897140502929688,0.03958091512322426,0.04259723797440529,0.0,nan,-0.004799842834472656,0.8944543828264758,1.0526315789473684,0.0,0.0,0.0,0.0,0.0,3.2920844554901123,3.2974650859832764,0.0,0.0,0.0,0.0,0.0,0.425531914893617,0.0,nan,70.40302267002518,35.894206549118394,20.780856423173805,3.2677109241485596,5.187773704528809,69.89924433249371,35.51637279596977,21.03274559193955,3.2725107669830322,5.1950201988220215,-0.0014688700885386035,specimen_1,0.0034441619645804167,0.023485705256462097,0.23258869349956512,0.12361493706703186,nan,794
0.0,2.95849609375,2.936519145965576,0.0,0.038936614990234375,0.03236675262451172,0.037101078778505325,0.037567138671875,0.0,nan,0.011059045791625977,0.8241758241758242,4.2622950819672125,0.0,0.0,0.0,0.0,0.0,1.8817163705825806,1.8709862232208252,0.0,0.0,0.0,0.0,0.0,0.9562841530054645,0.0,nan,66.54478976234005,13.939670932358316,4.341864716636198,1.9132126569747925,2.8700780868530273,66.31627056672761,13.345521023765997,4.113345521023766,1.9021536111831665,2.860189914703369,0.005780353663932344,specimen_1,0.0035207115579396486,0.03284669667482376,0.3181361258029938,0.16298165917396545,nan,2188
0.0,4.13205623626709,4.111179351806641,0.0,0.03895759582519531,0.03215789794921875,0.037143707275390625,0.037642668932676315,0.0,nan,0.01088869571685791,1.5055467511885896,5.448717948717949,0.0,0.0,0.0,0.0,0.0,1.781760334968567,1.7710272073745728,0.0,0.0,0.0,0.0,0.0,0.13175230566534915,0.0,nan,62.444334487877285,15.437902028698664,5.244928253339931,1.817811369895935,2.858562469482422,61.5536862939139,14.596734289955467,5.1954477981197424,1.8069226741790771,2.8502373695373535,0.005990003086778613,specimen_1,0.0037426927592605352,0.03481511026620865,0.32297784090042114,0.1668889969587326,nan,2021
0.0,4.13205623626709,4.110907554626465,0.0,0.03882789611816406,0.032192230224609375,0.037151336669921875,0.03766670078039169,0.0,nan,0.010923504829406738,1.5055467511885896,5.448717948717949,0.0,0.0,0.0,0.0,0.0,1.781760334968567,1.77099609375,0.0,0.0,0.0,0.0,0.0,0.13175230566534915,0.0,nan,62.444334487877285,15.437902028698664,5.244928253339931,1.817811369895935,2.858562469482422,61.5536862939139,14.596734289955467,5.1954477981197424,1.8068878650665283,2.850184917449951,0.006009152000205654,specimen_1,0.003744902089238167,0.03491565212607384,0.32339558005332947,0.16713055968284607,nan,2021
0.0,2.9171130657196045,2.907989740371704,0.0,0.03880882263183594,0.0313262939453125,0.0375860221683979,0.037972718477249146,0.0,nan,0.004115581512451172,1.6027874564459932,1.9801980198019802,0.0,0.0,0.0,0.0,0.0,2.0400986671447754,2.0362443923950195,0.0,0.0,0.0,0.0,0.0,0.5856515373352855,0.0,nan,67.75259678942398,19.07459867799811,7.0349386213408875,2.0835766792297363,3.2599668502807617,66.85552407932012,18.69688385269122,6.9405099150141645,2.079461097717285,3.2561144828796387,0.0019752484050515645,specimen_1,0.002775839762762189,0.025640657171607018,0.24460366368293762,0.12441472709178925,nan,2118
0.0,2.9171130657196045,2.90791392326355,0.0,0.03891181945800781,0.031299591064453125,0.03759412840008736,0.037975311279296875,0.0,nan,0.004114627838134766,1.5331010452961673,1.9801980198019802,0.0,0.0,0.0,0.0,0.0,2.0400986671447754,2.0362491607666016,0.0,0.0,0.0,0.0,0.0,0.5856515373352855,0.0,nan,67.75259678942398,19.07459867799811,7.0349386213408875,2.0835766792297363,3.2599668502807617,66.90273843248347,18.69688385269122,6.9405099150141645,2.0794620513916016,3.2561233043670654,0.001974790694843002,specimen_1,0.0027803967241197824,0.025815119966864586,0.24468807876110077,0.12452275305986404,nan,2118
0.0,3.328004837036133,3.3237318992614746,0.0,0.03985023498535156,0.030757904052734375,0.037850093096494675,0.038333892822265625,0.0,nan,0.008670568466186523,0.6693440428380187,1.9120458891013385,0.0,0.0,0.0,0.0,0.0,2.3337457180023193,2.3248162269592285,0.0,0.0,0.0,0.0,0.0,0.4728132387706856,0.0,nan,63.84615384615384,22.350427350427353,12.222222222222221,2.3889822959899902,3.799898147583008,63.589743589743584,21.923076923076923,11.880341880341879,2.3803117275238037,3.796100378036499,0.003629398376346466,specimen_1,0.003286205930635333,0.03293905407190323,0.30316072702407837,0.15781241655349731,nan,2340
0.0,3.328004837036133,3.323740243911743,0.0,0.03993988037109375,0.030742645263671875,0.037883855402469635,0.03835953027009964,0.0,nan,0.008672952651977539,0.6693440428380187,1.9120458891013385,0.0,0.0,0.0,0.0,0.0,2.3337457180023193,2.3248133659362793,0.0,0.0,0.0,0.0,0.0,0.4728132387706856,0.0,nan,63.84615384615384,22.350427350427353,12.222222222222221,2.3889822959899902,3.799898147583008,63.589743589743584,21.923076923076923,11.880341880341879,2.3803093433380127,3.7960684299468994,0.0036303963685856795,specimen_1,0.0032963817939162254,0.0330793634057045,0.30370277166366577,0.1581830084323883,nan,2340
0.0,3.9454195499420166,3.9204013347625732,0.0,0.03925323486328125,0.03304862976074219,0.03826713562011719,0.03855323791503906,0.0,nan,0.012177705764770508,0.7807807807807807,2.083333333333333,0.0,0.0,0.0,0.0,0.0,2.766857862472534,2.7550954818725586,0.0,0.0,0.0,0.0,0.0,0.0,0.0,nan,71.48990983254616,14.426792614856163,7.642765135251181,2.8037986755371094,5.766839504241943,70.93173035637614,14.126234435379992,7.385143838557321,2.791620969772339,5.762402534484863,0.004343288222160847,specimen_1,0.0035722581669688225,0.03748219087719917,0.3377247154712677,0.1748231202363968,nan,2329
0.0,3.3125,3.324735164642334,0.0,0.040050506591796875,0.0317840576171875,0.036588381975889206,0.03678463026881218,0.0,nan,-0.015883922576904297,0.3052503052503053,0.24937655860349126,0.0,0.0,0.0,0.0,0.0,2.4970617294311523,2.5131337642669678,0.0,0.0,0.0,0.0,0.0,2.091254752851711,0.17016449234259784,nan,75.6931608133087,18.530499075785585,7.43992606284658,2.5370047092437744,4.288360118865967,75.97042513863215,18.622920517560075,7.486136783733826,2.5528886318206787,4.299838066101074,-0.0062608959766728015,specimen_1,0.0015926238847896457,0.015523413196206093,0.15418952703475952,0.07900141924619675,nan,2164
0.0,3.3125,3.32466983795166,0.0,0.0400390625,0.031787872314453125,0.03659543767571449,0.036796074360609055,0.0,nan,-0.015900850296020508,0.3052503052503053,0.24937655860349126,0.0,0.0,0.0,0.0,0.0,2.4970617294311523,2.513154983520508,0.0,0.0,0.0,0.0,0.0,2.091254752851711,0.17016449234259784,nan,75.6931608133087,18.530499075785585,7.43992606284658,2.5370047092437744,4.288360118865967,75.97042513863215,18.622920517560075,7.486136783733826,2.552905559539795,4.299891948699951,-0.006267568301345489,specimen_1,0.0015908487839624286,0.015525518916547298,0.15415622293949127,0.0789836198091507,nan,2164
0.0,5.65625,5.655501842498779,0.0,0.037952423095703125,0.03277397155761719,0.03729210048913956,0.037686921656131744,0.0,nan,0.012738943099975586,1.5056461731493098,3.0054644808743167,0.0,0.0,0.0,0.0,0.0,2.1734793186187744,2.1604485511779785,0.0,0.0,0.0,0.0,0.0,0.3629764065335753,0.0,nan,74.31235431235432,17.062937062937063,6.247086247086247,2.256286382675171,3.4844768047332764,73.2867132867133,16.55011655011655,6.247086247086247,2.2435474395751953,3.4775710105895996,0.005645977920972794,specimen_1,0.0038111840840429068,0.03718572482466698,0.34833523631095886,0.18007025122642517,nan,2145
0.0,5.65625,5.655621528625488,0.0,0.03794670104980469,0.032840728759765625,0.03729057312011719,0.03770286589860916,0.0,nan,0.012736320495605469,1.4429109159347553,3.0054644808743167,0.0,0.0,0.0,0.0,0.0,2.1734793186187744,2.1604480743408203,0.0,0.0,0.0,0.0,0.0,0.3629764065335753,0.0,nan,74.31235431235432,17.062937062937063,6.247086247086247,2.256286382675171,3.4844768047332764,73.33333333333333,16.55011655011655,6.247086247086247,2.2435500621795654,3.477583169937134,0.0056448155665880595,specimen_1,0.003793782088905573,0.036917924880981445,0.34693774580955505,0.17906266450881958,nan,2145
0.0,4.9375,4.931107997894287,0.0,0.03860282897949219,0.03256416320800781,0.03741054609417915,0.03773496672511101,0.0,nan,0.012694120407104492,2.0754716981132075,1.1396011396011396,0.0,0.0,0.0,0.0,0.0,1.9897211790084839,1.9767711162567139,0.0,0.0,0.0,0.0,0.0,0.16339869281045752,0.10804970286331712,nan,72.20708446866485,15.940054495912806,5.767484105358765,2.1048479080200195,3.2303595542907715,70.75386012715713,15.849227974568574,5.722070844686648,2.092153787612915,3.224226236343384,0.006030896749706515,specimen_1,0.0036103110760450363,0.037576645612716675,0.34752872586250305,0.18014027178287506,nan,2202
0.0,4.9375,4.931097030639648,0.0,0.03878593444824219,0.03256797790527344,0.03746385499835014,0.03784358873963356,0.0,nan,0.012734651565551758,2.0754716981132075,1.1396011396011396,0.0,0.0,0.0,0.0,0.0,1.9897211790084839,1.976729154586792,0.0,0.0,0.0,0.0,0.0,0.16339869281045752,0.10804970286331712,nan,72.20708446866485,15.940054495912806,5.767484105358765,2.1048479080200195,3.2303595542907715,70.75386012715713,15.849227974568574,5.722070844686648,2.0921132564544678,3.2242021560668945,0.00605015284811288,specimen_1,0.003621756797656417,0.037854116410017014,0.34822067618370056,0.18084926903247833,nan,2202
0.0,4.530481338500977,4.519609451293945,0.0,0.037883758544921875,0.032654762268066406,0.036699868738651276,0.03716283664107323,0.0,nan,0.014066934585571289,1.3869625520110958,1.9672131147540985,0.0,0.0,0.0,0.0,0.0,1.7693978548049927,1.7552396059036255,0.0,0.0,0.0,0.0,0.0,0.13227513227513227,0.0,nan,65.60509554140127,13.876251137397636,3.912647861692448,1.846024751663208,2.834092140197754,64.74067333939945,13.603275705186531,3.821656050955414,1.8319578170776367,2.8252267837524414,0.007620122413254449,specimen_1,0.003982288762927055,0.03783605247735977,0.3616008758544922,0.1853177845478058,nan,2198
0.0,4.530481338500977,4.519516944885254,0.0,0.0379791259765625,0.03265953063964844,0.03677558898925781,0.03713451325893402,0.0,nan,0.014050602912902832,1.3869625520110958,1.9672131147540985,0.0,0.0,0.0,0.0,0.0,1.7693978548049927,1.7552592754364014,0.0,0.0,0.0,0.0,0.0,0.13227513227513227,0.0,nan,65.60509554140127,13.876251137397636,3.912647861692448,1.846024751663208,2.834092140197754,64.74067333939945,13.603275705186531,3.821656050955414,1.8319741487503052,2.8252112865448,0.007611275471926201,specimen_1,0.003984286915510893,0.03784767538309097,0.3623042106628418,0.18560144305229187,nan,2198
0.0,,,0.0,0.04624176025390625,0.04534721374511719,0.0455169677734375,0.04582611098885536,0.0,nan,0.03437948226928711,2.6697177726926014,0.0,0.0,0.0,0.0,0.0,0.0,1.1747450828552246,1.1403656005859375,0.0,0.0,0.0,0.0,0.0,0.1567398119122257,0.0,nan,67.26526423807081,0.0,0.0,1.1747450828552246,1.2934772968292236,65.5207798871216,0.0,0.0,1.1403656005859375,1.25691819190979,0.02926548301502789,specimen_2,0.005024675279855728,0.09511779993772507,0.9673856496810913,0.4850553274154663,nan,1949
0.0,,,0.0,0.04506111145019531,0.044315338134765625,0.04485263675451279,0.044968679547309875,0.0,nan,0.04281258583068848,0.9523809523809524,20.0,0.0,0.0,0.0,0.0,0.0,1.6120314598083496,1.5692188739776611,0.0,0.0,0.0,0.0,0.0,0.0,0.0,nan,99.78880675818374,1.0559662090813093,0.0,1.6120314598083496,1.6752078533172607,98.83843717001056,0.8447729672650475,0.0,1.5692188739776611,1.6336530447006226,0.026558157764351793,specimen_2,0.0,0.0,0.0,0.0,nan,947
0.0,,,0.0,0.045581817626953125,0.04545783996582031,0.04555778577923775,0.04557701200246811,0.0,nan,0.027324676513671875,0.0,0.0,0.0,0.0,0.0,0.0,0.0,0.510937511920929,0.4836128354072571,0.0,0.0,0.0,0.0,0.0,0.0,0.0,nan,10.0,0.0,0.0,0.510937511920929,0.6121531128883362,10.0,0.0,0.0,0.4836128354072571,0.5977099537849426,0.05347948795331464,specimen_2,0.5001263618469238,0.5001263618469238,0.5001263618469238,0.5001263618469238,nan,10
0.0,,,0.0,0.042926788330078125,0.042514801025390625,0.042910002171993256,0.04292343184351921,0.0,nan,0.016134262084960938,0.0,0.0,0.0,0.0,0.0,0.0,0.0,0.74609375,0.7299594879150391,0.0,0.0,0.0,0.0,0.0,10.0,0.0,nan,16.666666666666664,0.0,0.0,0.74609375,0.8518491387367249,25.0,0.0,0.0,0.7299594879150391,0.8502634167671204,0.02162497954842932,specimen_2,0.2832237184047699,0.2832237184047699,0.2832237184047699,0.2832237184047699,nan,12
0.0,24.75,24.75403594970703,0.0,0.03746795654296875,0.019075393676757812,0.03620147705078125,0.03721465915441513,0.0,nan,0.01820087432861328,0.0,0.0,0.0,0.0,0.0,0.0,0.0,12.362500190734863,12.339852333068848,0.0,0.0,0.0,0.0,0.0,0.0,0.0,nan,100.0,100.0,100.0,14.427083015441895,16.446943283081055,100.0,100.0,100.0,14.408882141113281,16.43777847290039,0.0012615768765683363,specimen_2,1.0,1.0,1.0,1.0,nan,6
0.0,,,0.0,0.056682586669921875,0.042514801025390625,0.044939421117305756,0.05640396103262901,0.0,nan,-0.015921592712402344,0.0,0.0,0.0,0.0,0.0,0.0,0.0,3.1566011905670166,3.172522783279419,0.0,0.0,0.0,0.0,0.0,0.0,0.0,nan,70.78651685393258,47.19101123595505,28.08988764044944,3.1566011905670166,4.066948890686035,70.78651685393258,47.19101123595505,30.337078651685395,3.172522783279419,4.075040817260742,-0.005043903791198396,specimen_2,0.022232528775930405,0.022232528775930405,0.14122048020362854,0.07330794632434845,nan,89
0.0,5.353515625,5.355881214141846,0.0,0.038543701171875,0.030269622802734375,0.03679618984460831,0.03838535398244858,0.0,nan,0.014230728149414062,3.9525691699604746,1.4285714285714286,0.0,0.0,0.0,0.0,0.0,2.0457282066345215,2.0310914516448975,0.0,0.0,0.0,0.0,0.0,0.0,0.0,nan,75.5223880597015,20.8955223880597,6.865671641791045,2.1247200965881348,2.679901361465454,72.53731343283583,20.597014925373134,6.865671641791045,2.1104893684387207,2.6697187423706055,0.006697695462223799,specimen_1,0.014505183324217796,0.03904649615287781,0.3664247691631317,0.18649858236312866,nan,335
0.0,4.130208492279053,4.104728698730469,0.0,0.039093017578125,0.027799606323242188,0.03431863710284233,0.03706295043230057,0.0,nan,0.012711763381958008,0.0,0.0,0.0,0.0,0.0,0.0,0.0,1.80342435836792,1.790941834449768,0.0,0.0,0.0,0.0,0.0,0.0,0.0,nan,73.82352941176471,12.647058823529411,1.7647058823529411,1.8444852828979492,2.195979356765747,73.82352941176471,12.647058823529411,1.4705882352941175,1.8317735195159912,2.1845815181732178,0.006891767312985016,specimen_1,0.015796206891536713,0.042678218334913254,0.35998111963272095,0.1956845223903656,nan,340
0.14516129032258066,45.55921173095703,45.44231033325195,0.0,2.1428375244140625,0.04740619659423828,0.3703117370605469,0.8847920894622803,0.007241113111376762,0.14516129032258066,0.02708911895751953,0.18248175182481752,0.0,0.0,0.0,0.0,0.0,0.8548387096774194,10.004068374633789,9.980064392089844,1.2195333242416382,0.343204140663147,0.10839160839160839,0.16981132075471697,0.0,0.0,0.0,0.0,95.8041958041958,84.61538461538461,41.95804195804196,11.18509578704834,22.29217529296875,95.62937062937063,84.61538461538461,40.909090909090914,11.15800666809082,22.3239803314209,0.002421894230793006,specimen_3,0.024349644780158997,0.1175757646560669,0.9823454022407532,0.5968933701515198,1.0,572
0.0,,,0.0,0.04543876647949219,0.0452423095703125,0.04536037519574165,0.04540252685546875,0.0,nan,0.036268651485443115,8.629989212513484,0.0,0.0,0.0,0.0,0.0,0.0,1.0212260484695435,0.9849573969841003,0.0,0.0,0.0,0.0,0.0,0.0,0.0,nan,49.2299522039299,0.2655337227827934,0.0,1.0212260484695435,1.1823842525482178,44.98141263940521,0.2655337227827934,0.0,0.9849573969841003,1.1472383737564087,0.035514812356967386,specimen_2,0.0065966034308075905,0.1186186894774437,1.0,0.6185732483863831,nan,1883
0.0,,,0.0,0.04593086242675781,0.04523468017578125,0.045352935791015625,0.04541221633553505,0.0,nan,0.040126144886016846,2.2058823529411766,0.0,0.0,0.0,0.0,0.0,0.0,1.0316556692123413,0.9915295243263245,0.0,0.0,0.0,0.0,0.0,0.1314060446780552,0.0,nan,58.842617631151974,0.0,0.0,1.0316556692123413,1.1728956699371338,57.59870200108167,0.0,0.0,0.9915295243263245,1.1349759101867676,0.038894900773096854,specimen_2,0.014650686644017696,0.2632901966571808,1.0,1.0,nan,1849
0.0,,,0.0,0.04592132568359375,0.04524993896484375,0.04536628723144531,0.045421067625284195,0.0,nan,0.040135324001312256,2.2058823529411766,0.0,0.0,0.0,0.0,0.0,0.0,1.0316556692123413,0.991520345211029,0.0,0.0,0.0,0.0,0.0,0.1314060446780552,0.0,nan,58.842617631151974,0.0,0.0,1.0316556692123413,1.1728956699371338,57.59870200108167,0.0,0.0,0.991520345211029,1.1349676847457886,0.03890379823333416,specimen_2,0.01464649848639965,0.26328015327453613,1.0,1.0,nan,1849
0.0,,,0.0,0.04609489440917969,0.04461860656738281,0.044895172119140625,0.04502759873867035,0.0,nan,0.040555357933044434,1.6441005802707929,0.0,0.0,0.0,0.0,0.0,0.0,1.1772923469543457,1.1367369890213013,0.0,0.0,0.0,0.0,0.0,0.0,0.0,nan,68.02631578947368,0.0,0.0,1.1772923469543457,1.2910116910934448,66.90789473684211,0.0,0.0,1.1367369890213013,1.2520173788070679,0.03444799249562873,specimen_2,0.027408089488744736,0.4022899866104126,1.0,1.0,nan,1520
0.0,,,0.0,0.04565620422363281,0.04461860656738281,0.04497337341308594,0.045086365193128586,0.0,nan,0.040581345558166504,1.6441005802707929,0.0,0.0,0.0,0.0,0.0,0.0,1.1772923469543457,1.1367110013961792,0.0,0.0,0.0,0.0,0.0,0.0,0.0,nan,68.02631578947368,0.0,0.0,1.1772923469543457,1.2910116910934448,66.90789473684211,0.0,0.0,1.1367110013961792,1.25199556350708,0.034470066558361996,specimen_2,0.027143364772200584,0.402164489030838,1.0,1.0,nan,1520
0.0,,,0.0,0.04643440246582031,0.042842864990234375,0.045270539820194244,0.04603857174515724,0.0,nan,0.04207718372344971,12.335958005249344,0.0,0.0,0.0,0.0,0.0,0.0,1.0312992334365845,0.9892220497131348,0.0,0.0,0.0,0.0,0.0,0.0,0.0,nan,40.02100840336135,0.0,0.0,1.0312992334365845,1.13595449924469,35.08403361344538,0.0,0.0,0.9892220497131348,1.0978652238845825,0.04080016968812871,specimen_2,0.0,0.0,0.0,0.0,nan,952
0.0,,,0.0,0.04551124572753906,0.04472064971923828,0.045319460332393646,0.04547208920121193,0.0,nan,0.0436442494392395,12.335958005249344,0.0,0.0,0.0,0.0,0.0,0.0,1.0312992334365845,0.987654983997345,0.0,0.0,0.0,0.0,0.0,0.0,0.0,nan,40.02100840336135,0.0,0.0,1.0312992334365845,1.13595449924469,35.08403361344538,0.0,0.0,0.987654983997345,1.0959841012954712,0.04231967602051284,specimen_2,0.0,0.0,0.0,0.0,nan,952
0.0,,,0.0,0.0555419921875,0.04449272155761719,0.04510498046875,0.04887526109814644,0.0,nan,0.0031973421573638916,0.0,0.0,0.0,0.0,0.0,0.0,0.0,0.44614270329475403,0.44294536113739014,0.0,0.0,0.0,0.0,0.0,0.0,0.0,nan,5.449591280653951,5.449591280653951,2.17983651226158,0.44614270329475403,1.33162260055542,5.449591280653951,5.449591280653951,1.9073569482288828,0.44294536113739014,1.3212238550186157,0.007166635549010642,specimen_2,0.00619485042989254,0.01857767626643181,0.22247695922851562,0.11133699119091034,nan,367
0.0,,,0.0,0.0555419921875,0.04449272155761719,0.04510498046875,0.04887526109814644,0.0,nan,0.0031973421573638916,0.0,0.0,0.0,0.0,0.0,0.0,0.0,0.44614270329475403,0.44294536113739014,0.0,0.0,0.0,0.0,0.0,0.0,0.0,nan,5.449591280653951,5.449591280653951,2.17983651226158,0.44614270329475403,1.33162260055542,5.449591280653951,5.449591280653951,1.9073569482288828,0.44294536113739014,1.3212238550186157,0.007166635549010642,specimen_2,0.00619485042989254,0.01857767626643181,0.22247695922851562,0.11133699119091034,nan,367
0.0,,,0.0,0.059322357177734375,0.047306060791015625,0.05006523057818413,0.05869888514280319,0.0,nan,0.045311927795410156,0.0,0.8163265306122449,0.0,0.0,0.0,0.0,0.0,4.2794294357299805,4.23411750793457,0.0,0.0,0.0,0.0,0.0,0.0,0.0,nan,99.1304347826087,85.21739130434783,27.1304347826087,4.2794294357299805,4.4214887619018555,99.1304347826087,84.52173913043478,25.39130434782609,4.23411750793457,4.376833438873291,0.010588310539038226,specimen_3,0.13264068961143494,0.6283076405525208,1.0,1.0,nan,575
0.0,4.039843559265137,4.022278785705566,0.0,0.03675651550292969,0.03300189971923828,0.035513781011104584,0.03629463165998459,0.0,nan,0.025467395782470703,1.6129032258064515,1.0638297872340425,0.0,0.0,0.0,0.0,0.0,2.371694803237915,2.3456192016601562,0.0,0.0,0.0,0.0,0.0,0.0,0.0,nan,66.42857142857143,33.57142857142857,13.214285714285715,2.4908483028411865,3.388979434967041,65.35714285714286,33.214285714285715,13.214285714285715,2.465380907058716,3.3716015815734863,0.010224386508572728,specimen_1,0.036962587386369705,0.07292786240577698,0.9210934042930603,0.4874793291091919,nan,280
0.0,6.50390625,6.4832587242126465,0.0,0.0428924560546875,0.03241157531738281,0.035807229578495026,0.03648645430803299,0.0,nan,0.02146458625793457,2.380952380952381,0.0,0.0,0.0,0.0,0.0,0.0,1.9708125591278076,1.949334979057312,0.0,0.0,0.0,0.0,0.0,0.0,0.0,nan,66.14173228346458,22.440944881889763,5.118110236220472,2.0421998500823975,2.570383310317993,64.56692913385827,22.440944881889763,5.118110236220472,2.020735263824463,2.5534579753875732,0.010510521904635597,specimen_1,0.037340469658374786,0.0690237507224083,0.6546869874000549,0.3603966534137726,nan,254
0.0,6.50390625,6.482942581176758,0.0,0.04281806945800781,0.0323333740234375,0.03586549684405327,0.036523379385471344,0.0,nan,0.021394968032836914,2.380952380952381,0.0,0.0,0.0,0.0,0.0,0.0,1.9708125591278076,1.9494106769561768,0.0,0.0,0.0,0.0,0.0,0.0,0.0,nan,66.14173228346458,22.440944881889763,5.118110236220472,2.0421998500823975,2.570383310317993,64.56692913385827,22.440944881889763,5.118110236220472,2.0208048820495605,2.553499460220337,0.010476432084731415,specimen_1,0.037246767431497574,0.06894692033529282,0.651361346244812,0.3589620292186737,nan,254
0.0,0.25,0.22244644165039062,0.0,0.03667449951171875,0.03267860412597656,0.03501930087804794,0.03595033660531044,0.0,nan,0.014942407608032227,3.1847133757961785,0.0,0.0,0.0,0.0,0.0,0.0,2.4354424476623535,2.4205517768859863,0.0,0.0,0.0,0.0,0.0,0.0,0.0,nan,64.34426229508196,32.37704918032787,13.934426229508196,2.426485538482666,3.2671542167663574,62.295081967213115,32.37704918032787,13.934426229508196,2.411543130874634,3.2515311241149902,0.0061580451937809765,specimen_1,0.019520463421940804,0.03878428041934967,0.44045719504356384,0.22452998161315918,nan,244
0.0,0.25,0.22240447998046875,0.0,0.03674888610839844,0.03275108337402344,0.03511180728673935,0.03607923537492752,0.0,nan,0.0149383544921875,3.1847133757961785,0.0,0.0,0.0,0.0,0.0,0.0,2.4354424476623535,2.42055606842041,0.0,0.0,0.0,0.0,0.0,0.0,0.0,nan,64.34426229508196,32.37704918032787,13.934426229508196,2.426485538482666,3.2671542167663574,62.295081967213115,32.37704918032787,13.934426229508196,2.4115471839904785,3.2515363693237305,0.006156374829057822,specimen_1,0.019528381526470184,0.03875930979847908,0.440037339925766,0.22457382082939148,nan,244
0.0,5.176339149475098,5.159359931945801,0.0,0.0363006591796875,0.032291412353515625,0.03443765640258789,0.03615707531571388,0.0,nan,0.018114328384399414,1.6129032258064515,1.0101010101010102,0.0,0.0,0.0,0.0,0.0,2.517305850982666,2.499160051345825,0.0,0.0,0.0,0.0,0.0,0.0,0.0,nan,72.09302325581395,38.372093023255815,14.34108527131783,2.5894501209259033,3.2861039638519287,70.93023255813954,37.98449612403101,14.34108527131783,2.571335792541504,3.2694642543792725,0.006995434373504101,specimen_1,0.02475217916071415,0.04948354884982109,0.5239107012748718,0.28595060110092163,nan,258
0.0,5.176339149475098,5.159381866455078,0.0,0.03630638122558594,0.0323028564453125,0.034418392926454544,0.036115627735853195,0.0,nan,0.018117189407348633,1.6129032258064515,1.0101010101010102,0.0,0.0,0.0,0.0,0.0,2.517305850982666,2.4991562366485596,0.0,0.0,0.0,0.0,0.0,0.0,0.0,nan,72.09302325581395,38.372093023255815,14.34108527131783,2.5894501209259033,3.2861039638519287,70.93023255813954,37.98449612403101,14.34108527131783,2.5713329315185547,3.2694668769836426,0.006996539250144164,specimen_1,0.024753890931606293,0.049483075737953186,0.5238462090492249,0.2857380509376526,nan,258
0.0,42.34375,42.34507751464844,0.0,0.05802726745605469,0.045684814453125,0.05688800662755966,0.05790635943412781,0.0,nan,0.04620075225830078,0.0,18.181818181818183,0.0,0.0,0.0,0.0,0.0,2.614717960357666,2.56842303276062,0.0,0.0,0.0,0.0,0.0,0.0,0.0,nan,100.0,4.365079365079365,1.1904761904761905,2.693545341491699,3.2544243335723877,100.0,3.571428571428571,1.1904761904761905,2.6473445892333984,3.2176384925842285,0.017152394484183646,specimen_3,1.0,1.0,1.0,1.0,nan,504
0.0,12.814453125,12.823885917663574,0.0,0.04970359802246094,0.036895751953125,0.04188728332519531,0.042526550590991974,0.0,nan,0.03316497802734375,0.0,1.3859275053304905,0.0,0.0,0.0,0.0,0.0,5.962106227874756,5.928422927856445,0.0,0.0,0.0,0.0,0.0,0.0,0.0,nan,99.92498124531133,70.36759189797449,25.581395348837212,6.0443549156188965,8.762868881225586,99.92498124531133,69.39234808702176,25.431357839459867,6.011189937591553,8.745126724243164,0.005486934253586581,specimen_3,0.06193937733769417,0.6490741968154907,1.0,1.0,nan,1333
0.0,18.640625,18.626773834228516,0.0,0.044284820556640625,0.03795051574707031,0.044173240661621094,0.044263459742069244,0.0,nan,0.03464698791503906,1.8181818181818181,0.0,0.0,0.0,0.0,0.0,0.0,4.860665321350098,4.825636386871338,0.0,0.0,0.0,0.0,0.0,0.0,0.0,nan,99.09909909909909,45.94594594594595,37.83783783783784,5.108952522277832,7.29547643661499,97.2972972972973,45.94594594594595,36.03603603603604,5.074305534362793,7.272153854370117,0.006781622605408684,specimen_3,1.0,1.0,1.0,1.0,nan,111
0.0,6.501420497894287,6.4692487716674805,0.0,0.044097900390625,0.034099578857421875,0.04361391067504883,0.04401569440960884,0.0,nan,0.03166484832763672,0.0,0.6230529595015576,0.0,0.0,0.0,0.0,0.0,6.755802154541016,6.724203109741211,0.0,0.0,0.0,0.0,0.0,0.0,1.5384615384615385,nan,99.48186528497409,83.16062176165802,63.98963730569949,6.726805210113525,7.583752632141113,99.48186528497409,82.90155440414507,63.730569948186535,6.695140361785889,7.5539937019348145,0.004707264048619943,specimen_3,0.1292862445116043,0.38646072149276733,1.0,1.0,nan,386
0.0,,,0.0,0.045444488525390625,0.045352935791015625,0.04541816562414169,0.0454392246901989,0.0,nan,0.03250831365585327,50.0,0.0,0.0,0.0,0.0,0.0,0.0,0.8415178656578064,0.8090095520019531,0.0,0.0,0.0,0.0,0.0,0.0,0.0,nan,28.57142857142857,0.0,0.0,0.8415178656578064,1.029710054397583,14.285714285714285,0.0,0.0,0.8090095520019531,1.02109956741333,0.03863056862190541,specimen_2,1.0,1.0,1.0,1.0,nan,7
0.0,,,0.0,0.04570770263671875,0.04550933837890625,0.04568881914019585,0.04570392519235611,0.0,nan,0.045490920543670654,0.0,0.0,0.0,0.0,0.0,0.0,0.0,0.4973958432674408,0.45190492272377014,0.0,0.0,0.0,0.0,0.0,0.0,0.0,nan,0.0,0.0,0.0,0.4973958432674408,0.5556586384773254,0.0,0.0,0.0,0.45190492272377014,0.5152750611305237,0.09145818397845155,specimen_2,0.0,0.0,0.0,0.0,nan,12
0.0,,,0.0,0.045383453369140625,0.045032501220703125,0.04534778743982315,0.04537631943821907,0.0,nan,0.04505586624145508,0.0,0.0,0.0,0.0,0.0,0.0,0.0,0.4973958432674408,0.4523399770259857,0.0,0.0,0.0,0.0,0.0,0.0,0.0,nan,0.0,0.0,0.0,0.4973958432674408,0.5556586384773254,0.0,0.0,0.0,0.4523399770259857,0.5156388282775879,0.09058351984905783,specimen_2,0.0,0.0,0.0,0.0,nan,12
0.0,,,0.0,0.044574737548828125,0.04427146911621094,0.044522859156131744,0.04456436261534691,0.0,nan,0.03454035520553589,0.0,0.0,0.0,0.0,0.0,0.0,0.0,0.6006944179534912,0.5661540627479553,0.0,0.0,0.0,0.0,0.0,0.0,0.0,nan,11.11111111111111,0.0,0.0,0.6006944179534912,0.7938908338546753,11.11111111111111,0.0,0.0,0.5661540627479553,0.7856462597846985,0.057500709467571874,specimen_2,0.5004858374595642,0.5004858374595642,0.5004858374595642,0.5004858374595642,nan,18
0.0,,,0.0,0.044689178466796875,0.04445838928222656,0.04464378207921982,0.04468009993433952,0.0,nan,0.03469252586364746,0.0,0.0,0.0,0.0,0.0,0.0,0.0,0.6006944179534912,0.5660018920898438,0.0,0.0,0.0,0.0,0.0,0.0,0.0,nan,11.11111111111111,0.0,0.0,0.6006944179534912,0.7938908338546753,11.11111111111111,0.0,0.0,0.5660018920898438,0.7856216430664062,0.057754034042536304,specimen_2,0.5002419352531433,0.5002419352531433,0.5002419352531433,0.5002419352531433,nan,18
0.0,0.828125,0.8687725067138672,0.0,0.0437774658203125,0.043064117431640625,0.043578337877988815,0.043737638741731644,0.0,nan,0.027688562870025635,50.0,0.0,0.0,0.0,0.0,0.0,0.0,0.9309895634651184,0.897606372833252,0.0,0.0,0.0,0.0,0.0,0.0,0.0,nan,15.384615384615385,7.6923076923076925,7.6923076923076925,0.9230769276618958,1.7469711303710938,7.6923076923076925,7.6923076923076925,7.6923076923076925,0.8953883647918701,1.73710036277771,0.029995942960202977,specimen_2,0.5113500952720642,0.5113500952720642,0.5113500952720642,0.5113500952720642,nan,13
0.0,0.828125,0.8687572479248047,0.0,0.043491363525390625,0.042598724365234375,0.043280791491270065,0.04344924911856651,0.0,nan,0.027417242527008057,50.0,0.0,0.0,0.0,0.0,0.0,0.0,0.9309895634651184,0.8979015350341797,0.0,0.0,0.0,0.0,0.0,0.0,0.0,nan,15.384615384615385,7.6923076923076925,7.6923076923076925,0.9230769276618958,1.7469711303710938,7.6923076923076925,7.6923076923076925,7.6923076923076925,0.8956596851348877,1.7371541261672974,0.02970201259006057,specimen_2,0.5092718601226807,0.5092718601226807,0.5092718601226807,0.5092718601226807,nan,13
0.0,,,0.0,0.0415802001953125,0.040546417236328125,0.04154548794031143,0.04157325625419617,0.0,nan,0.034958720207214355,0.0,0.0,0.0,0.0,0.0,0.0,0.0,0.9866071343421936,0.9516484141349792,0.0,0.0,0.0,0.0,0.0,0.0,0.0,nan,57.14285714285714,0.0,0.0,0.9866071343421936,1.0184712409973145,57.14285714285714,0.0,0.0,0.9516484141349792,0.9869789481163025,0.035433273276016385,specimen_2,1.0,1.0,1.0,1.0,nan,14
0.0,,,0.0,0.041553497314453125,0.040584564208984375,0.04151878505945206,0.04154655337333679,0.0,nan,0.0349581241607666,0.0,0.0,0.0,0.0,0.0,0.0,0.0,0.9866071343421936,0.951649010181427,0.0,0.0,0.0,0.0,0.0,0.0,0.0,nan,57.14285714285714,0.0,0.0,0.9866071343421936,1.0184712409973145,57.14285714285714,0.0,0.0,0.951649010181427,0.9869891405105591,0.035432669138435166,specimen_2,1.0,1.0,1.0,1.0,nan,14
0.0,,,0.0,0.041355133056640625,0.0406036376953125,0.04118957370519638,0.041322022676467896,0.0,nan,0.02995312213897705,33.33333333333333,0.0,0.0,0.0,0.0,0.0,0.0,0.7354166507720947,0.7054635286331177,0.0,0.0,0.0,0.0,0.0,0.0,0.0,nan,20.0,0.0,0.0,0.7354166507720947,0.9846147298812866,13.333333333333334,0.0,0.0,0.7054635286331177,0.9795061349868774,0.040729458746317546,specimen_2,0.5007101893424988,0.5007101893424988,0.5007101893424988,0.5007101893424988,nan,15
0.0,,,0.0,0.032550811767578125,0.032360076904296875,0.032520294189453125,0.032544709742069244,0.0,nan,-0.011769652366638184,0.0,0.0,0.0,0.0,0.0,0.0,0.0,1.203125,1.2148946523666382,0.0,0.0,0.0,0.0,0.0,0.0,0.0,nan,66.66666666666666,0.0,0.0,1.203125,1.3161531686782837,66.66666666666666,0.0,0.0,1.2148946523666382,1.3388570547103882,-0.009782568200842126,specimen_3,0.25097060203552246,0.25097060203552246,0.25097060203552246,0.25097060203552246,nan,6
0.7142857142857143,16.44318199157715,16.379716873168945,0.0,0.26305389404296875,0.04638957977294922,0.059551239013671875,0.10340669751167297,0.01963675580918789,0.7142857142857143,0.04605674743652344,0.34843205574912894,0.0,0.0,0.0,0.0,0.0,0.2857142857142857,4.268482685089111,4.222753047943115,0.2091217041015625,0.13962936401367188,0.01174496644295302,2.5,0.0,0.0,0.0,0.0,96.30872483221476,84.22818791946308,33.557046979865774,4.493183612823486,5.962998390197754,95.9731543624161,84.22818791946308,32.5503355704698,4.447126865386963,5.931777477264404,0.010250359523496457,specimen_3,0.28943002223968506,0.7222930788993835,1.0,1.0,1.0,596
0.0,,,0.0,0.06186103820800781,0.04738903045654297,0.05894403159618378,0.0618043914437294,0.0,nan,0.046466827392578125,0.22522522522522523,0.2544529262086514,0.0,0.0,0.0,0.0,0.0,4.624232769012451,4.577765941619873,0.0,0.0,0.0,0.0,0.0,0.0,0.0,nan,99.10714285714286,87.72321428571429,40.17857142857143,4.624232769012451,4.809813022613525,98.88392857142857,87.5,39.285714285714285,4.577765941619873,4.764510631561279,0.010048548529814072,specimen_3,0.2626897990703583,0.8346014618873596,1.0,1.0,nan,448
0.0,,,0.0,0.0619049072265625,0.04779338836669922,0.059143539518117905,0.061857566237449646,0.0,nan,0.046846866607666016,0.22522522522522523,0.2544529262086514,0.0,0.0,0.0,0.0,0.0,4.624232769012451,4.577385902404785,0.0,0.0,0.0,0.0,0.0,0.0,0.0,nan,99.10714285714286,87.72321428571429,40.17857142857143,4.624232769012451,4.809813022613525,98.88392857142857,87.5,39.285714285714285,4.577385902404785,4.764124870300293,0.01013073280428109,specimen_3,0.2638794481754303,0.8353205323219299,1.0,1.0,nan,448
0.0,39.11458206176758,39.21858596801758,0.0,0.20800018310546875,0.04613208770751953,0.0597049705684185,0.1198650375008583,0.002525199903175235,0.0,0.04255962371826172,0.5870841487279843,0.0,0.0,0.0,0.0,0.0,1.0,4.736559867858887,4.692316055297852,0.0,0.17163467407226562,0.011363636363636364,0.0,0.0,0.0,0.0,0.0,96.78030303030303,85.98484848484848,37.121212121212125,5.1272196769714355,8.63361930847168,96.21212121212122,85.98484848484848,35.79545454545455,5.084660053253174,8.626496315002441,0.008300721716569981,specimen_3,0.14982406795024872,0.6440572142601013,1.0,1.0,1.0,528
0.0,39.11458206176758,39.22599411010742,0.0,0.22222137451171875,0.04598236083984375,0.05958538129925728,0.11996091902256012,0.002476614899933338,0.0,0.042452335357666016,0.5870841487279843,0.0,0.0,0.0,0.0,0.0,1.0,4.736559867858887,4.6923394203186035,0.0,0.16833241283893585,0.011363636363636364,0.0,0.0,0.0,0.0,0.0,96.78030303030303,85.98484848484848,37.121212121212125,5.1272196769714355,8.63361930847168,96.21212121212122,85.98484848484848,35.79545454545455,5.0847673416137695,8.626239776611328,0.008279796465194937,specimen_3,0.16128063201904297,0.6377138495445251,1.0,1.0,1.0,528
0.8857142857142857,59.37586975097656,59.18682098388672,0.0,2.9172439575195312,0.045330047607421875,0.591346800327301,2.6733338832855225,0.020220432430505753,0.8857142857142857,0.1523275375366211,0.4464285714285714,0.5291005291005291,0.0,0.0,0.0,0.0,0.11428571428571428,8.422568321228027,8.271706581115723,1.7244452238082886,0.2137279510498047,0.07462686567164178,7.75,0.0,0.0,0.0,0.0,95.52238805970148,80.59701492537313,55.010660980810236,10.378131866455078,22.352333068847656,95.0959488272921,80.17057569296375,54.15778251599147,10.225804328918457,21.9451961517334,0.014677741572063157,specimen_3,0.1783164143562317,0.6408764123916626,1.0,1.0,1.0,469
0.8648648648648649,59.37586975097656,59.20784378051758,0.0,2.9283905029296875,0.0447235107421875,0.5660817623138428,2.668548822402954,0.019248276948928833,0.8648648648648649,0.15090274810791016,0.4464285714285714,0.5291005291005291,0.0,0.0,0.0,0.0,0.13513513513513514,8.422568321228027,8.272347450256348,1.6614973545074463,0.2077682465314865,0.07889125799573561,6.4,0.0,0.0,0.0,0.0,95.52238805970148,80.59701492537313,55.010660980810236,10.378131866455078,22.352333068847656,95.0959488272921,80.17057569296375,54.15778251599147,10.227229118347168,21.948278427124023,0.014540453913065852,specimen_3,0.20809273421764374,0.6426289081573486,1.0,1.0,1.0,469
0.9880952380952381,67.55728912353516,65.51944732666016,0.0,2.998016357421875,0.04438018798828125,2.995941162109375,2.9976134300231934,0.03230269253253937,0.9880952380952381,0.5056037902832031,0.22779043280182232,0.7537688442211055,0.0,0.0,0.0,0.0,0.011904761904761904,15.308920860290527,14.894441604614258,2.743887186050415,0.7191848754882812,0.17463617463617465,83.0,0.0,0.0,1.2048192771084338,0.0,91.26819126819127,82.74428274428274,44.07484407484408,18.24178123474121,36.43361282348633,91.06029106029106,82.32848232848234,43.45114345114345,17.736177444458008,35.27577209472656,0.027716799350728315,specimen_3,0.45865243673324585,0.5828545093536377,1.0,1.0,1.0,481
0.975,67.55728912353516,65.86941528320312,0.0,2.996917724609375,0.04498863220214844,2.9897689819335938,2.9956772327423096,0.031145064160227776,0.975,0.47977638244628906,0.22779043280182232,0.7537688442211055,0.0,0.0,0.0,0.0,0.025,15.308920860290527,14.90099048614502,2.7562131881713867,0.4117002487182617,0.16632016632016633,39.0,0.0,0.0,1.2048192771084338,0.0,91.26819126819127,82.74428274428274,44.07484407484408,18.24178123474121,36.43361282348633,91.06029106029106,82.32848232848234,43.45114345114345,17.762004852294922,35.33024978637695,0.026300961308129374,specimen_3,0.3621613085269928,0.56931471824646,1.0,1.0,1.0,481
1.0,55.6796875,54.06669235229492,0.0,2.9950408935546875,0.0428924560546875,2.9397950172424316,2.974050998687744,0.03158996254205704,1.0,0.9394207000732422,0.5102040816326531,0.591715976331361,0.0,0.0,0.0,0.0,0.0,30.637805938720703,29.72201919555664,2.552023410797119,0.0,0.3583535108958838,148.0,0.0,0.0,0.0,0.0,94.91525423728814,81.84019370460048,57.6271186440678,31.486682891845703,48.64088439941406,94.43099273607749,81.35593220338984,56.416464891041166,30.54726219177246,47.10686492919922,0.02983549277960079,specimen_3,0.165087029337883,0.48203539848327637,1.0,1.0,1.0,413
1.0,55.6796875,54.06669235229492,0.0,2.9950408935546875,0.0428924560546875,2.9397950172424316,2.974050998687744,0.03158996254205704,1.0,0.9394207000732422,0.5102040816326531,0.591715976331361,0.0,0.0,0.0,0.0,0.0,30.637805938720703,29.72201919555664,2.552023410797119,0.0,0.3583535108958838,148.0,0.0,0.0,0.0,0.0,94.91525423728814,81.84019370460048,57.6271186440678,31.486682891845703,48.64088439941406,94.43099273607749,81.35593220338984,56.416464891041166,30.54726219177246,47.10686492919922,0.02983549277960079,specimen_3,0.165087029337883,0.48203539848327637,1.0,1.0,1.0,413
0.9830508474576272,53.39522171020508,51.82762908935547,0.0,2.9965896606445312,2.366199493408203,2.995878219604492,2.996352434158325,0.03330797702074051,0.9830508474576272,1.5809288024902344,0.0,0.38167938931297707,0.0,0.0,0.0,0.0,0.01694915254237288,48.326454162597656,46.743804931640625,2.6706931591033936,0.14496548473834991,0.597972972972973,58.0,0.0,0.0,0.0,0.0,94.25675675675676,88.51351351351352,76.35135135135135,48.9086799621582,62.57197570800781,94.25675675675676,88.17567567567568,75.33783783783784,47.32775115966797,60.48336410522461,0.032324094694713416,specimen_3,0.24957500398159027,0.4159550666809082,1.0,1.0,1.0,296
0.0,3.28125,3.2882919311523438,0.0,0.043758392333984375,0.03741645812988281,0.04373283311724663,0.043755073100328445,0.0,nan,0.033803462982177734,0.0,2.73972602739726,0.0,0.0,0.0,0.0,0.0,6.282327651977539,6.248054504394531,0.0,0.0,0.0,0.0,0.0,0.0,0.0,nan,100.0,82.95454545454545,55.68181818181818,6.248224258422852,7.0356669425964355,100.0,80.68181818181817,55.68181818181818,6.214420795440674,7.005810737609863,0.005410091184964967,specimen_3,1.0,1.0,1.0,1.0,nan,88
0.0,4.674107074737549,4.643866539001465,0.0,0.25057220458984375,0.038539886474609375,0.045987319201231,0.11418909579515457,0.007028165273368359,0.0,0.0318598747253418,2.2222222222222223,1.1235955056179776,0.0,0.0,0.0,0.0,1.0,4.868837833404541,4.8368988037109375,0.0,0.21380996704101562,0.013422818791946308,0.0,0.0,0.0,0.0,0.0,90.60402684563759,59.73154362416108,46.97986577181208,4.859689712524414,6.514986515045166,88.59060402684564,59.06040268456376,45.63758389261745,4.827829837799072,6.505715370178223,0.006555948344445199,specimen_3,0.5279503464698792,0.5279503464698792,1.0,1.0,1.0,149
0.0,4.674107074737549,4.643866539001465,0.0,0.25057220458984375,0.038539886474609375,0.045987319201231,0.11418909579515457,0.007028165273368359,0.0,0.0318598747253418,2.2222222222222223,1.1235955056179776,0.0,0.0,0.0,0.0,1.0,4.868837833404541,4.8368988037109375,0.0,0.21380996704101562,0.013422818791946308,0.0,0.0,0.0,0.0,0.0,90.60402684563759,59.73154362416108,46.97986577181208,4.859689712524414,6.514986515045166,88.59060402684564,59.06040268456376,45.63758389261745,4.827829837799072,6.505715370178223,0.006555948344445199,specimen_3,0.5279503464698792,0.5279503464698792,1.0,1.0,1.0,149
0.0,6.789473533630371,6.758236408233643,0.0,0.044795989990234375,0.03539276123046875,0.044727325439453125,0.04478330537676811,0.0,nan,0.034677982330322266,0.0,0.0,0.0,0.0,0.0,0.0,0.0,5.565582275390625,5.530459880828857,0.0,0.0,0.0,0.0,0.0,0.0,0.0,nan,99.3975903614458,79.51807228915662,66.86746987951807,5.705666542053223,6.152753829956055,99.3975903614458,79.51807228915662,66.86746987951807,5.6709885597229,6.120632171630859,0.006077814410416484,specimen_3,1.0,1.0,1.0,1.0,nan,166
0.0,6.789473533630371,6.758246898651123,0.0,0.044353485107421875,0.03540229797363281,0.0443267822265625,0.0443510040640831,0.0,nan,0.03453350067138672,0.0,0.0,0.0,0.0,0.0,0.0,0.0,5.565582275390625,5.530621528625488,0.0,0.0,0.0,0.0,0.0,0.0,0.0,nan,99.3975903614458,79.51807228915662,66.86746987951807,5.705666542053223,6.152753829956055,99.3975903614458,79.51807228915662,66.86746987951807,5.671133041381836,6.120741844177246,0.006052491924801411,specimen_3,1.0,1.0,1.0,1.0,nan,166
0.0,7.601973533630371,7.564769744873047,0.0,0.04531288146972656,0.039463043212890625,0.04420166090130806,0.04463646560907364,0.0,nan,0.0374298095703125,0.0,0.0,0.0,0.0,0.0,0.0,0.0,8.282964706420898,8.245509147644043,0.0,0.0,0.0,0.0,0.0,0.0,0.0,nan,98.36065573770492,85.79234972677595,80.32786885245902,8.212261199951172,9.193474769592285,98.36065573770492,85.79234972677595,80.32786885245902,8.17483139038086,9.158868789672852,0.0045577957956981505,specimen_3,0.500939667224884,0.500939667224884,1.0,1.0,nan,183
0.0,7.601973533630371,7.564655303955078,0.0,0.04585075378417969,0.0396881103515625,0.0453832633793354,0.04566990211606026,0.0,nan,0.03769969940185547,0.0,0.0,0.0,0.0,0.0,0.0,0.0,8.282964706420898,8.245223045349121,0.0,0.0,0.0,0.0,0.0,0.0,0.0,nan,98.36065573770492,85.79234972677595,80.32786885245902,8.212261199951172,9.193474769592285,98.36065573770492,85.79234972677595,80.32786885245902,8.174561500549316,9.158635139465332,0.004590660048913157,specimen_3,0.5006474852561951,0.5006474852561951,1.0,1.0,nan,183
0.0,6.394608020782471,6.355940341949463,0.0,0.04863929748535156,0.04314422607421875,0.04844265058636665,0.048599548637866974,0.0,nan,0.04107856750488281,0.2717391304347826,0.0,0.0,0.0,0.0,0.0,0.0,9.356880187988281,9.315431594848633,0.0,0.0,0.0,0.0,0.0,0.0,0.0,nan,96.08355091383812,86.42297650130548,75.97911227154047,8.96242618560791,10.162479400634766,95.822454308094,86.42297650130548,75.97911227154047,8.921347618103027,10.124849319458008,0.004583420454926347,specimen_3,0.2743496298789978,0.8089600205421448,1.0,1.0,nan,383
0.0,6.394608020782471,6.355983734130859,0.0,0.047821044921875,0.04099273681640625,0.04691772535443306,0.047216568142175674,0.0,nan,0.03989696502685547,0.2717391304347826,0.0,0.0,0.0,0.0,0.0,0.0,9.356880187988281,9.316786766052246,0.0,0.0,0.0,0.0,0.0,0.0,0.0,nan,96.08355091383812,86.42297650130548,75.97911227154047,8.96242618560791,10.162479400634766,95.822454308094,86.42297650130548,75.97911227154047,8.922529220581055,10.126115798950195,0.004451580877834511,specimen_3,0.27676039934158325,0.8167257308959961,1.0,1.0,nan,383
1.0,5.726128578186035,5.688023567199707,0.0,1.9475326538085938,0.04105186462402344,0.04345550388097763,0.04377521574497223,0.02672429010272026,1.0,0.042082786560058594,0.5681818181818182,1.8382352941176472,0.0,0.0,0.0,0.0,0.0,6.319047927856445,6.276550769805908,1.9475326538085938,0.0,0.002617801047120419,1.0,0.0,3.3333333333333335,0.0,0.0,92.14659685863874,71.20418848167539,54.45026178010471,6.2631707191467285,8.146071434020996,91.8848167539267,69.89528795811518,53.66492146596858,6.22108793258667,8.070343971252441,0.006719086617168212,specimen_3,0.06934274733066559,0.20592349767684937,1.0,1.0,1.0,382
0.0,,,0.0,0.030170440673828125,0.030170440673828125,0.030170440673828125,0.030170440673828125,0.0,nan,0.030170440673828125,0.0,0.0,0.0,0.0,0.0,0.0,0.0,7.5,7.469829559326172,0.0,0.0,0.0,0.0,0.0,0.0,0.0,nan,100.0,100.0,100.0,7.5,7.5,100.0,100.0,100.0,7.469829559326172,7.469829559326172,0.004022725423177083,specimen_3,0.0,0.0,0.0,0.0,nan,1
0.0,,,0.0,0.030170440673828125,0.030170440673828125,0.030170440673828125,0.030170440673828125,0.0,nan,0.030170440673828125,0.0,0.0,0.0,0.0,0.0,0.0,0.0,7.5,7.469829559326172,0.0,0.0,0.0,0.0,0.0,0.0,0.0,nan,100.0,100.0,100.0,7.5,7.5,100.0,100.0,100.0,7.469829559326172,7.469829559326172,0.004022725423177083,specimen_3,0.0,0.0,0.0,0.0,nan,1
0.0,,,0.0,0.027858734130859375,0.026653289794921875,0.027845382690429688,0.027856063097715378,0.0,nan,0.025637149810791016,0.0,0.0,0.0,0.0,0.0,0.0,0.0,2.140625,2.114987850189209,0.0,0.0,0.0,0.0,0.0,0.0,0.0,nan,100.0,0.0,0.0,2.140625,2.1806812286376953,100.0,0.0,0.0,2.114987850189209,2.1552581787109375,0.01197647874372719,specimen_3,0.0,0.0,0.0,0.0,nan,8
0.0,,,0.0,0.034473419189453125,0.03444671630859375,0.03447074815630913,0.034472886472940445,0.0,nan,0.034332275390625,0.0,0.0,0.0,0.0,0.0,0.0,0.0,6.604166507720947,6.569834232330322,0.0,0.0,0.0,0.0,0.0,0.0,0.0,nan,100.0,100.0,100.0,6.604166507720947,6.604380130767822,100.0,100.0,100.0,6.569834232330322,6.570050239562988,0.005198578102246067,specimen_3,0.0,0.0,0.0,0.0,nan,3
0.0,,,0.0,0.030670166015625,0.030670166015625,0.030670166015625,0.030670166015625,0.0,nan,0.030670166015625,0.0,0.0,0.0,0.0,0.0,0.0,0.0,3.03125,3.000579833984375,0.0,0.0,0.0,0.0,0.0,0.0,0.0,nan,100.0,100.0,0.0,3.03125,3.03125,100.0,100.0,0.0,3.000579833984375,3.000579833984375,0.010117992912371135,specimen_3,0.0,0.0,0.0,0.0,nan,1
0.0,,,0.0,0.031215667724609375,0.031215667724609375,0.031215667724609375,0.031215667724609375,0.0,nan,0.031215667724609375,0.0,0.0,0.0,0.0,0.0,0.0,0.0,3.03125,3.0000343322753906,0.0,0.0,0.0,0.0,0.0,0.0,0.0,nan,100.0,100.0,0.0,3.03125,3.03125,100.0,100.0,0.0,3.0000343322753906,3.0000343322753906,0.010297952239046391,specimen_3,0.0,0.0,0.0,0.0,nan,1
0.0,,,0.0,0.02730560302734375,0.02730560302734375,0.02730560302734375,0.02730560302734375,0.0,nan,0.02730560302734375,0.0,0.0,0.0,0.0,0.0,0.0,0.0,3.46875,3.4414443969726562,0.0,0.0,0.0,0.0,0.0,0.0,0.0,nan,100.0,100.0,0.0,3.46875,3.46875,100.0,100.0,0.0,3.4414443969726562,3.4414443969726562,0.007871885557432432,specimen_3,0.0,0.0,0.0,0.0,nan,1
0.0,,,0.0,0.027088165283203125,0.027088165283203125,0.027088165283203125,0.027088165283203125,0.0,nan,0.027088165283203125,0.0,0.0,0.0,0.0,0.0,0.0,0.0,3.46875,3.441661834716797,0.0,0.0,0.0,0.0,0.0,0.0,0.0,nan,100.0,100.0,0.0,3.46875,3.46875,100.0,100.0,0.0,3.441661834716797,3.441661834716797,0.007809200802364865,specimen_3,0.0,0.0,0.0,0.0,nan,1
0.0,,,0.0,0.02375030517578125,0.020151138305664062,0.02275867387652397,0.023537904024124146,0.0,nan,0.008898496627807617,0.0,8.333333333333332,0.0,0.0,0.0,0.0,0.0,2.4156250953674316,2.406726598739624,0.0,0.0,0.0,0.0,0.0,0.0,0.0,nan,73.33333333333333,40.0,6.666666666666667,2.4156250953674316,2.926102638244629,73.33333333333333,36.666666666666664,6.666666666666667,2.406726598739624,2.921534776687622,0.0036837242024322075,specimen_3,0.13592402637004852,0.13592402637004852,0.39609211683273315,0.13592402637004852,nan,30
0.0,,,0.0,0.017444610595703125,0.014362335205078125,0.01643066294491291,0.017222251743078232,0.0,nan,0.006316661834716797,0.0,8.333333333333332,0.0,0.0,0.0,0.0,0.0,2.4156250953674316,2.409308433532715,0.0,0.0,0.0,0.0,0.0,0.0,0.0,nan,73.33333333333333,40.0,6.666666666666667,2.4156250953674316,2.926102638244629,73.33333333333333,36.666666666666664,6.666666666666667,2.409308433532715,2.922860860824585,0.0026149181207094528,specimen_3,0.13870185613632202,0.13870185613632202,0.3995450437068939,0.13870185613632202,nan,30
0.0,,,0.0,0.0433349609375,0.04329204559326172,0.04333066940307617,0.043334104120731354,0.0,nan,0.04329204559326172,0.0,0.0,0.0,0.0,0.0,0.0,0.0,1.765625,1.7223329544067383,0.0,0.0,0.0,0.0,0.0,0.0,0.0,nan,100.0,0.0,0.0,1.765625,1.7667309045791626,100.0,0.0,0.0,1.7223329544067383,1.7234681844711304,0.024519388654590708,specimen_3,0.0,0.0,0.0,0.0,nan,2
