coverage_threshold,backbone,sequence,candidate,valid_count,mae,rmse,mean_bias,huber_loss_beta_0.25,explained_variance_approx,pearson,spearman
0.05,ALL,ALL,raw,50723091,0.4483018306930652,2.0049906770944177,-0.20720655144197347,0.35927740729585506,0.1020797649484233,,
0.05,ALL,ALL,t-1,50284860,0.43476742228006726,1.979942931969582,-0.18341794835811998,0.3458895654773282,0.10959130397427119,,
0.05,ALL,ALL,t-2,50102667,0.4354114581349906,2.022196692277627,-0.18598750788224475,0.3469200409745497,0.10365654514385625,,
0.05,ALL,ALL,t-4,49707798,0.44092361237610794,2.1095737206331044,-0.2027438543997,0.35317168179857944,0.09844216980190101,,
0.05,ALL,ALL,t-8,48957948,0.4688119068635763,2.2618191870812816,-0.28386425333722876,0.37908231658854896,0.10973504885707086,,
0.05,ALL,dataset_7_keyframe_1,raw,17182443,0.17590751834454288,0.3696899014393573,-0.09111574180918641,0.10172329498043076,0.07247298622216414,,
0.05,ALL,dataset_7_keyframe_1,t-1,17007606,0.16747780065375603,0.34808783171055147,-0.07256971807833636,0.09300462457716437,0.10384546993156196,,
0.05,ALL,dataset_7_keyframe_1,t-2,16926594,0.16961223630848482,0.3459386819107722,-0.06373897196922713,0.09423849998228472,0.09029106490145933,,
0.05,ALL,dataset_7_keyframe_1,t-4,16758282,0.1773904536915128,0.34982972462355727,-0.05038997784192208,0.0996750068878956,0.06840046021481327,,
0.05,ALL,dataset_7_keyframe_1,t-8,16435770,0.19190104833324284,0.3562689839483891,-0.05289920806381115,0.11090717423819549,0.20935148916392154,,
0.05,ALL,dataset_7_keyframe_2,raw,16280655,0.3396004234492562,0.9227795677855016,0.08200961124210879,0.23855858607097657,0.14324793367659727,,
0.05,ALL,dataset_7_keyframe_2,t-1,16171125,0.312840742131036,0.5315929918043379,0.11738193682533103,0.21254120988219743,0.12845587510886614,,
0.05,ALL,dataset_7_keyframe_2,t-2,16118952,0.3063015426363482,0.5255271494745892,0.11547673755378723,0.20751807976082284,0.04479256097130235,,
0.05,ALL,dataset_7_keyframe_2,t-4,16012581,0.2952643433837275,0.5186328873355626,0.09063946689293387,0.19994556350721973,0.002711966426541923,,
0.05,ALL,dataset_7_keyframe_2,t-8,15818034,0.31132145124869814,0.5040068129861245,-0.04706727124099896,0.21219405467736224,0.3608304027598914,,
0.05,ALL,dataset_7_keyframe_3,raw,7655601,1.5899311650630041,4.93426848505341,-1.258182878589888,1.4857569788813771,0.04104073167275235,,
0.05,ALL,dataset_7_keyframe_3,t-1,7595613,1.5899288284072661,4.993352248945811,-1.2631091210869847,1.4871313749524726,0.05076730078892766,,
0.05,ALL,dataset_7_keyframe_3,t-2,7575060,1.6073688522661043,5.104480328249692,-1.304981996171895,1.5064031750965503,0.04622497170768969,,
0.05,ALL,dataset_7_keyframe_3,t-4,7524651,1.6437042956377645,5.331002211322018,-1.3888059707125453,1.5473195046271913,0.04242650259335412,,
0.05,ALL,dataset_7_keyframe_3,t-8,7423665,1.714742960097876,5.7227133167149935,-1.5510230451051636,1.6271246494213942,0.04821660317713783,,
0.05,ALL,dataset_7_keyframe_4,raw,9604392,0.20989748050862433,0.36841020106543076,-0.0674264234531403,0.12677046366399677,0.0720961434748627,,
0.05,ALL,dataset_7_keyframe_4,t-1,9510516,0.19750260506862877,0.3414992920213437,-0.030809957620561067,0.11340262612821166,0.16910484107110146,,
0.05,ALL,dataset_7_keyframe_4,t-2,9482061,0.1931165029351214,0.3300310389455092,-0.022741210692176553,0.10866983943540531,0.21595211975082262,,
0.05,ALL,dataset_7_keyframe_4,t-4,9412284,0.1963749963694386,0.3274574398006187,-0.024924095904660378,0.1105280017456775,0.2438100880344093,,
0.05,ALL,dataset_7_keyframe_4,t-8,9280479,0.23100713573839374,0.36481241368484746,-0.08288203140865165,0.1401357027775553,0.22661280404888806,,
0.05,RAFT-Stereo,ALL,raw,16907697,0.426706960380026,1.8948536428950231,-0.18170363273753298,0.3383741713560435,0.1131652468628116,,
0.05,RAFT-Stereo,ALL,t-1,16761620,0.4175410386419149,1.8998729690611036,-0.16134220510144953,0.329421253092351,0.12495830749193482,,
0.05,RAFT-Stereo,ALL,t-2,16700889,0.41721072238198387,1.9346981339722396,-0.1629637010126003,0.3297449822243323,0.1172732282259158,,
0.05,RAFT-Stereo,ALL,t-4,16569266,0.42057693929616813,2.010697227075892,-0.1775658779484685,0.3343474726603761,0.11053679147652895,,
0.05,RAFT-Stereo,ALL,t-8,16319316,0.44608717125340724,2.142128824363507,-0.25584646367954655,0.3574486115759592,0.12408389550427434,,
0.05,RAFT-Stereo,dataset_7_keyframe_1,raw,5727481,0.1671477935105219,0.36566286137351034,-0.07440194254337525,0.09494142963983643,0.1207786299051804,,
0.05,RAFT-Stereo,dataset_7_keyframe_1,t-1,5669202,0.1591757159313383,0.3446807251755589,-0.05381594867967639,0.08670164334994811,0.14186936143152917,,
0.05,RAFT-Stereo,dataset_7_keyframe_1,t-2,5642198,0.16076117791051908,0.34140812573366947,-0.044418221954665875,0.08755413902275984,0.1313022978822631,,
0.05,RAFT-Stereo,dataset_7_keyframe_1,t-4,5586094,0.16835907367977068,0.3444617935049666,-0.030359150166351562,0.09272190380394825,0.10692015987055759,,
0.05,RAFT-Stereo,dataset_7_keyframe_1,t-8,5478590,0.1821063327596608,0.3486656834355986,-0.0333939054982455,0.10278059023712077,0.24058492091198846,,
0.05,RAFT-Stereo,dataset_7_keyframe_2,raw,5426885,0.3242783217547912,0.5827332866598548,0.09583092870115997,0.22324354953394074,0.2474984234702865,,
0.05,RAFT-Stereo,dataset_7_keyframe_2,t-1,5390375,0.314514811556478,0.5540621564513418,0.11430854270596608,0.21412369088131625,0.1884135559188963,,
0.05,RAFT-Stereo,dataset_7_keyframe_2,t-2,5372984,0.30807105249848127,0.5455824437572339,0.11452190655733038,0.20930300286523745,0.10886732548417433,,
0.05,RAFT-Stereo,dataset_7_keyframe_2,t-4,5337527,0.2978270319229767,0.5398919306811203,0.09309603055125647,0.2030816271222141,0.03383696885654974,,
0.05,RAFT-Stereo,dataset_7_keyframe_2,t-8,5272678,0.3106176348207211,0.5174585667916799,-0.04351690116898377,0.21264023449338743,0.35495310559740645,,
0.05,RAFT-Stereo,dataset_7_keyframe_3,raw,2551867,1.5151926189604512,4.755251624363236,-1.1707743191982085,1.4105366707676674,0.052313787515193444,,
0.05,RAFT-Stereo,dataset_7_keyframe_3,t-1,2531871,1.5042944757429386,4.779068815855014,-1.1636693040258075,1.401083045403972,0.06783299221024852,,
0.05,RAFT-Stereo,dataset_7_keyframe_3,t-2,2525020,1.517268481722422,4.87149413588373,-1.2001012375953952,1.4161453439601468,0.062040823261280686,,
0.05,RAFT-Stereo,dataset_7_keyframe_3,t-4,2508217,1.5425259911971332,5.0688643911320295,-1.2766609317869029,1.4469132340199233,0.05740699857907394,,
0.05,RAFT-Stereo,dataset_7_keyframe_3,t-8,2474555,1.601035036160542,5.409433022671998,-1.4280340232574644,1.5141882241516658,0.06439789295446208,,
0.05,RAFT-Stereo,dataset_7_keyframe_4,raw,3201464,0.19706764756625308,0.350825833581357,-0.05574241463912584,0.11442692305916527,0.053423932832008636,,
0.05,RAFT-Stereo,dataset_7_keyframe_4,t-1,3170172,0.18681402809507458,0.33055827348318334,-0.02181856202798672,0.10363356085746293,0.10812587267268381,,
0.05,RAFT-Stereo,dataset_7_keyframe_4,t-2,3160687,0.18171665526219558,0.3245887317835897,-0.017738872337994673,0.09892139158242634,0.12394141049539353,,
0.05,RAFT-Stereo,dataset_7_keyframe_4,t-4,3137428,0.18152825532719397,0.32172257322710657,-0.021452961463580923,0.09842868150828879,0.16918904256758116,,
0.05,RAFT-Stereo,dataset_7_keyframe_4,t-8,3093493,0.22062941606760345,0.35801674563839275,-0.0740549378006222,0.1299820639188123,0.21687383370023572,,
0.05,S2M2-S,ALL,raw,16907697,0.47379903412111657,2.1823970389824545,-0.232028919391366,0.38391872293082885,0.08248613576391706,,
0.05,S2M2-S,ALL,t-1,16761620,0.46783608532888304,2.217416192160119,-0.21851049049060817,0.3779033171220827,0.08417459986862408,,
0.05,S2M2-S,ALL,t-2,16700889,0.46978330670750523,2.2682431072583467,-0.2216125151761546,0.37982826511955253,0.07981155647059512,,
0.05,S2M2-S,ALL,t-4,16569266,0.47702467269399185,2.3671639977447416,-0.24149297169384162,0.38720555490735076,0.07796563189404038,,
0.05,S2M2-S,ALL,t-8,16319316,0.5056773613433672,2.536580460463842,-0.3285540081687889,0.4148311652021464,0.0889614960265308,,
0.05,S2M2-S,dataset_7_keyframe_1,raw,5727481,0.18362950552018417,0.37166993446012464,-0.10648030074897892,0.10736434500502925,0.02295981373177347,,
0.05,S2M2-S,dataset_7_keyframe_1,t-1,5669202,0.17509291010831418,0.34899018090138895,-0.09015355492134298,0.09843204398520286,0.06650958964560894,,
0.05,S2M2-S,dataset_7_keyframe_1,t-2,5642198,0.1779534586410296,0.34810725609087256,-0.08271055259902702,0.10014713777658105,0.05083448110458544,,
0.05,S2M2-S,dataset_7_keyframe_1,t-4,5586094,0.18531575909750175,0.35176002868516526,-0.07124177570747242,0.10541227675702378,0.041809019883399134,,
0.05,S2M2-S,dataset_7_keyframe_1,t-8,5478590,0.2004886001405015,0.36183297717089125,-0.07403468413876221,0.11805783256960277,0.1906178997104856,,
0.05,S2M2-S,dataset_7_keyframe_2,raw,5426885,0.3158387686087415,0.5338218708751465,0.11091092913633062,0.2151773578011373,0.13613994876854996,,
0.05,S2M2-S,dataset_7_keyframe_2,t-1,5390375,0.3076209903937574,0.515384035597338,0.12153803147392343,0.20779498288326415,0.060879889868832304,,
0.05,S2M2-S,dataset_7_keyframe_2,t-2,5372984,0.3012229905381721,0.5115383278155278,0.11715834571481834,0.20270927430641894,-0.016037054505554593,,
0.05,S2M2-S,dataset_7_keyframe_2,t-4,5337527,0.28990543850527595,0.5014603581264375,0.08715326919943157,0.19399461988377295,-7.933568128515311e-05,,
0.05,S2M2-S,dataset_7_keyframe_2,t-8,5272678,0.30950176670185436,0.4922700731738725,-0.05557187519506513,0.2090801473120016,0.3815660507445948,,
0.05,S2M2-S,dataset_7_keyframe_3,raw,2551867,1.7509700878440178,5.5137259204001925,-1.4201971598147551,1.6467126178169258,0.023065359146862807,,
0.05,S2M2-S,dataset_7_keyframe_3,t-1,2531871,1.7679223164071403,5.613631795100152,-1.444010865244887,1.664598853754052,0.02508670508951827,,
0.05,S2M2-S,dataset_7_keyframe_3,t-2,2525020,1.7912986750476234,5.746343889728064,-1.489584184837521,1.6894211910790558,0.02142118867291387,,
0.05,S2M2-S,dataset_7_keyframe_3,t-4,2508217,1.8335865482021192,6.002275416732572,-1.58015514528722,1.7358088592616912,0.0202070821665149,,
0.05,S2M2-S,dataset_7_keyframe_3,t-8,2474555,1.9098059863841048,6.435110894383509,-1.753563187213206,1.8218312500252571,0.027528558370381706,,
0.05,S2M2-S,dataset_7_keyframe_4,raw,3201464,0.24265540483002465,0.43705215399826514,-0.09088259525441915,0.15815259224105166,0.12389280640872369,,
0.05,S2M2-S,dataset_7_keyframe_4,t-1,3170172,0.22544829401705174,0.399916882075636,-0.047498188349973595,0.13929787166196148,0.24757580504626187,,
0.05,S2M2-S,dataset_7_keyframe_4,t-2,3160687,0.2215401024761389,0.38059698448968066,-0.03249823886654972,0.13397205447962143,0.3181569160922014,,
0.05,S2M2-S,dataset_7_keyframe_4,t-4,3137428,0.23023520660523922,0.37771516539020333,-0.03353350538728996,0.13948754782056952,0.3360970694046156,,
0.05,S2M2-S,dataset_7_keyframe_4,t-8,3093493,0.25734362582301784,0.41565704013334254,-0.10469389964778489,0.1656174715021276,0.2497123465292872,,
0.05,StereoAnywhere,ALL,raw,16907697,0.44439949796792255,1.9252625207632323,-0.20788710224756013,0.3555393264455236,0.11541055750366791,,
0.05,StereoAnywhere,ALL,t-1,16761620,0.4189251414419892,1.7983520754464961,-0.17040114959882588,0.3303441275721382,0.12890581896434805,,
0.05,StereoAnywhere,ALL,t-2,16700889,0.41924034418986433,1.8384381214513728,-0.17338630762974583,0.3311868743810537,0.12286448048885812,,
0.05,StereoAnywhere,ALL,t-4,16569266,0.4251692261401131,1.924716891537733,-0.1891727134389135,0.33796201781327684,0.11457293259286294,,
0.05,StereoAnywhere,ALL,t-8,16319316,0.45467118763490916,2.079548452440696,-0.26719228788658667,0.3649671722619705,0.12371593027726635,,
0.05,StereoAnywhere,dataset_7_keyframe_1,raw,5727481,0.17694525685544613,0.3717041849895749,-0.09246498177288258,0.10286410995541714,0.06820277892279747,,
0.05,StereoAnywhere,dataset_7_keyframe_1,t-1,5669202,0.16816477626613058,0.3505659242624469,-0.07373965041866783,0.09388018656859963,0.09856267290067922,,
0.05,StereoAnywhere,dataset_7_keyframe_1,t-2,5642198,0.17012207410472502,0.34825643562314096,-0.06408814157034094,0.09501422314751327,0.08376996902104594,,
0.05,StereoAnywhere,dataset_7_keyframe_1,t-4,5586094,0.1784965286469065,0.35320456344436585,-0.0495690077393524,0.10089084027753505,0.05163723566155354,,
0.05,StereoAnywhere,dataset_7_keyframe_1,t-8,5478590,0.19310821245606763,0.3581785927850975,-0.05126903419792433,0.11188310044261503,0.19393296222832757,,
0.05,StereoAnywhere,dataset_7_keyframe_2,raw,5426885,0.37868418034413387,1.389252504061392,0.03928697516903977,0.2772548517775966,0.12149613388711633,,
0.05,StereoAnywhere,dataset_7_keyframe_2,t-1,5390375,0.31638642480520834,0.5245643418320386,0.1162992363866875,0.2157049566066832,0.11637868822386421,,
0.05,StereoAnywhere,dataset_7_keyframe_2,t-2,5372984,0.30961058414537435,0.5188493918963931,0.1147499597530732,0.21054196065677844,0.023567786303879124,,
0.05,StereoAnywhere,dataset_7_keyframe_2,t-4,5337527,0.29806056045477614,0.513803881835233,0.09166909909849753,0.20276044351567216,-0.0313033601885484,,
0.05,StereoAnywhere,dataset_7_keyframe_2,t-8,5272678,0.3138449514826716,0.5019715235268358,-0.0421130377293717,0.21486178148585025,0.346053988943437,,
0.05,StereoAnywhere,dataset_7_keyframe_3,raw,2551867,1.5036307914460276,4.475201102053177,-1.1835771598181841,1.4000216518863933,0.05329900250762942,,
0.05,StereoAnywhere,dataset_7_keyframe_3,t-1,2531871,1.4975696857432705,4.521984016861028,-1.181647195147383,1.395712230327888,0.06802999252946118,,
0.05,StereoAnywhere,dataset_7_keyframe_3,t-2,2525020,1.5135393938401973,4.6276597817566145,-1.225260563375488,1.4136429906372028,0.06376544822409014,,
0.05,StereoAnywhere,dataset_7_keyframe_3,t-4,2508217,1.5550003467353501,4.851603581944599,-1.3096018319487508,1.4592364254667758,0.05715882205913003,,
0.05,StereoAnywhere,dataset_7_keyframe_3,t-8,2474555,1.633387858340944,5.251259393741208,-1.4714719232662539,1.5453544725086934,0.059342601230481073,,
0.05,StereoAnywhere,dataset_7_keyframe_4,raw,3201464,0.18996939118858983,0.3050981478032651,-0.05565425970328536,0.10773187477666468,-0.05826705223568829,,
0.05,StereoAnywhere,dataset_7_keyframe_4,t-1,3170172,0.18024549170754772,0.28401235049210466,-0.02311312263774647,0.09727644694337563,0.031913077727476424,,
0.05,StereoAnywhere,dataset_7_keyframe_4,t-2,3160687,0.17609275176221578,0.27667589422346417,-0.017986521180956862,0.09311607170346788,0.06086948252623037,,
0.05,StereoAnywhere,dataset_7_keyframe_4,t-4,3137428,0.1773615271758826,0.2747925828230314,-0.01978581996823164,0.09366777575254316,0.09683706701928929,,
0.05,StereoAnywhere,dataset_7_keyframe_4,t-8,3093493,0.2150483620098906,0.3135562568470524,-0.06989725468614938,0.12480757303010706,0.17617791431226038,,
0.25,ALL,ALL,raw,34817211,0.4383118466754707,2.1081742044852887,-0.2668643581417823,0.35527015645854476,0.10546447751115173,,
0.25,ALL,ALL,t-1,34556655,0.43135401046230054,2.129202812060958,-0.24880626540580733,0.34845013112976375,0.11488796573756543,,
0.25,ALL,ALL,t-2,34465254,0.4328702265070505,2.1759793072384044,-0.25173278379223935,0.3503458605826668,0.10972450312431037,,
0.25,ALL,ALL,t-4,34251054,0.4406335401330169,2.2722144628604015,-0.2665238889571344,0.35866247515183675,0.10364859425366302,,
0.25,ALL,ALL,t-8,33834912,0.4703283391635634,2.446854045126204,-0.33127599702841193,0.386506646094335,0.10713467828689216,,
0.25,ALL,dataset_7_keyframe_1,raw,12996114,0.14510573926115047,0.3229509662643987,-0.07263390997338014,0.07600656302997513,0.07546366359309953,,
0.25,ALL,dataset_7_keyframe_1,t-1,12891801,0.13925114196460747,0.3056453686883083,-0.05788649026129936,0.06984537662092304,0.10453638713741564,,
0.25,ALL,dataset_7_keyframe_1,t-2,12846900,0.14018641018212566,0.30129042591648675,-0.05182877612528363,0.07003760720378675,0.10211414699603805,,
0.25,ALL,dataset_7_keyframe_1,t-4,12748431,0.14473114232216597,0.2997936113043614,-0.04192513464262595,0.07241273945789878,0.09025697742078431,,
0.25,ALL,dataset_7_keyframe_1,t-8,12553857,0.15604994892425042,0.3003758672562898,-0.04068512900576623,0.08013107403387934,0.18539308435471702,,
0.25,ALL,dataset_7_keyframe_2,raw,5634408,0.2065334795320576,0.5132741520545069,0.02153412183690462,0.11742204171097069,0.31512394412312983,,
0.25,ALL,dataset_7_keyframe_2,t-1,5618052,0.1969899687216045,0.4719886033213333,0.046106680094516635,0.10926559911824787,0.31468985357753165,,
0.25,ALL,dataset_7_keyframe_2,t-2,5614632,0.19209025071322225,0.4600047675344568,0.052805358110646364,0.10658169711165527,0.2556745701174499,,
0.25,ALL,dataset_7_keyframe_2,t-4,5606736,0.18480021608883088,0.4417503365056514,0.046508630161175235,0.10386070981199695,0.13649174978317935,,
0.25,ALL,dataset_7_keyframe_2,t-8,5590788,0.19996508604384577,0.38867097063963624,-0.05170818209579986,0.11230098335468336,0.2052828102610651,,
0.25,ALL,dataset_7_keyframe_3,raw,7385244,1.4150084339630484,4.518869759345802,-1.0785581504653061,1.3110413306715052,0.05016391239339035,,
0.25,ALL,dataset_7_keyframe_3,t-1,7327917,1.4137181501407563,4.573493494375274,-1.082604477091256,1.3111608183322252,0.06019141773775183,,
0.25,ALL,dataset_7_keyframe_3,t-2,7308966,1.4276449159006384,4.678310906127112,-1.1213112228892055,1.326965002160959,0.055501069319200735,,
0.25,ALL,dataset_7_keyframe_3,t-4,7261644,1.457495179197283,4.891472162098918,-1.199831395897575,1.3615235985021952,0.050922459010310894,,
0.25,ALL,dataset_7_keyframe_3,t-8,7170891,1.5236468446267695,5.274955624616343,-1.3596036994064788,1.4366972534231626,0.05547556538221032,,
0.25,ALL,dataset_7_keyframe_4,raw,8801445,0.20009315292785376,0.3525060591437939,-0.05719867728617645,0.11790816568774361,0.08997450507819638,,
0.25,ALL,dataset_7_keyframe_4,t-1,8718885,0.1886301472074877,0.32659177860788935,-0.02035181532146617,0.10539200852472463,0.1870183592776784,,
0.25,ALL,dataset_7_keyframe_4,t-2,8694756,0.18458221235188702,0.3156703891764871,-0.012772328501996949,0.10096129715868751,0.2346802964630298,,
0.25,ALL,dataset_7_keyframe_4,t-4,8634243,0.18845092178273112,0.31397203036053556,-0.016475975787718884,0.10333271085277106,0.2632249681772202,,
0.25,ALL,dataset_7_keyframe_4,t-8,8519376,0.2242677596505454,0.3534672313347262,-0.07738589081119643,0.13395510659067233,0.24115584693737757,,
0.25,RAFT-Stereo,ALL,raw,11605737,0.41720852367258915,2.024254985336846,-0.2394924266456946,0.3349076934402772,0.11722285547798905,,
0.25,RAFT-Stereo,ALL,t-1,11518885,0.40870331350180084,2.0298310067367495,-0.21852648911240283,0.32665124507326126,0.13199119337864929,,
0.25,RAFT-Stereo,ALL,t-2,11488418,0.408815533451587,2.068854397905839,-0.2207018953620687,0.32753296403999316,0.1253818409135945,,
0.25,RAFT-Stereo,ALL,t-4,11417018,0.41279414400715814,2.1520226154688062,-0.23340365107264732,0.3328241533493802,0.11801403455499426,,
0.25,RAFT-Stereo,ALL,t-8,11278304,0.4392723446412239,2.3033341613044827,-0.2943248847512961,0.3569319032684009,0.12278313291786891,,
0.25,RAFT-Stereo,dataset_7_keyframe_1,raw,4332038,0.13725936547864423,0.3192700594663203,-0.0571514857557891,0.07015618227693149,0.12020878692380987,,
0.25,RAFT-Stereo,dataset_7_keyframe_1,t-1,4297267,0.13153892823224914,0.30230766372400436,-0.0407294060262695,0.06421520267134684,0.14005022764690567,,
0.25,RAFT-Stereo,dataset_7_keyframe_1,t-2,4282300,0.13180195541458445,0.29662483433546455,-0.034051467521013096,0.06397466869553343,0.1417020759738209,,
0.25,RAFT-Stereo,dataset_7_keyframe_1,t-4,4249477,0.13604045949911894,0.2939105485887837,-0.02307223273905971,0.06602493440617442,0.12728922072110205,,
0.25,RAFT-Stereo,dataset_7_keyframe_1,t-8,4184619,0.14685045078738052,0.29293530207605406,-0.02175827693275268,0.07277095500146265,0.21369707051982945,,
0.25,RAFT-Stereo,dataset_7_keyframe_2,raw,1878136,0.205988702809511,0.5467197400416145,0.03019570677318215,0.11670758962898316,0.3375625725481257,,
0.25,RAFT-Stereo,dataset_7_keyframe_2,t-1,1872684,0.19702523422165433,0.5031069276556552,0.058092176755963995,0.10882651191181034,0.3362897798527237,,
0.25,RAFT-Stereo,dataset_7_keyframe_2,t-2,1871544,0.191561508454284,0.48550027960496955,0.0672482840072971,0.10589980686124623,0.2840590360906573,,
0.25,RAFT-Stereo,dataset_7_keyframe_2,t-4,1868912,0.18157306987828387,0.46116737491783744,0.06386961834036776,0.1021397326424835,0.1619946363307634,,
0.25,RAFT-Stereo,dataset_7_keyframe_2,t-8,1863596,0.18764563533406672,0.3904863771593142,-0.03513732632417199,0.1034843799012947,0.23333754281861951,,
0.25,RAFT-Stereo,dataset_7_keyframe_3,raw,2461748,1.3448861924661866,4.33303903499581,-0.9966845704949796,1.24042250351681,0.06292241966777601,,
0.25,RAFT-Stereo,dataset_7_keyframe_3,t-1,2442639,1.333117693417345,4.353741577363368,-0.9891445924686886,1.2301357445459091,0.07934168433306998,,
0.25,RAFT-Stereo,dataset_7_keyframe_3,t-2,2436322,1.342989654974794,4.441986533300034,-1.0225173830483512,1.2421407562557412,0.07340329583619887,,
0.25,RAFT-Stereo,dataset_7_keyframe_3,t-4,2420548,1.361766642693101,4.627478239531224,-1.0934184723807894,1.2665823293810947,0.06763094578853523,,
0.25,RAFT-Stereo,dataset_7_keyframe_3,t-8,2390297,1.4149388440929098,4.961742142546589,-1.2413620248145418,1.328778685275564,0.07298976750515773,,
0.25,RAFT-Stereo,dataset_7_keyframe_4,raw,2933815,0.1873853395397716,0.3368665938426524,-0.04602509189586554,0.10570912584568855,0.07241587990346088,,
0.25,RAFT-Stereo,dataset_7_keyframe_4,t-1,2906295,0.177978250172121,0.3175978002276744,-0.011981404787253833,0.09570021047859581,0.1270781179863386,,
0.25,RAFT-Stereo,dataset_7_keyframe_4,t-2,2898252,0.17312407118044773,0.31229386053344826,-0.008409743075308842,0.09123633011232396,0.14235935080447448,,
0.25,RAFT-Stereo,dataset_7_keyframe_4,t-4,2878081,0.17345299041393053,0.31046604413035694,-0.013697864259626793,0.09123246121565301,0.18984971415764462,,
0.25,RAFT-Stereo,dataset_7_keyframe_4,t-8,2839792,0.21406994790050865,0.3488721847038915,-0.0689239639077357,0.12396647708272131,0.23349659625211783,,
0.25,S2M2-S,ALL,raw,11605737,0.4769470862332781,2.349050410226388,-0.3072100919944253,0.39291438453033845,0.08595644059521179,,
0.25,S2M2-S,ALL,t-1,11518885,0.4722971938223537,2.388409360373483,-0.29279745585002404,0.38812777019186184,0.0879701499187201,,
0.25,S2M2-S,ALL,t-2,11488418,0.47583772509279837,2.445048787325448,-0.2957900158835745,0.3914570562243287,0.08382944359901046,,
0.25,S2M2-S,ALL,t-4,11417018,0.4869218539683565,2.5547392828021844,-0.3132828796278163,0.4021745716365557,0.08093107238545394,,
0.25,S2M2-S,ALL,t-8,11278304,0.5182535773850772,2.7514113544206604,-0.3851951597245929,0.4328828925069994,0.08572808146322475,,
0.25,S2M2-S,dataset_7_keyframe_1,raw,4332038,0.15172030034023537,0.32302009487424455,-0.08721942586549333,0.08050127853362551,0.022686082679037822,,
0.25,S2M2-S,dataset_7_keyframe_1,t-1,4297267,0.14601163267330725,0.30458836436000936,-0.07457297409070823,0.0742936388497765,0.06650070718734558,,
0.25,S2M2-S,dataset_7_keyframe_1,t-2,4282300,0.14796182058633794,0.30198648322169014,-0.06994591495261017,0.07513878804176494,0.060050581720692775,,
0.25,S2M2-S,dataset_7_keyframe_1,t-4,4249477,0.1523098487693309,0.3002038605215022,-0.06233014201107866,0.07746206547888128,0.06465770216103828,,
0.25,S2M2-S,dataset_7_keyframe_1,t-8,4184619,0.164161250309616,0.30441042412294816,-0.062175243101768946,0.08654760655368207,0.16992035193018795,,
0.25,S2M2-S,dataset_7_keyframe_2,raw,1878136,0.19942886962911424,0.4878534370348101,0.021632237753210246,0.11149902516637923,0.29971664247035257,,
0.25,S2M2-S,dataset_7_keyframe_2,t-1,1872684,0.19065699010662762,0.4547762180949218,0.04069039058816283,0.10453102518585124,0.29406351072541714,,
0.25,S2M2-S,dataset_7_keyframe_2,t-2,1871544,0.18708522585287535,0.4464686148062979,0.04455712216185258,0.10263799116693348,0.23128906795946347,,
0.25,S2M2-S,dataset_7_keyframe_2,t-4,1868912,0.18413203530906494,0.4310972587829247,0.034422053588785154,0.10184717119968334,0.12307316536922441,,
0.25,S2M2-S,dataset_7_keyframe_2,t-8,1863596,0.21046967169572,0.39267172529063227,-0.06632807615572207,0.11909086647005934,0.18616822565489077,,
0.25,S2M2-S,dataset_7_keyframe_3,raw,2461748,1.5513282853122812,5.043491594107339,-1.2145553806875744,1.4472690546244351,0.032076095781226055,,
0.25,S2M2-S,dataset_7_keyframe_3,t-1,2442639,1.565824778804809,5.138273653962928,-1.2359690419134028,1.4627192535313498,0.033544546052729274,,
0.25,S2M2-S,dataset_7_keyframe_3,t-2,2436322,1.5856960291347983,5.264628912209364,-1.278557306041135,1.4840793631336242,0.02962523830668451,,
0.25,S2M2-S,dataset_7_keyframe_3,t-4,2420548,1.6215183528107582,5.506726486889135,-1.3643343411253102,1.5241216377577516,0.02794704065192466,,
0.25,S2M2-S,dataset_7_keyframe_3,t-8,2390297,1.695186273735348,5.936435670458735,-1.5380036002227182,1.6078705000737747,0.03434156055807058,,
0.25,S2M2-S,dataset_7_keyframe_4,raw,2933815,0.23332435620301553,0.42216505397396964,-0.08121189285404627,0.1496700981167013,0.14054610135552748,,
0.25,S2M2-S,dataset_7_keyframe_4,t-1,2906295,0.2171497126146649,0.38611372085549905,-0.03764734839891995,0.13174535775333157,0.26340955711194913,,
0.25,S2M2-S,dataset_7_keyframe_4,t-2,2898252,0.21378452553847543,0.3674524902235445,-0.023132313120499282,0.12685878944769985,0.3341699285622173,,
0.25,S2M2-S,dataset_7_keyframe_4,t-4,2878081,0.22336716579499935,0.3654044281382885,-0.025635414428689093,0.13304284189341894,0.35148939665020973,,
0.25,S2M2-S,dataset_7_keyframe_4,t-8,2839792,0.25137052463096327,0.4057505266272437,-0.10010390834123481,0.16014933635957096,0.25854783662574954,,
0.25,StereoAnywhere,ALL,raw,11605737,0.4207799317192962,1.928094748934204,-0.25389055628615154,0.33798839197825514,0.11987616441738103,,
0.25,StereoAnywhere,ALL,t-1,11518885,0.4130615246773966,1.9431419538367956,-0.2350948512030016,0.33057137846858387,0.13429686719647582,,
0.25,StereoAnywhere,ALL,t-2,11488418,0.4139574220951011,1.986513463920828,-0.2387064397737919,0.33204756095240306,0.12948441994263526,,
0.25,StereoAnywhere,ALL,t-4,11417018,0.42218462374399324,2.081101045035421,-0.2528851355844689,0.3409887001073842,0.12043376735591516,,
0.25,StereoAnywhere,ALL,t-8,11278304,0.45345909521274363,2.2551433320219347,-0.3143079464016716,0.36970514195831383,0.12070722969176939,,
0.25,StereoAnywhere,dataset_7_keyframe_1,raw,4332038,0.1463375517391439,0.3265220166014684,-0.07353081836225958,0.07736222839208236,0.07690844328158819,,
0.25,StereoAnywhere,dataset_7_keyframe_1,t-1,4297267,0.1402028647610141,0.30998915941055777,-0.05835709070953011,0.07102728862571075,0.10156790892435896,,
0.25,StereoAnywhere,dataset_7_keyframe_1,t-2,4282300,0.1407954547735008,0.3051976963439731,-0.051488945845216065,0.07099936513061395,0.09857152024643678,,
0.25,StereoAnywhere,dataset_7_keyframe_1,t-4,4249477,0.1458431189278557,0.3051603833692283,-0.040373029292643324,0.0737512184311887,0.07320270498973003,,
0.25,StereoAnywhere,dataset_7_keyframe_1,t-8,4184619,0.15713814590912428,0.30364483774549367,-0.03812186698277706,0.08107466072152043,0.16831914700666328,,
0.25,StereoAnywhere,dataset_7_keyframe_2,raw,1878136,0.2141828666775113,0.5034358104654212,0.012774421024943623,0.12405951037004742,0.30143545766997537,,
0.25,StereoAnywhere,dataset_7_keyframe_2,t-1,1872684,0.20328768167356986,0.4564884838565079,0.03953747299034861,0.11443926012671268,0.3070984632331969,,
0.25,StereoAnywhere,dataset_7_keyframe_2,t-2,1871544,0.19762401804448668,0.44695459832037854,0.04661066811794766,0.11120729320894951,0.24368549734070055,,
0.25,StereoAnywhere,dataset_7_keyframe_2,t-4,1868912,0.18869554324243445,0.43233075897644546,0.04123421828494328,0.1075952253407236,0.11803897628181381,,
0.25,StereoAnywhere,dataset_7_keyframe_2,t-8,1863596,0.20177995101987237,0.3827854172136024,-0.053659143958980186,0.11432770343068578,0.19294177026629877,,
0.25,StereoAnywhere,dataset_7_keyframe_3,raw,2461748,1.3488108284743199,4.128984984096784,-1.0244345010067542,1.2454324328815338,0.061070010507311756,,
0.25,StereoAnywhere,dataset_7_keyframe_3,t-1,2442639,1.342211982198096,4.170564273789323,-1.022699795692282,1.240627457319215,0.07666487745356676,,
0.25,StereoAnywhere,dataset_7_keyframe_3,t-2,2436322,1.3542490692040092,4.267577396442344,-1.0628589779747915,1.2546748866926765,0.07243490817946063,,
0.25,StereoAnywhere,dataset_7_keyframe_3,t-4,2420548,1.3892005461224586,4.476818991770424,-1.141741372169391,1.2938668291746331,0.06505668264942,,
0.25,StereoAnywhere,dataset_7_keyframe_3,t-8,2390297,1.4608154162563272,4.8595593350901245,-1.2994454735907295,1.3734425738987666,0.06607989645499279,,
0.25,StereoAnywhere,dataset_7_keyframe_4,raw,2933815,0.17956976686871445,0.2847439742930009,-0.04435904777434629,0.09834527393300191,-0.05222039678840096,,
0.25,StereoAnywhere,dataset_7_keyframe_4,t-1,2906295,0.17076247723959972,0.26464013708334855,-0.011426693366253253,0.08873045793027506,0.03931323147107402,,
0.25,StereoAnywhere,dataset_7_keyframe_4,t-2,2898252,0.16683803797809638,0.25767148745414375,-0.006774929141708331,0.084788770315532,0.07143184041926565,,
0.25,StereoAnywhere,dataset_7_keyframe_4,t-4,2878081,0.16853260922409108,0.2565652876807676,-0.01009464846277183,0.08572282957648256,0.11239358408866096,,
0.25,StereoAnywhere,dataset_7_keyframe_4,t-8,2839792,0.20736280676404953,0.29744236380423605,-0.06312979859414962,0.11774950448134164,0.19594085733390487,,
0.5,ALL,ALL,raw,14865702,0.5651352623361049,2.476679047799005,-0.3916490025307289,0.4827633766609823,0.0957523557610831,0.6165733171103627,0.20025201714185545
0.5,ALL,ALL,t-1,14754282,0.5604332070541186,2.505110372520499,-0.379195773689512,0.4785404506493951,0.10548072801454556,0.6033106159153537,0.24872261507550622
0.5,ALL,ALL,t-2,14716569,0.56398571023309,2.5615056342999396,-0.38928315112544537,0.48285159878103195,0.10065829474507904,0.6044518299928467,0.27322875635130833
0.5,ALL,ALL,t-4,14624649,0.5758272966555431,2.6789707365997844,-0.41631172589501675,0.4956646111920063,0.09488643947044684,0.6262531761504271,0.34887600485138043
0.5,ALL,ALL,t-8,14453571,0.6108619718561735,2.9015339654911636,-0.49086819793146796,0.5314265652583623,0.0970336303810726,0.6949730129752362,0.4904294367121458
0.5,ALL,dataset_7_keyframe_1,raw,3615567,0.11716811429036407,0.313865728076015,-0.05444295540757551,0.05726930900262,0.09391784828836847,0.3996834372395909,0.2136523722127647
0.5,ALL,dataset_7_keyframe_1,t-1,3591411,0.11387977647481162,0.30208486309549193,-0.048527686754673664,0.05407590091189035,0.12154936965178509,0.4249324278307061,0.2536647574304454
0.5,ALL,dataset_7_keyframe_1,t-2,3582702,0.11328040467028708,0.29832722635636977,-0.04794997845515554,0.053547296178050624,0.12964432193122222,0.44774623364075156,0.2506345088485322
0.5,ALL,dataset_7_keyframe_1,t-4,3562371,0.11426918068165881,0.296290706810814,-0.04425963928164352,0.0534706089005423,0.13179861274763316,0.4186551548630893,0.2457283608216256
0.5,ALL,dataset_7_keyframe_1,t-8,3525288,0.1213776610348041,0.29077942182523586,-0.03809447114523094,0.05654461732292112,0.14905695447762868,0.4312259787923557,0.1828287904938717
0.5,ALL,dataset_7_keyframe_2,raw,581103,0.1848448962581183,0.5803074628309589,-0.0026005555519068636,0.10119956273712932,0.29607281127578355,0.7945757733075834,0.28362126339204197
0.5,ALL,dataset_7_keyframe_2,t-1,579477,0.17184183252783142,0.5402486693199823,-0.004417116582356309,0.0921122249831474,0.32456547571789673,0.7925889850367845,0.3492484790015918
0.5,ALL,dataset_7_keyframe_2,t-2,578628,0.16247027051338436,0.5127210124831587,-0.020079855510887257,0.08688839782658835,0.32700584864441984,0.7709313010284446,0.29077196816635215
0.5,ALL,dataset_7_keyframe_2,t-4,576696,0.14991484625507862,0.451194863007947,-0.0520269260909529,0.08021362486178882,0.3585540859953553,0.745937267128254,0.21389546658351144
0.5,ALL,dataset_7_keyframe_2,t-8,573411,0.1557908235986908,0.34549267643571513,-0.1144532791797989,0.07925572881093243,0.4165368519315479,0.7449083367513304,0.27320164518840623
0.5,ALL,dataset_7_keyframe_3,raw,5860245,1.1983023347360051,3.920934888073344,-0.9008537973948295,1.0968753636126773,0.05618822541149826,0.6422084074689667,0.37294584602435954
0.5,ALL,dataset_7_keyframe_3,t-1,5816367,1.1981424334688862,3.9691753288256564,-0.9042819779048449,1.0983949044137002,0.06638098127599934,0.6189718452874511,0.379784914785881
0.5,ALL,dataset_7_keyframe_3,t-2,5801280,1.2103444243931942,4.0606270640618,-0.935427513040495,1.112648376131539,0.061725375745546485,0.633851797239691,0.38843648745480974
0.5,ALL,dataset_7_keyframe_3,t-4,5765391,1.2370774748570825,4.2494081091619265,-1.0012807951217826,1.1438946574292403,0.056525602342947345,0.6684994096573892,0.44951142375495384
0.5,ALL,dataset_7_keyframe_3,t-8,5699109,1.297044470364249,4.604239858392497,-1.1476899981139048,1.2133860356710475,0.05933398772709353,0.7495351928558183,0.6117499305228139
0.5,ALL,dataset_7_keyframe_4,raw,4808787,0.17629062036996673,0.33498511271374865,-0.07165217676564667,0.10039740506870548,0.14539621398628777,0.44142613170123113,0.27108574233472904
0.5,ALL,dataset_7_keyframe_4,t-1,4767027,0.16601248422316597,0.3112061946600197,-0.03320372156821988,0.08900037326682791,0.23624434261126281,0.5177799275046783,0.28484822290814404
0.5,ALL,dataset_7_keyframe_4,t-2,4753959,0.16376412522946007,0.30197175935208254,-0.02499520538136527,0.0860365088644078,0.27900847966309306,0.5548589571074792,0.2906914168153216
0.5,ALL,dataset_7_keyframe_4,t-4,4720191,0.1685339112287114,0.2986156450555198,-0.027110047900756086,0.0883820115206772,0.3072319000549826,0.5782425270728041,0.3263203708764877
0.5,ALL,dataset_7_keyframe_4,t-8,4655763,0.19758645002969638,0.32806671883442895,-0.07604880231493893,0.11190650111246367,0.2707117607078964,0.571411818881878,0.43551780896124
0.5,RAFT-Stereo,ALL,raw,4955234,0.5404285327300604,2.379761604688154,-0.36179622085317853,0.4582150452202773,0.11031133892336564,0.608478143431771,0.2041477485623886
0.5,RAFT-Stereo,ALL,t-1,4918094,0.5323074782132617,2.3878749966274566,-0.34496514121417227,0.4507737025263623,0.12605680116372042,0.6084632113068842,0.26313313208820927
0.5,RAFT-Stereo,ALL,t-2,4905523,0.533584139834491,2.433954931650282,-0.3543941213957695,0.45330850894452535,0.12034802684233015,0.6125070972519038,0.2925127413824625
0.5,RAFT-Stereo,ALL,t-4,4874883,0.5399836553287367,2.535315400465385,-0.3788448130593034,0.46154084644497484,0.11258983019781299,0.6354090008505308,0.3758168687573209
0.5,RAFT-Stereo,ALL,t-8,4817857,0.570725466303979,2.7257430848385176,-0.4451807322915963,0.4921332410119918,0.11446451517238443,0.6943678118834103,0.5034753420355074
0.5,RAFT-Stereo,dataset_7_keyframe_1,raw,1205189,0.11288963621334107,0.3107481711250339,-0.041264796772970895,0.05392219419753613,0.11310039787966275,0.403706653190066,0.2321488050392031
0.5,RAFT-Stereo,dataset_7_keyframe_1,t-1,1197137,0.1093836667141193,0.29880782797524513,-0.034143156735081476,0.05062229674873521,0.1396339854941221,0.4199878477651786,0.27982824022147157
0.5,RAFT-Stereo,dataset_7_keyframe_1,t-2,1194234,0.10800555482570313,0.2942140791330494,-0.03336461455364928,0.04964740501408421,0.1493747909607368,0.4287924387285804,0.28480699891086286
0.5,RAFT-Stereo,dataset_7_keyframe_1,t-4,1187457,0.10807812553126923,0.2909881768831554,-0.02943767149300056,0.048840164035857586,0.15519347694401886,0.41990153593657026,0.2834672465291287
0.5,RAFT-Stereo,dataset_7_keyframe_1,t-8,1175096,0.1145987932016565,0.28444121684551515,-0.02339180638712593,0.05124135042618659,0.17504860801669653,0.4508538332835182,0.2116879876653606
0.5,RAFT-Stereo,dataset_7_keyframe_2,raw,193701,0.17973006740861333,0.6078400956412795,0.023332745663021216,0.09626862317177982,0.3119170695264528,0.8109814254466516,0.36481912178339354
0.5,RAFT-Stereo,dataset_7_keyframe_2,t-1,193159,0.1675993541201409,0.5618011594343099,0.02528167037515713,0.08750353468440542,0.3385891946817271,0.8035120297962306,0.40675602098461444
0.5,RAFT-Stereo,dataset_7_keyframe_2,t-2,192876,0.15496665926711548,0.525657475463987,0.01302181203173628,0.0798456126206114,0.3474525552210912,0.7709806651395309,0.31695029617455645
0.5,RAFT-Stereo,dataset_7_keyframe_2,t-4,192232,0.13450789079628211,0.44938032166218056,-0.014458954273951158,0.06812612415578219,0.39637329743495175,0.7461855081888663,0.19911786665130973
0.5,RAFT-Stereo,dataset_7_keyframe_2,t-8,191137,0.12815088411894354,0.3218427314979689,-0.07637623704313572,0.0592123718223833,0.500550599814514,0.7686284240569953,0.2723519206604487
0.5,RAFT-Stereo,dataset_7_keyframe_3,raw,1953415,1.1495390464423842,3.7667828937632986,-0.8455966098153747,1.0477568540623088,0.070682694030052,0.6126429798515636,0.36837164619942214
0.5,RAFT-Stereo,dataset_7_keyframe_3,t-1,1938789,1.1389467606696113,3.7821381239524987,-0.8369340572621944,1.038953804169123,0.08762726823084055,0.600631639060077,0.3832854505207404
0.5,RAFT-Stereo,dataset_7_keyframe_3,t-2,1933760,1.146872941591123,3.8568762172893765,-0.8638752767034819,1.0491606105543734,0.08229635384774281,0.6085349392414486,0.3947822621900136
0.5,RAFT-Stereo,dataset_7_keyframe_3,t-4,1921797,1.16408320714122,4.020253356682484,-0.9231361655141321,1.0715516742760811,0.07507737794121616,0.6433140429348941,0.45333279215608346
0.5,RAFT-Stereo,dataset_7_keyframe_3,t-8,1899703,1.2114608558630613,4.324209797286525,-1.0541144344750863,1.1280421243807586,0.07739278993092735,0.7225576787642009,0.6076075211571703
0.5,RAFT-Stereo,dataset_7_keyframe_4,raw,1602929,0.1631736539687172,0.31448542160925747,-0.059747830434368605,0.08748051375276086,0.148755768402699,0.34619528592320065,0.21698812094918665
0.5,RAFT-Stereo,dataset_7_keyframe_4,t-1,1589009,0.15509050315150236,0.2982192218686398,-0.023877645257447015,0.07874802156717892,0.18526140188916618,0.4105600254881086,0.2534700510731086
0.5,RAFT-Stereo,dataset_7_keyframe_4,t-2,1584653,0.15199478733043706,0.2958315087208969,-0.019327572922390308,0.07585229889322576,0.18124883957576388,0.3922035013532518,0.2699140262610488
0.5,RAFT-Stereo,dataset_7_keyframe_4,t-4,1573397,0.15319126630660146,0.2924860016367487,-0.02225019023702179,0.07598922421183374,0.2124767338450021,0.4167019245573887,0.3265527840052351
0.5,RAFT-Stereo,dataset_7_keyframe_4,t-8,1551921,0.18628454773878833,0.31917014216254147,-0.06458241810154534,0.10087587660479284,0.2402957718509423,0.4822709309105287,0.43215048311133836
0.5,S2M2-S,ALL,raw,4955234,0.6180684636932491,2.7413656106100586,-0.4421761979422294,0.535034700188174,0.07661743410068211,0.6078624123421623,0.19517343258746359
0.5,S2M2-S,ALL,t-1,4918094,0.61702968284859,2.7929050596268663,-0.43413035551216894,0.5340892842516649,0.07818944808876993,0.5820946394033553,0.23448512005332214
0.5,S2M2-S,ALL,t-2,4905523,0.6233701513170119,2.8614837636224353,-0.44378639699755734,0.5404630964127305,0.07425154016044622,0.5590984020665316,0.25419183672408385
0.5,S2M2-S,ALL,t-4,4874883,0.6396308150387027,2.998310298545187,-0.47404063632735066,0.5567752935644225,0.07160495278289947,0.5844018114413255,0.32724714335525124
0.5,S2M2-S,ALL,t-8,4817857,0.6753590603801015,3.2533722263999514,-0.560700807002813,0.5953232413722493,0.07533232889147268,0.6745512372738892,0.4987246603855032
0.5,S2M2-S,dataset_7_keyframe_1,raw,1205189,0.11797497191538786,0.3123422213599059,-0.06563601302643844,0.057540920965556935,0.07272461382390916,0.38339914967814925,0.20066973675412378
0.5,S2M2-S,dataset_7_keyframe_1,t-1,1197137,0.11487841261458588,0.30045314464671224,-0.061025431612274486,0.054475679323552254,0.10367826141275094,0.45018275287124765,0.23806137896357585
0.5,S2M2-S,dataset_7_keyframe_1,t-2,1194234,0.11531432417858958,0.29782666957746184,-0.06086523672372868,0.054561238405813374,0.10934540689132177,0.46155192211087476,0.22698359906300186
0.5,S2M2-S,dataset_7_keyframe_1,t-4,1187457,0.11721092868553609,0.29669989440919187,-0.05771861121976396,0.05526058911123334,0.1131387777298104,0.44857464368559263,0.22195376913641415
0.5,S2M2-S,dataset_7_keyframe_1,t-8,1175096,0.12481868419553593,0.2927619413703377,-0.052154353516659244,0.059214890034449845,0.13159503577419895,0.42882765246585297,0.1604798460271545
0.5,S2M2-S,dataset_7_keyframe_2,raw,193701,0.17566651909631528,0.5584955229246515,-0.007286362678510935,0.09367915504679432,0.28630148557875135,0.7896208714813119,0.24593641056267485
0.5,S2M2-S,dataset_7_keyframe_2,t-1,193159,0.16187113611968057,0.5238442757824133,-0.01498073037040275,0.08505104929861013,0.3142751233995532,0.7981994111720347,0.32276690820064474
0.5,S2M2-S,dataset_7_keyframe_2,t-2,192876,0.15553188056755587,0.5016407278843457,-0.03548848147620363,0.08220469156956667,0.314267199104897,0.7847409559879451,0.2901445302016751
0.5,S2M2-S,dataset_7_keyframe_2,t-4,192232,0.15202620556087593,0.4507220475000132,-0.0729172454405153,0.08131959612738535,0.3348888692473432,0.7632135424824509,0.2370929572465856
0.5,S2M2-S,dataset_7_keyframe_2,t-8,191137,0.17212709877514784,0.3623541732272472,-0.14278234336465465,0.0895013754244585,0.35544928763267825,0.7453593974550174,0.28942063889934017
0.5,S2M2-S,dataset_7_keyframe_3,raw,1953415,1.3032126629838001,4.339302107480883,-0.9984953249141567,1.2012049655867096,0.03892716315977962,0.6911933838851887,0.3663831272869611
0.5,S2M2-S,dataset_7_keyframe_3,t-1,1938789,1.3167881889440716,4.425408010781585,-1.0171839550298054,1.216028266891891,0.04007413774288504,0.6972612480197034,0.36533602597192494
0.5,S2M2-S,dataset_7_keyframe_3,t-2,1933760,1.334570187258243,4.536849921145343,-1.0519154555115422,1.2354596703766239,0.03602342260188529,0.7093628346231013,0.37277563084233617
0.5,S2M2-S,dataset_7_keyframe_3,t-4,1921797,1.3665628544757686,4.756454149953107,-1.1251957622641888,1.271809588402157,0.03384123965261665,0.7378431109868573,0.4409863119087903
0.5,S2M2-S,dataset_7_keyframe_3,t-8,1899703,1.4318940424914448,5.162545395803109,-1.2893340892772942,1.348698615086559,0.0384798089374071,0.8010175849112984,0.6219956085092234
0.5,S2M2-S,dataset_7_keyframe_4,raw,1602929,0.21257946092112862,0.4172763848474993,-0.09987691798973454,0.13554992684729408,0.17750204152865467,0.4958773086545889,0.3585881678345464
0.5,S2M2-S,dataset_7_keyframe_4,t-1,1589009,0.19687960229359147,0.3820420826803226,-0.054775881478546534,0.11795770184656955,0.29771841098504015,0.5666828158682126,0.3526807659180969
0.5,S2M2-S,dataset_7_keyframe_4,t-2,1584653,0.195315640628668,0.3638603556015122,-0.0399583598692704,0.1143199551187971,0.36812748290082864,0.6171082730280824,0.3458364613657175
0.5,S2M2-S,dataset_7_keyframe_4,t-4,1573397,0.20558177826310087,0.35874656078167544,-0.04190894107503989,0.11999689835921595,0.39526459556824745,0.6439068419320328,0.3551507736785155
0.5,S2M2-S,dataset_7_keyframe_4,t-8,1551921,0.22812770402652383,0.39145690486536344,-0.10531922021681868,0.14135077476094043,0.3031731784693603,0.6169654058488567,0.45944610160282107
0.5,StereoAnywhere,ALL,raw,4955234,0.5369087903632936,2.285490453424478,-0.37097458932796273,0.4550403856707362,0.1059221474083053,0.6495868968320768,0.20106393295443292
0.5,StereoAnywhere,ALL,t-1,4918094,0.5319624594799875,2.307480934533204,-0.35849182415681546,0.4507583666283716,0.12080779456118174,0.6418044264001679,0.25174614362012376
0.5,StereoAnywhere,ALL,t-2,4905523,0.5350028394233457,2.3604464419546756,-0.3696689351820834,0.45478319175414156,0.11601738734190636,0.6619148431812948,0.2775986797461723
0.5,StereoAnywhere,ALL,t-4,4874883,0.5478674193487834,2.4724408587718663,-0.3960497279611298,0.4686776928560927,0.10835577092312065,0.6784088039106853,0.3498937783548688
0.5,StereoAnywhere,ALL,t-8,4817857,0.5865013887324175,2.6912063932592183,-0.4667230543115503,0.5068232128334307,0.1087650338487941,0.7357974559542664,0.47466889403058365
0.5,StereoAnywhere,dataset_7_keyframe_1,raw,1205189,0.12063973464107601,0.3184540730903063,-0.05642805660690039,0.06034481204734148,0.09344798489475514,0.41653684650702827,0.21553322934698957
0.5,StereoAnywhere,dataset_7_keyframe_1,t-1,1197137,0.11737725070754094,0.30693253867242576,-0.05041447176371223,0.05712972686732067,0.11892744132373478,0.42414223744956076,0.25047242703031125
0.5,StereoAnywhere,dataset_7_keyframe_1,t-2,1194234,0.11652133521100136,0.3028774544822294,-0.04962008375588534,0.0564332451653625,0.12768787464147613,0.47176443111792454,0.2470595823136986
0.5,StereoAnywhere,dataset_7_keyframe_1,t-4,1187457,0.11751848751977177,0.3010973303137164,-0.045622634826979196,0.05631107355453598,0.12470003887135317,0.40436958943258833,0.23811412215114278
0.5,StereoAnywhere,dataset_7_keyframe_1,t-8,1175096,0.124715506538269,0.2950282295605932,-0.038737253122875674,0.05917761161200805,0.1382498807037661,0.420232795141133,0.18168358567411075
0.5,StereoAnywhere,dataset_7_keyframe_2,raw,193701,0.19913810226942635,0.5734835858643511,-0.02384804964023087,0.11365090999281384,0.28531945126501146,0.781845008327614,0.24833289295802782
0.5,StereoAnywhere,dataset_7_keyframe_2,t-1,193159,0.1860550073436728,0.5343898446773655,-0.023552289751823306,0.10378209096642665,0.3165354102820812,0.7784424099612599,0.3335339577262075
0.5,StereoAnywhere,dataset_7_keyframe_2,t-2,192876,0.17691227170548174,0.5105774265885225,-0.037772897088194424,0.09861488928958696,0.31403691589071636,0.7652476633263413,0.28355296369820604
0.5,StereoAnywhere,dataset_7_keyframe_2,t-4,192232,0.1632104424080778,0.45347257426935,-0.06870457855839225,0.09119515430219892,0.3373254958915779,0.7405426054827788,0.2261883312333621
0.5,StereoAnywhere,dataset_7_keyframe_2,t-8,191137,0.167094487901981,0.3510160647874476,-0.12420125713160635,0.08905343918595549,0.38585594582897675,0.731542818626285,0.2784430566028958
0.5,StereoAnywhere,dataset_7_keyframe_3,raw,1953415,1.1421552927821277,3.6198059400050675,-0.8584694569550313,1.0416642716889397,0.06381421810928145,0.6626587046817632,0.38486960225284533
0.5,StereoAnywhere,dataset_7_keyframe_3,t-1,1938789,1.1386923502892785,3.6570826519007897,-0.8587279214225348,1.0402026446985722,0.07963180434279771,0.6361618319337518,0.39191923919382576
0.5,StereoAnywhere,dataset_7_keyframe_3,t-2,1933760,1.1495901443302168,3.7426695149571434,-0.8904918074114678,1.0533248484736342,0.07513739701244748,0.6609941158689739,0.39879638625091673
0.5,StereoAnywhere,dataset_7_keyframe_3,t-4,1921797,1.1805863627001838,3.9225138255023686,-0.9555104575870266,1.0883227075768798,0.06813042646606793,0.6905864898690429,0.4546456794349823
0.5,StereoAnywhere,dataset_7_keyframe_3,t-8,1899703,1.2477785117101199,4.271581520485572,-1.0996214708463639,1.1634173678028552,0.06900062311620647,0.7720038742187676,0.6048697990733883
0.5,StereoAnywhere,dataset_7_keyframe_4,raw,1602929,0.15311874759083605,0.25223880385212505,-0.05533178309130943,0.0781617767003112,-0.02143675414901547,0.2259380832227949,0.20874300104294596
0.5,StereoAnywhere,dataset_7_keyframe_4,t-1,1589009,0.14606734645618746,0.23591742251272954,-0.020957637853433606,0.07029539688607608,0.06812421225809717,0.27009520691936295,0.2367743255012968
0.5,StereoAnywhere,dataset_7_keyframe_4,t-2,1584653,0.143981947344111,0.23162510430523556,-0.01569968315985301,0.06793727250416771,0.09696579300267616,0.2726346311370788,0.25111387535242613
0.5,StereoAnywhere,dataset_7_keyframe_4,t-4,1573397,0.14682868872851226,0.23079591522949436,-0.017171012467790507,0.06915991168064624,0.1308925128350249,0.3094631084608408,0.3020923918444998
0.5,StereoAnywhere,dataset_7_keyframe_4,t-8,1551921,0.17834709832377704,0.2603367599772828,-0.05824476913772688,0.0934928504378354,0.19718468846337667,0.4316791275907396,0.4124080563707136
0.9,ALL,ALL,raw,339477,0.9605764693390365,2.385793094796905,-0.7480736859174275,0.8601415452615307,0.019767669639797703,,
0.9,ALL,ALL,t-1,338751,0.9474157967412228,2.398477815017759,-0.7330246844936622,0.8491058823335136,0.033700676641217564,,
0.9,ALL,ALL,t-2,338448,0.9546940445801825,2.4483206559801163,-0.7590055334385634,0.8589037596774843,0.026925793548862043,,
0.9,ALL,ALL,t-4,337782,0.9715978505909189,2.5534938466715458,-0.808333698806508,0.8799116450004788,0.02217018507592816,,
0.9,ALL,ALL,t-8,336216,1.0151886692090741,2.759072186063472,-0.9082223947684055,0.9289162040218475,0.025787173206050285,,
0.9,ALL,dataset_7_keyframe_1,raw,54,1.6695272572062634,1.8158326898813584,-1.664046137697167,1.5501942989390551,-5.16126883527783,,
0.9,ALL,dataset_7_keyframe_1,t-1,54,1.6507990145021014,1.7948916098156547,-1.647244368714315,1.5327250332468085,-5.169541699116083,,
0.9,ALL,dataset_7_keyframe_1,t-2,54,1.6170764133610107,1.7600089806452222,-1.6154876096105133,1.499314318212715,-5.084663418981995,,
0.9,ALL,dataset_7_keyframe_1,t-4,54,1.5819338934013136,1.7138873673943893,-1.5804185402338151,1.4614729649145846,-5.259927953841471,,
0.9,ALL,dataset_7_keyframe_1,t-8,54,1.511184653474225,1.639893368289038,-1.511184653474225,1.3914492464348398,-5.108691906239513,,
0.9,ALL,dataset_7_keyframe_2,raw,3,0.3884485512971878,0.4047329435277175,-0.3884485512971878,0.2636075367530187,-10.401742948699768,,
0.9,ALL,dataset_7_keyframe_2,t-1,3,0.24959295491377512,0.26184239242544144,-0.24959295491377512,0.13300127039353052,-7.720717571031431,,
0.9,ALL,dataset_7_keyframe_2,t-2,3,0.21802701552708945,0.240802287458192,-0.08381714423497517,0.10920533289511998,-0.25981691051457934,,
0.9,ALL,dataset_7_keyframe_2,t-4,3,0.14328551292419434,0.15963573548475438,0.01399920384089152,0.05096713608751694,-0.04189244370784184,,
0.9,ALL,dataset_7_keyframe_2,t-8,3,0.1534733772277832,0.16116890454910326,0.06526343027750652,0.05195083158711592,-0.5048347022018262,,
0.9,ALL,dataset_7_keyframe_3,raw,325338,0.9885194351240036,2.4345348663839532,-0.7685471020630195,0.887886843193327,0.01664818801523249,,
0.9,ALL,dataset_7_keyframe_3,t-1,324870,0.9760168603257202,2.4471498484559717,-0.7542379795688523,0.8774702028227626,0.030369534680987242,,
0.9,ALL,dataset_7_keyframe_3,t-2,324714,0.9840735832157014,2.4978844308029107,-0.7818542585695873,0.8880963421062054,0.023264436505804453,,
0.9,ALL,dataset_7_keyframe_3,t-4,324291,1.0018295356660936,2.6046535794472447,-0.833988452078937,0.9100179799908603,0.018210998650041166,,
0.9,ALL,dataset_7_keyframe_3,t-8,323346,1.0466139117718158,2.8122934260734858,-0.938317687319011,0.9603498176662941,0.021445787953844442,,
0.9,ALL,dataset_7_keyframe_4,raw,14082,0.3124103332624874,0.5237014081891951,-0.2716382459333007,0.21661981879530467,-0.14032330566534656,,
0.9,ALL,dataset_7_keyframe_4,t-1,13824,0.27268223289434834,0.47044659333308075,-0.23103679897677568,0.18001705476220836,0.06819278849692223,,
0.9,ALL,dataset_7_keyframe_4,t-2,13677,0.2547228374118265,0.43208268149839174,-0.21330651726091326,0.16346080210191985,0.2196188682466712,,
0.9,ALL,dataset_7_keyframe_4,t-4,13434,0.23954957139506233,0.40743743901259694,-0.1861190817971767,0.15100506864054422,0.32054228087865133,,
0.9,ALL,dataset_7_keyframe_4,t-8,12813,0.22025969209454616,0.3901519729162561,-0.14643108293624613,0.133920579145052,0.39270219874673873,,
0.9,RAFT-Stereo,ALL,raw,113159,0.9525096596759807,2.3578104587030717,-0.7298780678508391,0.8523997101048806,0.036469862373633144,,
0.9,RAFT-Stereo,ALL,t-1,112917,0.9325006743619612,2.3416229269853477,-0.6935035601048188,0.8341188803223116,0.05985725184809065,,
0.9,RAFT-Stereo,ALL,t-2,112816,0.9384856895730401,2.3835190979988923,-0.7188810246960655,0.8425213973578336,0.0509850360251084,,
0.9,RAFT-Stereo,ALL,t-4,112594,0.950635059411913,2.479816808742251,-0.7688487433605794,0.858549087975883,0.043094074719323805,,
0.9,RAFT-Stereo,ALL,t-8,112072,0.9816796071713065,2.6492342745405115,-0.8619223937197581,0.8947546763985168,0.0428614158479419,,
0.9,RAFT-Stereo,dataset_7_keyframe_1,raw,18,1.698461064034038,1.8429287904108016,-1.6862090511454477,1.5771122028430302,-5.075341704546605,,
0.9,RAFT-Stereo,dataset_7_keyframe_1,t-1,18,1.6707404516637325,1.8184460956059452,-1.6683663324349456,1.5543002775973744,-5.172231161575523,,
0.9,RAFT-Stereo,dataset_7_keyframe_1,t-2,18,1.6326663398908243,1.7801662046535296,-1.6282673051787748,1.5158179299388495,-4.8957629557129785,,
0.9,RAFT-Stereo,dataset_7_keyframe_1,t-4,18,1.6008536426557436,1.7352122826545984,-1.5963075831532478,1.4807502577702205,-5.11911098671386,,
0.9,RAFT-Stereo,dataset_7_keyframe_1,t-8,18,1.5236211915810902,1.6563951716214342,-1.5236211915810902,1.4053715107341607,-5.016643352232594,,
0.9,RAFT-Stereo,dataset_7_keyframe_2,raw,1,0.23455731570720673,0.23455731930031454,-0.23455731570720673,0.1100342720746994,-55017136036.3497,,
0.9,RAFT-Stereo,dataset_7_keyframe_2,t-1,1,0.13769473135471344,0.13769473082507486,-0.13769473135471344,0.037919677793979645,-16495795.89653808,,
0.9,RAFT-Stereo,dataset_7_keyframe_2,t-2,1,0.2013148069381714,0.20131481055574318,0.2013148069381714,0.08105530589818954,-40527652948.09477,,
0.9,RAFT-Stereo,dataset_7_keyframe_2,t-4,1,0.23592707514762878,0.2359270759831341,0.23592707514762878,0.11132317036390305,-55661585180.95152,,
0.9,RAFT-Stereo,dataset_7_keyframe_2,t-8,1,0.10663965344429016,0.10663965402936627,0.10663965344429016,0.022744031623005867,-25847365.648062017,,
0.9,RAFT-Stereo,dataset_7_keyframe_3,raw,108446,0.9825638442390107,2.4073737222623968,-0.7512867684502649,0.8823107091934184,0.03276094054803058,,
0.9,RAFT-Stereo,dataset_7_keyframe_3,t-1,108290,0.9624606825151936,2.390203980053687,-0.7144534237222533,0.8638885392366833,0.056215078087109904,,
0.9,RAFT-Stereo,dataset_7_keyframe_3,t-2,108238,0.9690008109705651,2.4325879689261165,-0.7413042947069263,0.8728526015378509,0.04717418954043551,,
0.9,RAFT-Stereo,dataset_7_keyframe_3,t-4,108097,0.9819094438229162,2.5301854983837644,-0.7940924828761201,0.8896390129247523,0.03905955437753672,,
0.9,RAFT-Stereo,dataset_7_keyframe_3,t-8,107782,1.0135673487131793,2.7009039998440234,-0.8918010395046722,0.9265411049075043,0.03837175023193462,,
0.9,RAFT-Stereo,dataset_7_keyframe_4,raw,4694,0.2554569813511348,0.3350947819029049,-0.23170879172120745,0.15874170699733392,-0.8858195828449564,,
0.9,RAFT-Stereo,dataset_7_keyframe_4,t-1,4608,0.225716214083756,0.3011197242690505,-0.1974852328033497,0.13187855267784065,-0.599404302636598,,
0.9,RAFT-Stereo,dataset_7_keyframe_4,t-2,4559,0.21142848609675177,0.2857965822945827,-0.1831278646494323,0.11991846918680606,-0.5158138759429054,,
0.9,RAFT-Stereo,dataset_7_keyframe_4,t-4,4478,0.193230781120187,0.26816709151007023,-0.1563739792450883,0.10571746396145427,-0.3805011334236168,,
0.9,RAFT-Stereo,dataset_7_keyframe_4,t-8,4271,0.1748885822516642,0.24883022756438786,-0.10534964347298768,0.09065167243481763,-0.1492147690501131,,
0.9,S2M2-S,ALL,raw,113159,1.0190470772189595,2.5419827083724327,-0.8169301294534286,0.918845286701661,0.0006058720792438965,,
0.9,S2M2-S,ALL,t-1,112917,1.014394774208872,2.5837989077453285,-0.8220277119209879,0.9165525467169809,0.006124410320993201,,
0.9,S2M2-S,ALL,t-2,112816,1.0251074866907506,2.646542606342107,-0.8525850478096911,0.929747309132358,0.0003768215954895737,,
0.9,S2M2-S,ALL,t-4,112594,1.049874292510266,2.779866105807521,-0.9086660706513279,0.9588779080735331,-0.002673483015502187,,
0.9,S2M2-S,ALL,t-8,112072,1.1123109433004346,3.0325449851373025,-1.0263713024107497,1.0260377600215678,0.0017685412136817513,,
0.9,S2M2-S,dataset_7_keyframe_1,raw,18,1.6715468499395583,1.8107630544490685,-1.6715468499395583,1.5499143799146016,-5.644312567401664,,
0.9,S2M2-S,dataset_7_keyframe_1,t-1,18,1.6487973464859857,1.7836600979470907,-1.6487973464859857,1.5257982375721137,-5.636391516596863,,
0.9,S2M2-S,dataset_7_keyframe_1,t-2,18,1.6180598255660799,1.7495778231870158,-1.6180598255660799,1.4950641840696335,-5.565223006726367,,
0.9,S2M2-S,dataset_7_keyframe_1,t-4,18,1.586517517765363,1.7090859090525181,-1.586517517765363,1.4631306048896577,-5.751279224861166,,
0.9,S2M2-S,dataset_7_keyframe_1,t-8,18,1.5261218117343054,1.6494434287071509,-1.5261218117343054,1.40299673544036,-5.414046204842343,,
0.9,S2M2-S,dataset_7_keyframe_2,raw,1,0.5055543184280396,0.5055543134339878,-0.5055543184280396,0.38055431842803955,-255585163830.71082,,
0.9,S2M2-S,dataset_7_keyframe_2,t-1,1,0.3030354976654053,0.30303550018338626,-0.3030354976654053,0.17803549766540527,-486010676.91095066,,
0.9,S2M2-S,dataset_7_keyframe_2,t-2,1,0.3507433533668518,0.3507433567097731,-0.3507433533668518,0.2257433533668518,-14582029.240620958,,
0.9,S2M2-S,dataset_7_keyframe_2,t-4,1,0.06546235084533691,0.06546234980984435,-0.06546235084533691,0.008570638485252857,-2235178.476280835,,
0.9,S2M2-S,dataset_7_keyframe_2,t-8,1,0.13231492042541504,0.1323149209785341,-0.13231492042541504,0.035014476627111435,-17507238312.555717,,
0.9,S2M2-S,dataset_7_keyframe_3,raw,108446,1.0448805129402952,2.591566515315967,-0.8372748245332967,0.9444019228350247,-0.0017409339155065595,,
0.9,S2M2-S,dataset_7_keyframe_3,t-1,108290,1.0422294117184885,2.634472473626105,-0.8446158773098332,0.9440558107773984,0.0031153905608655164,,
0.9,S2M2-S,dataset_7_keyframe_3,t-2,108238,1.0543476725658152,2.698801961698469,-0.8773940308099883,0.9587278346881103,-0.0032675815428784283,,
0.9,S2M2-S,dataset_7_keyframe_3,t-4,108097,1.0800578250244681,2.8344818970102077,-0.9365791244504719,0.988954907602947,-0.006716479333398695,,
0.9,S2M2-S,dataset_7_keyframe_3,t-8,107782,1.1444963457783863,3.090144253399557,-1.0584956570464075,1.0582872268889965,-0.002565002794654214,,
0.9,S2M2-S,dataset_7_keyframe_4,raw,4694,0.4198216248571898,0.7710489501174218,-0.3436935449223037,0.3261022285788832,-0.0244966108180118,,
0.9,S2M2-S,dataset_7_keyframe_4,t-1,4608,0.3579449515220606,0.6905894048186807,-0.2880790810255955,0.2679943065935125,0.17219767026365917,,
0.9,S2M2-S,dataset_7_keyframe_4,t-2,4559,0.32870520182308544,0.6238454602197239,-0.2606676522643191,0.23962539097122207,0.334423293984043,,
0.9,S2M2-S,dataset_7_keyframe_4,t-4,4478,0.3193194733274574,0.5888421448689685,-0.23232049252396986,0.2310173320565281,0.42476567147661815,,
0.9,S2M2-S,dataset_7_keyframe_4,t-8,4271,0.2985727907629656,0.5710164577635863,-0.21379142787871833,0.21084078596880887,0.46996928683034656,,
0.9,StereoAnywhere,ALL,raw,113159,0.9101726713884332,2.2483504671824353,-0.6974128607395618,0.8091796392828319,0.024078540296654904,,
0.9,StereoAnywhere,ALL,t-1,112917,0.895351941327672,2.258068369297514,-0.6835427833259244,0.7966462196563086,0.03874928351255713,,
0.9,StereoAnywhere,ALL,t-2,112816,0.9004889570865815,2.3016235670387273,-0.7055505274197581,0.8044425721440288,0.03330627776491002,,
0.9,StereoAnywhere,ALL,t-4,112594,0.9142841999482476,2.3840816895458867,-0.7474862824968165,0.822307939047217,0.030240500332072262,,
0.9,StereoAnywhere,ALL,t-8,112072,0.9515754583719377,2.5734542259372897,-0.8363734872063566,0.8659561772891564,0.037445638368925116,,
0.9,StereoAnywhere,dataset_7_keyframe_1,raw,18,1.6385738576451938,1.7934591456296312,-1.6343825120064948,1.5235563140595332,-4.830879481408661,,
0.9,StereoAnywhere,dataset_7_keyframe_1,t-1,18,1.6328592453565862,1.7823350205073023,-1.6245694272220135,1.5180765845709376,-4.768323650507069,,
0.9,StereoAnywhere,dataset_7_keyframe_1,t-2,18,1.600503074626128,1.7501087281300935,-1.6001356980866857,1.4870608406296622,-4.854653701617277,,
0.9,StereoAnywhere,dataset_7_keyframe_1,t-4,18,1.5584305197828345,1.6971427205585736,-1.5584305197828345,1.4405380320838757,-4.971883539225062,,
0.9,StereoAnywhere,dataset_7_keyframe_1,t-8,18,1.483810957107279,1.6135185741103504,-1.483810957107279,1.3659794931299984,-4.9221784807749405,,
0.9,StereoAnywhere,dataset_7_keyframe_2,raw,1,0.42523401975631714,0.42523401423307045,-0.42523401975631714,0.30023401975631714,-16374743.509152304,,
0.9,StereoAnywhere,dataset_7_keyframe_2,t-1,1,0.30804863572120667,0.3080486360055043,-0.30804863572120667,0.18304863572120667,-27171096.6,,
0.9,StereoAnywhere,dataset_7_keyframe_2,t-2,1,0.10202288627624512,0.10202288816809345,-0.10202288627624512,0.020817339420318604,-3377936.8323494685,,
0.9,StereoAnywhere,dataset_7_keyframe_2,t-4,1,0.1284671127796173,0.12846711527351062,-0.1284671127796173,0.03300759941339493,-16503799705.697464,,
0.9,StereoAnywhere,dataset_7_keyframe_2,t-8,1,0.2214655578136444,0.22146555771861057,0.2214655578136444,0.09809398651123047,-1232634042.2457142,,
0.9,StereoAnywhere,dataset_7_keyframe_3,raw,108446,0.9381139481927051,2.2954770321157527,-0.7170797132054968,0.8369478975515378,0.020703352639645733,,
0.9,StereoAnywhere,dataset_7_keyframe_3,t-1,108290,0.9233604867434786,2.304800829103487,-0.7036446376744703,0.8244662584542062,0.03539441081857253,,
0.9,StereoAnywhere,dataset_7_keyframe_3,t-2,108238,0.9288722661107238,2.3488856153314814,-0.7268644501918475,0.8327085900926549,0.0298383164133742,,
0.9,StereoAnywhere,dataset_7_keyframe_3,t-4,108097,0.9435213381508962,2.432392757362994,-0.7712937489102191,0.8514600194448816,0.026537408060235523,,
0.9,StereoAnywhere,dataset_7_keyframe_3,t-8,107782,0.9817780408238819,2.6235679941287375,-0.8646563654059534,0.8962211212023817,0.03332654711533978,,
0.9,StereoAnywhere,dataset_7_keyframe_4,raw,4694,0.26195239294423517,0.3405649695571265,-0.23951240113099484,0.16501552110333925,-0.995612788830252,,
0.9,StereoAnywhere,dataset_7_keyframe_4,t-1,4608,0.2343855326374372,0.3104402955604032,-0.20754608348943293,0.14017830507105422,-0.6884060963832848,,
0.9,StereoAnywhere,dataset_7_keyframe_4,t-2,4559,0.22403482455751253,0.29870300651769016,-0.19612403511085855,0.1308385461902221,-0.6068042089091199,,
0.9,StereoAnywhere,dataset_7_keyframe_4,t-4,4478,0.20609845967098983,0.28172174112122617,-0.16966277334295038,0.11628040977491232,-0.47559846617164725,,
0.9,StereoAnywhere,dataset_7_keyframe_4,t-8,4271,0.18731770353416624,0.2620675649482269,-0.12015217755472204,0.10026927905698427,-0.2155567300504535,,
