backbone,sequence,coverage_threshold,method,frames,valid_count,clean_count,changed_count,epe,raw_epe,bad1,bad3,bad5,boundary_epe,non_boundary_epe,p95_pixel_error,intervention_coverage,intervention_precision,false_update_rate,clean_pixel_degradation,new_bad3
S2M2-S,dataset_7_keyframe_3,0.05,raw,583,3399454,2608511,0,1.655693635276256,1.655693635276256,0.16755779054667452,0.1270824667773996,0.08919226449041626,4.728278024376855,1.0714826503796728,9.318757592926367,0.0,0.0,0.0,0.0,0.0
S2M2-S,dataset_7_keyframe_3,0.05,aligned_memory,583,3399454,2608511,1884243,1.6658385060656038,1.655693635276256,0.16871885904402126,0.12681330621656017,0.08909901449360531,4.763986837947263,1.0768578572275378,9.434327921241852,0.5542781281935275,0.5029850183866943,0.4836349166248484,0.20482873179373212,0.0037398717233837896
S2M2-S,dataset_7_keyframe_3,0.05,fixed_blend_50,583,3399454,2608511,1884243,1.655513174406042,1.655693635276256,0.16741247282417548,0.1269642125489837,0.08910225006367443,4.7372980888441365,1.069529028668572,9.356121169767308,0.5542781281935275,0.5456897013814036,0.4836349166248484,0.1749726184785113,0.0017964033839202053
S2M2-S,dataset_7_keyframe_3,0.05,oracle_raw_memory,583,3399454,2608511,976789,1.5867122018426432,1.655693635276256,0.16255286897858667,0.12439144662866834,0.08704574334878618,4.5693667207601445,1.019561651217194,9.126245298033641,0.2873370252987686,0.9702668641845885,0.26795171651566735,0.0,0.0
S2M2-S,dataset_7_keyframe_3,0.05,learned_no_abstention,583,3399454,2608511,180476,1.6434082913561627,1.655693635276256,0.16577368064308834,0.1262549809701641,0.08850156571619186,4.692296586297978,1.0631527700641794,9.268889666242702,0.05308970205215308,0.6878144462421596,0.024687647473980365,0.010454623346422538,0.00018263333981227275
S2M2-S,dataset_7_keyframe_3,0.05,learned_calibrated,583,3399454,2608511,123268,1.6457171345239716,1.655693635276256,0.16587016669089472,0.1264361864005827,0.08865982630430379,4.6999415788534895,1.0644786637292005,9.280780397448673,0.03626111722647225,0.7284047765843528,0.014215006185521165,0.00550007264680885,0.0001409531920581095
S2M2-S,dataset_7_keyframe_3,0.05,unwarped_previous_control,583,3399454,2608511,1884243,1.620281056552924,1.655693635276256,0.16723891566354623,0.12524805490988486,0.08741050784144304,4.584342643639089,1.0617925198951204,9.120567062067336,0.5542781281935275,0.5015881709524727,0.4836349166248484,0.20508289978458974,0.006432941941888649
S2M2-S,dataset_7_keyframe_3,0.05,identity_no_flow_control,583,3399454,2608511,1884243,1.620281056552924,1.655693635276256,0.16723891566354623,0.12524805490988486,0.08741050784144304,4.584342643639089,1.0617925198951204,9.120567062067336,0.5542781281935275,0.5015881709524727,0.4836349166248484,0.20508289978458974,0.006432941941888649
S2M2-S,dataset_7_keyframe_3,0.05,shuffled_memory_control,583,3399454,2608511,1884243,1.7904367877350276,1.655693635276256,0.18253284208645765,0.1320250250434731,0.09271018254437206,4.870429584178715,1.217883726402535,9.497661247031004,0.5542781281935275,0.4536490250992043,0.4836349166248484,0.21167478304672666,0.015858741972688314
S2M2-S,dataset_7_keyframe_3,0.25,raw,583,3271753,2558373,0,1.4759576176989289,1.4759576176989289,0.15346451859717167,0.11572328354453798,0.08019370629185865,4.365304763612389,1.0191079594735148,8.45408777646041,0.0,0.0,0.0,0.0,0.0
S2M2-S,dataset_7_keyframe_3,0.25,aligned_memory,583,3271753,2558373,1792610,1.4828772752904316,1.4759576176989289,0.1544905741184355,0.11538829491708533,0.08008856406974585,4.388764932062739,1.0235947627127733,8.546570040549254,0.5479050527347266,0.5090677838459007,0.48226783193850153,0.20343515195008702,0.00334976377431409
S2M2-S,dataset_7_keyframe_3,0.25,fixed_blend_50,583,3271753,2558373,1792610,1.4741553873519724,1.4759576176989289,0.1532206128886805,0.11554203502950963,0.08009895580066143,4.366801617721046,1.0167002785315506,8.474924811773645,0.5479050527347266,0.553065641717942,0.48226783193850153,0.17357554977323478,0.0015801246530350835
S2M2-S,dataset_7_keyframe_3,0.25,oracle_raw_memory,583,3271753,2558373,941141,1.4102641133415552,1.4759576176989289,0.14865944952692597,0.1132521308628922,0.07824398719472005,4.2009304563974945,0.9686444100820193,8.266622847777008,0.28765649485153677,0.9696315429887764,0.26792770248904285,0.0,0.0
S2M2-S,dataset_7_keyframe_3,0.25,learned_no_abstention,583,3271753,2558373,159735,1.4646921422927726,1.4759576176989289,0.15165295124292968,0.11494724672853218,0.07958608121109911,4.326254131566577,1.011346396768912,8.398710803234417,0.048822450839045614,0.7141953861082417,0.02425760434463622,0.010072807991641564,7.102251578005739e-05
S2M2-S,dataset_7_keyframe_3,0.25,learned_calibrated,583,3271753,2558373,107191,1.4668167314861595,1.4759576176989289,0.1517752099785552,0.11513460816082528,0.07973493089706482,4.334379139266129,1.0126119303534111,8.410300407630949,0.03276255878729232,0.7614725116847496,0.013915875441149512,0.005258420097460378,4.889961621318774e-05
S2M2-S,dataset_7_keyframe_3,0.25,unwarped_previous_control,583,3271753,2558373,1792610,1.4465341815301112,1.4759576176989289,0.15351953518847636,0.11426229310530457,0.07865783258532322,4.22805135746858,1.0118104371961407,8.285654290255334,0.5479050527347266,0.5023546672170746,0.48226783193850153,0.20357078502626474,0.005765784959826991
S2M2-S,dataset_7_keyframe_3,0.25,identity_no_flow_control,583,3271753,2558373,1792610,1.4465341815301112,1.4759576176989289,0.15351953518847636,0.11426229310530457,0.07865783258532322,4.22805135746858,1.0118104371961407,8.285654290255334,0.5479050527347266,0.5023546672170746,0.48226783193850153,0.20357078502626474,0.005765784959826991
S2M2-S,dataset_7_keyframe_3,0.25,shuffled_memory_control,583,3271753,2558373,1792610,1.5966516809546323,1.4759576176989289,0.1687819949473658,0.12064877764223979,0.08349438359811615,4.489101564526826,1.1558958731072428,8.641273704927666,0.5479050527347266,0.4538538778652356,0.48226783193850153,0.21017693667029788,0.014638453118146027
S2M2-S,dataset_7_keyframe_3,0.5,raw,583,2672683,2150042,0,1.2705080661800867,1.2705080661800867,0.1491033542138702,0.11301826663483776,0.07426694440338623,3.7001371724247916,0.9043761179184383,7.135387513512577,0.0,0.0,0.0,0.0,0.0
S2M2-S,dataset_7_keyframe_3,0.5,aligned_memory,583,2672683,2150042,1383534,1.2754921862723307,1.2705080661800867,0.15006418634967902,0.11279040592420499,0.07434813631880638,3.7259009137896353,0.9069834150986587,7.2027289949438815,0.5176573503105306,0.5175557666092774,0.45584458350115953,0.18591729835975299,0.003405357873353177
S2M2-S,dataset_7_keyframe_3,0.5,fixed_blend_50,583,2672683,2150042,1383534,1.2680715304527808,1.2705080661800867,0.14903563206174522,0.11281996413440697,0.0742501075870704,3.703985309075591,0.9012339270993557,7.156568244113137,0.5176573503105306,0.5638654344598687,0.45584458350115953,0.15702623483634273,0.0015814033362021261
S2M2-S,dataset_7_keyframe_3,0.5,oracle_raw_memory,583,2672683,2150042,739978,1.2148074945134344,1.2705080661800867,0.14577149597896502,0.11074452163940043,0.07256079379562619,3.574450876876792,0.8604311531826591,7.003175633173631,0.2768671032067776,0.9676720118706231,0.2590298236034459,0.0,0.0
S2M2-S,dataset_7_keyframe_3,0.5,learned_no_abstention,583,2672683,2150042,103113,1.2624733092928015,1.2705080661800867,0.147970036035429,0.11228866261993353,0.07375173204480599,3.6655812753981447,0.8993067433459954,7.0864865022027494,0.03858033294633146,0.7474712208935828,0.019875425689358628,0.00796263514852268,1.5557235182973834e-05
S2M2-S,dataset_7_keyframe_3,0.5,learned_calibrated,583,2672683,2150042,66648,1.2641637077590158,1.2705080661800867,0.1481253108950028,0.11249370008351889,0.07389765265246048,3.6725399773671805,0.9003047656637347,7.095174355385839,0.02493673959837362,0.7970831832913216,0.011002110656442991,0.004064106654660699,5.926294319089667e-06
S2M2-S,dataset_7_keyframe_3,0.5,unwarped_previous_control,583,2672683,2150042,1383534,1.257008998566958,1.2705080661800867,0.1488605270793332,0.11239080733443253,0.07353023150640375,3.6922374729563723,0.9018938171942605,7.1239667974397,0.5176573503105306,0.5139671305511827,0.45584458350115953,0.18348664816780325,0.005935804354113313
S2M2-S,dataset_7_keyframe_3,0.5,identity_no_flow_control,583,2672683,2150042,1383534,1.257008998566958,1.2705080661800867,0.1488605270793332,0.11239080733443253,0.07353023150640375,3.6922374729563723,0.9018938171942605,7.1239667974397,0.5176573503105306,0.5139671305511827,0.45584458350115953,0.18348664816780325,0.005935804354113313
S2M2-S,dataset_7_keyframe_3,0.5,shuffled_memory_control,583,2672683,2150042,1383534,1.338293295253438,1.2705080661800867,0.16097008136506005,0.11676019943718327,0.07675096512172817,3.8245278055475453,0.9820059380333288,7.331020844840162,0.5176573503105306,0.4619409425427926,0.45584458350115953,0.18739494391272357,0.012820423499608102
S2M2-S,dataset_7_keyframe_3,0.9,raw,561,388089,245738,0,1.5181921866390533,1.5181921866390533,0.34078265481104864,0.2313386883044663,0.0966221667121364,2.880068170819071,1.1928968801209896,5.466626514727496,0.0,0.0,0.0,0.0,0.0
S2M2-S,dataset_7_keyframe_3,0.9,aligned_memory,561,388089,245738,212281,1.5213061032077069,1.5181921866390533,0.34156082791834236,0.23134126452210935,0.0976992392597849,2.88138848873775,1.1950414364146544,5.502425960925825,0.5469905099088096,0.48049990342988774,0.45870398554558106,0.20350942874117964,0.012103795964537903
S2M2-S,dataset_7_keyframe_3,0.9,fixed_blend_50,561,388089,245738,212281,1.5152447532948172,1.5181921866390533,0.34070792987617976,0.2308851841314758,0.09708855460113662,2.877064621451773,1.1897003945506304,5.482021695093015,0.5469905099088096,0.5170505132348161,0.45870398554558106,0.1731681709788474,0.005226515155597059
S2M2-S,dataset_7_keyframe_3,0.9,oracle_raw_memory,561,388089,245738,104777,1.4672892402301305,1.5181921866390533,0.3362476132826185,0.2261852310415758,0.09346309746468048,2.7960314807482622,1.152235188552369,5.407944195454638,0.2699818855984065,0.9735056357788446,0.2445694194630053,0.0,0.0
S2M2-S,dataset_7_keyframe_3,0.9,learned_no_abstention,561,388089,245738,15918,1.507787775874887,1.5181921866390533,0.339494291031952,0.22934945365893425,0.09582080423462062,2.846381646115266,1.187471453438271,5.445321798397692,0.04101636480291892,0.8819575323533108,0.014987507019671357,0.005164036494152309,4.596104497135664e-05
S2M2-S,dataset_7_keyframe_3,0.9,learned_calibrated,561,388089,245738,9654,1.5110047511157765,1.5181921866390533,0.33980092153278096,0.22991633414355372,0.09613258824855975,2.855075428158107,1.1897228394845778,5.451541151752516,0.02487573726645177,0.9180650507561633,0.006897590116302729,0.0022178092114365708,1.9859810423367406e-05
S2M2-S,dataset_7_keyframe_3,0.9,unwarped_previous_control,561,388089,245738,212281,1.4935582418426188,1.5181921866390533,0.3348407193669457,0.22751740005765145,0.09353266923355237,2.7997185661809785,1.167048226608531,5.443350517036753,0.5469905099088096,0.4940008761971161,0.45870398554558106,0.19672171174177375,0.01763313790043666
S2M2-S,dataset_7_keyframe_3,0.9,identity_no_flow_control,561,388089,245738,212281,1.4935582418426188,1.5181921866390533,0.3348407193669457,0.22751740005765145,0.09353266923355237,2.7997185661809785,1.167048226608531,5.443350517036753,0.5469905099088096,0.4940008761971161,0.45870398554558106,0.19672171174177375,0.01763313790043666
S2M2-S,dataset_7_keyframe_3,0.9,shuffled_memory_control,561,388089,245738,212281,1.5514989417316896,1.5181921866390533,0.3447508178444665,0.23531715750655668,0.10124997135024516,2.8538713455390643,1.2261500953607842,5.510054526852851,0.5469905099088096,0.4665043032584169,0.45870398554558106,0.18371599020094573,0.032011770881840144
RAFT-Stereo,dataset_7_keyframe_3,0.05,raw,583,3399454,2585466,0,1.4880645601588147,1.4880645601588147,0.1692945401334885,0.12271147081385354,0.08219643512878184,4.197238056174616,0.9854214926923283,8.580962911286404,0.0,0.0,0.0,0.0,0.0
RAFT-Stereo,dataset_7_keyframe_3,0.05,aligned_memory,583,3399454,2585466,1977117,1.4909366978079732,1.4880645601588147,0.1696242988119232,0.12261998547539645,0.08218525698979116,4.2213121633373,0.9846310154359663,8.675087851319603,0.5815983978603623,0.508518211112443,0.5082909618614208,0.22374921967645292,0.012452534498218887
RAFT-Stereo,dataset_7_keyframe_3,0.05,fixed_blend_50,583,3399454,2585466,1977117,1.467610300146729,1.4880645601588147,0.16973372817614496,0.12349424373631572,0.08316335525257408,4.132628620819388,0.9747685377439861,8.472637795322477,0.5815983978603623,0.5613689022956153,0.5082909618614208,0.18752905665748457,0.007136638631674957
RAFT-Stereo,dataset_7_keyframe_3,0.05,oracle_raw_memory,583,3399454,2585466,1037555,1.3110536279367313,1.4880645601588147,0.15689607815920184,0.11341380135394664,0.07478730421765517,3.74297627093055,0.8669942564508237,7.896614776906448,0.3052122487905411,0.9690088718188433,0.27223989795263215,0.0,0.0
RAFT-Stereo,dataset_7_keyframe_3,0.05,learned_no_abstention,583,3399454,2585466,188908,1.3942468697404593,1.4880645601588147,0.16640642907862102,0.11856668748944522,0.07818637942662858,3.944566830528786,0.9281803160462264,8.099250377008971,0.05557010037494257,0.6468704342854723,0.029389286109351275,0.015740682724120138,0.0006682613080055985
RAFT-Stereo,dataset_7_keyframe_3,0.05,learned_calibrated,583,3399454,2585466,125862,1.4025729717651074,1.4880645601588147,0.16686326731500298,0.11928827417774761,0.07879324159834673,3.9693301696885186,0.9333820578155955,8.138563197032717,0.03702418094199833,0.6942524352068138,0.016789623224594714,0.008467332388049194,0.00046006188849393364
RAFT-Stereo,dataset_7_keyframe_3,0.05,unwarped_previous_control,583,3399454,2585466,1977117,1.458824685946752,1.4880645601588147,0.16732481174901073,0.1211135673118666,0.08069178183539145,4.101930790809715,0.972103921777916,8.439200015149934,0.5815983978603623,0.4996006811938798,0.5082909618614208,0.2235241151885192,0.013786625194402368
RAFT-Stereo,dataset_7_keyframe_3,0.05,identity_no_flow_control,583,3399454,2585466,1977117,1.458824685946752,1.4880645601588147,0.16732481174901073,0.1211135673118666,0.08069178183539145,4.101930790809715,0.972103921777916,8.439200015149934,0.5815983978603623,0.4996006811938798,0.5082909618614208,0.2235241151885192,0.013786625194402368
RAFT-Stereo,dataset_7_keyframe_3,0.05,shuffled_memory_control,583,3399454,2585466,1977117,1.5422013010811135,1.4880645601588147,0.18285760012784125,0.12705746289307032,0.08444562007525186,4.240524490301935,1.047658045476713,8.674086744814035,0.5815983978603623,0.460785578192894,0.5082909618614208,0.22136048201755507,0.0230797595495134
RAFT-Stereo,dataset_7_keyframe_3,0.25,raw,583,3271753,2533630,0,1.3300866042176391,1.3300866042176391,0.15539528771679867,0.11193540585338382,0.07365317621513016,3.8597051268420057,0.9432200193627228,7.735893257074702,0.0,0.0,0.0,0.0,0.0
RAFT-Stereo,dataset_7_keyframe_3,0.25,aligned_memory,583,3271753,2533630,1880268,1.3299244024077659,1.3300866042176391,0.1555371078320684,0.11168905460476516,0.07361466445430932,3.872746222577655,0.9415197996674184,7.783278988616222,0.5746974175617781,0.5137666545407357,0.5060087700256154,0.22156550088213353,0.011517659373012681
RAFT-Stereo,dataset_7_keyframe_3,0.25,fixed_blend_50,583,3271753,2533630,1880268,1.3081050625467951,1.3300866042176391,0.15558692801197446,0.11252652615743136,0.07434852163291739,3.780196494367416,0.9322077121909843,7.6047454635397145,0.5746974175617781,0.5678461793744296,0.5060087700256154,0.1855227479939849,0.00660741884918705
RAFT-Stereo,dataset_7_keyframe_3,0.25,oracle_raw_memory,583,3271753,2533630,997564,1.1664516303568517,1.3300866042176391,0.1434940231794592,0.10311505784189434,0.06668565734765435,3.406983420715905,0.8314716217582142,7.063300839546311,0.3049019898507008,0.9683779687318307,0.2721008987105457,0.0,0.0
RAFT-Stereo,dataset_7_keyframe_3,0.25,learned_no_abstention,583,3271753,2533630,167324,1.2469708401038495,1.3300866042176391,0.1526625023754359,0.1079870638360814,0.06992673335938021,3.61843545337623,0.891632396397403,7.291653104648013,0.0511420024677902,0.6550285673304487,0.028488374387736173,0.0150313976389607,0.0005532101525245296
RAFT-Stereo,dataset_7_keyframe_3,0.25,learned_calibrated,583,3271753,2533630,109026,1.2548331081101827,1.3300866042176391,0.15313380941256122,0.10869983167371944,0.07050899000627413,3.6449390742794177,0.8965119563659051,7.328576590359975,0.03332342019706255,0.7072624878469356,0.016131005711173298,0.00794788505030332,0.00037368906094963555
RAFT-Stereo,dataset_7_keyframe_3,0.25,unwarped_previous_control,583,3271753,2533630,1880268,1.3054093071482504,1.3300866042176391,0.15395660979347134,0.11065413529685716,0.07231047071556242,3.7751614187376856,0.9315469920547039,7.608574837251754,0.5746974175617781,0.5011727051675612,0.5060087700256154,0.2212051483444702,0.012727484030144664
RAFT-Stereo,dataset_7_keyframe_3,0.25,identity_no_flow_control,583,3271753,2533630,1880268,1.3054093071482504,1.3300866042176391,0.15395660979347134,0.11065413529685716,0.07231047071556242,3.7751614187376856,0.9315469920547039,7.608574837251754,0.5746974175617781,0.5011727051675612,0.5060087700256154,0.2212051483444702,0.012727484030144664
RAFT-Stereo,dataset_7_keyframe_3,0.25,shuffled_memory_control,583,3271753,2533630,1880268,1.3807129498787907,1.3300866042176391,0.16938014555590017,0.11621873637806272,0.0756362107277653,3.893691949519632,1.0035209379404606,7.766823257046691,0.5746974175617781,0.46205381360529457,0.5060087700256154,0.21901382601248012,0.02143152899726543
RAFT-Stereo,dataset_7_keyframe_3,0.5,raw,583,2672683,2081635,0,1.1820343110772131,1.1820343110772131,0.15242436155279807,0.10934181086187617,0.06811058388801038,3.320086823672917,0.8738686695909373,6.571161386980495,0.0,0.0,0.0,0.0,0.0
RAFT-Stereo,dataset_7_keyframe_3,0.5,aligned_memory,583,2672683,2081635,1483096,1.1803202683274938,1.1820343110772131,0.15274501272628552,0.10904884721134203,0.06815398600502284,3.3261840149790793,0.8717378343242762,6.606749009359349,0.5549090558064687,0.5184553124005459,0.48738419559625007,0.21018238067672768,0.010472367793262122
RAFT-Stereo,dataset_7_keyframe_3,0.5,fixed_blend_50,583,2672683,2081635,1483096,1.1592157763651838,1.1820343110772131,0.1520449676041258,0.10916782848116639,0.06802752142286225,3.2447602914757114,0.8631438329797059,6.490329194825643,0.5549090558064687,0.5719360041426853,0.48738419559625007,0.17599435059460472,0.005801345012231184
RAFT-Stereo,dataset_7_keyframe_3,0.5,oracle_raw_memory,583,2672683,2081635,794250,1.0519460061981387,1.1820343110772131,0.1420183386633795,0.10173110668441795,0.0622045337870177,2.9873547017349,0.7845711120781286,6.11477689707419,0.2971732899112989,0.9681070192005036,0.26518481866417504,0.0,0.0
RAFT-Stereo,dataset_7_keyframe_3,0.5,learned_no_abstention,583,2672683,2081635,121301,1.127313747545464,1.1820343110772131,0.15063851564197653,0.10627335898532464,0.06530927911997042,3.174712243226184,0.8411176146214916,6.316022471624944,0.04538547968464648,0.6670184087517828,0.026918744160239427,0.013734396279847332,0.0004347369728423435
RAFT-Stereo,dataset_7_keyframe_3,0.5,learned_calibrated,583,2672683,2081635,75765,1.133989391647712,1.1820343110772131,0.15104297804122277,0.10695768989583423,0.06584544436702086,3.196206312846279,0.8453211935891567,6.341166199270889,0.028347918552256293,0.7232891176664686,0.014855630309828572,0.006914756909832896,0.00027562016208136593
RAFT-Stereo,dataset_7_keyframe_3,0.5,unwarped_previous_control,583,2672683,2081635,1483096,1.1703671407295526,1.1820343110772131,0.15152750999034678,0.10876523690380789,0.06752315930056252,3.327176969245887,0.8673110215764337,6.58043712647226,0.5549090558064687,0.5103580617842675,0.48738419559625007,0.20803503015658364,0.011821051202960162
RAFT-Stereo,dataset_7_keyframe_3,0.5,identity_no_flow_control,583,2672683,2081635,1483096,1.1703671407295526,1.1820343110772131,0.15152750999034678,0.10876523690380789,0.06752315930056252,3.327176969245887,0.8673110215764337,6.58043712647226,0.5549090558064687,0.5103580617842675,0.48738419559625007,0.20803503015658364,0.011821051202960162
RAFT-Stereo,dataset_7_keyframe_3,0.5,shuffled_memory_control,583,2672683,2081635,1483096,1.2115430972096952,1.1820343110772131,0.1630096047267816,0.1121588304475446,0.06948747752782203,3.3562568127703427,0.910548896487926,6.64559565535201,0.5549090558064687,0.4705865297998241,0.48738419559625007,0.20160690995299368,0.0183279131294009
RAFT-Stereo,dataset_7_keyframe_3,0.9,raw,561,388089,240929,0,1.5016122996907544,1.5016122996907544,0.33626049685719234,0.2245000506994741,0.09106674033634468,2.7445579460431153,1.203496913538197,5.273666897450234,0.0,0.0,0.0,0.0,0.0
RAFT-Stereo,dataset_7_keyframe_3,0.9,aligned_memory,561,388089,240929,229334,1.4968449573760352,1.5016122996907544,0.3358817179083624,0.22420887982631013,0.09193252073563422,2.7389176131045527,1.1991415510940069,5.296654299445364,0.5909314615977262,0.5031787698291574,0.4888369602663025,0.21861212224348253,0.021948594120903508
RAFT-Stereo,dataset_7_keyframe_3,0.9,fixed_blend_50,561,388089,240929,229334,1.479789790062425,1.5016122996907544,0.33407285417024707,0.22199289332532027,0.08996390026259588,2.705481385235412,1.1924550432692116,5.257827528942983,0.5909314615977262,0.5427149921075811,0.4888369602663025,0.18615442723789996,0.011227150878074929
RAFT-Stereo,dataset_7_keyframe_3,0.9,oracle_raw_memory,561,388089,240929,117601,1.4139763224156363,1.5016122996907544,0.32368090806149,0.21456676208946018,0.08507584608981959,2.5919404130598203,1.140091418276141,5.1773940125500655,0.30302585231738083,0.9812501594374198,0.2615957398237655,0.0,0.0
RAFT-Stereo,dataset_7_keyframe_3,0.9,learned_no_abstention,561,388089,240929,15185,1.4914709699466169,1.5016122996907544,0.33493090475134646,0.2225108160422456,0.09017003874429583,2.710180591607489,1.197905645235386,5.245255722786802,0.039127622787556465,0.7599604873230161,0.015631161047445514,0.01016897094164671,0.000883496628621025
RAFT-Stereo,dataset_7_keyframe_3,0.9,learned_calibrated,561,388089,240929,8584,1.4946903731918626,1.5016122996907544,0.33536894883252855,0.22323229996928656,0.09065704047006107,2.72089793369288,1.1999408938713718,5.252344564742195,0.022118637735158687,0.8091798695246971,0.00742542408759427,0.004337377401641147,0.0004493928439866873
RAFT-Stereo,dataset_7_keyframe_3,0.9,unwarped_previous_control,561,388089,240929,229334,1.4761415969354996,1.5016122996907544,0.3299088617345232,0.22128429345249429,0.08822203202472186,2.679107057823645,1.1753338333432748,5.258533807027645,0.5909314615977262,0.5096758439655699,0.4888369602663025,0.2162711836267116,0.024157260932158125
RAFT-Stereo,dataset_7_keyframe_3,0.9,identity_no_flow_control,561,388089,240929,229334,1.4761415969354996,1.5016122996907544,0.3299088617345232,0.22128429345249429,0.08822203202472186,2.679107057823645,1.1753338333432748,5.258533807027645,0.5909314615977262,0.5096758439655699,0.4888369602663025,0.2162711836267116,0.024157260932158125
RAFT-Stereo,dataset_7_keyframe_3,0.9,shuffled_memory_control,561,388089,240929,229334,1.5257031180600595,1.5016122996907544,0.3387470409991766,0.2285094403875806,0.09555540105096973,2.7200542829735883,1.228526323967635,5.314800967893289,0.5909314615977262,0.48368318696747975,0.4888369602663025,0.19520273607577335,0.03866425023624179
StereoAnywhere,dataset_7_keyframe_3,0.05,raw,583,3399454,2557462,0,1.4928792051407442,1.4928792051407442,0.1757517532674826,0.1270886445139501,0.08655890068760073,3.9673329515473306,1.0330829230707237,8.161801895134586,0.0,0.0,0.0,0.0,0.0
StereoAnywhere,dataset_7_keyframe_3,0.05,aligned_memory,583,3399454,2557462,1875591,1.4998250205548247,1.4928792051407442,0.176256834054004,0.12686007848771816,0.08662802916265293,3.9916947801621334,1.036633744676162,8.230235842898859,0.5517330135957127,0.5166408881253962,0.4729172906576911,0.2073442342447317,0.014021423528587248
StereoAnywhere,dataset_7_keyframe_3,0.05,fixed_blend_50,583,3399454,2557462,1875591,1.4837610375836452,1.4928792051407442,0.17966296963663297,0.1276163762083729,0.08651448183072155,3.942073490436087,1.0269250645465062,8.136062037954634,0.5517330135957127,0.560780575296,0.4729172906576911,0.17769452683949946,0.007838125966221026
StereoAnywhere,dataset_7_keyframe_3,0.05,oracle_raw_memory,583,3399454,2557462,995662,1.3238167767912628,1.4928792051407442,0.1594394276613993,0.11631485545990322,0.07865204231853216,3.6355412167911663,0.8955322073873299,7.690108188950412,0.2928887992012835,0.9732288668242838,0.25539577909662003,0.0,0.0
StereoAnywhere,dataset_7_keyframe_3,0.05,learned_no_abstention,583,3399454,2557462,206980,1.3933433997797429,1.4928792051407442,0.1665217417403751,0.12017253358088417,0.08137336184971763,3.807792767967867,0.9456801229682164,7.849815352166032,0.060886248203387956,0.7760894772441782,0.025094801017571326,0.010639845284113703,0.0006208506310812557
StereoAnywhere,dataset_7_keyframe_3,0.05,learned_calibrated,583,3399454,2557462,153677,1.4025281826557923,1.4928792051407442,0.1672533296240095,0.12091588846288684,0.08184608483082387,3.833479044108586,0.951357151412129,7.884409676787297,0.04520637725940695,0.8143313573273815,0.016113631404885,0.006253856362284171,0.0005051902319194511
StereoAnywhere,dataset_7_keyframe_3,0.05,unwarped_previous_control,583,3399454,2557462,1875591,1.4744263631296226,1.4928792051407442,0.17623153618022117,0.1262190934114291,0.08573376800190344,3.92159202874109,1.0248225147907655,8.084123241818478,0.5517330135957127,0.5030633011141555,0.4729172906576911,0.20819077663715044,0.016258952617166846
StereoAnywhere,dataset_7_keyframe_3,0.05,identity_no_flow_control,583,3399454,2557462,1875591,1.4744263631296226,1.4928792051407442,0.17623153618022117,0.1262190934114291,0.08573376800190344,3.92159202874109,1.0248225147907655,8.084123241818478,0.5517330135957127,0.5030633011141555,0.4729172906576911,0.20819077663715044,0.016258952617166846
StereoAnywhere,dataset_7_keyframe_3,0.05,shuffled_memory_control,583,3399454,2557462,1875591,1.5815854272512768,1.4928792051407442,0.19364080296139372,0.13289604732670038,0.09025949462943522,4.089093766533969,1.1235725997430108,8.338023229659102,0.5517330135957127,0.46027412159687264,0.4729172906576911,0.2103057640739139,0.025368397448796178
StereoAnywhere,dataset_7_keyframe_3,0.25,raw,583,3271753,2507536,0,1.3453216015733818,1.3453216015733818,0.1616714341260321,0.1157254226447995,0.0776363617589469,3.6445905558781133,0.9928439212021655,7.512845559858586,0.0,0.0,0.0,0.0,0.0
StereoAnywhere,dataset_7_keyframe_3,0.25,aligned_memory,583,3271753,2507536,1782469,1.3499302660118748,1.3453216015733818,0.1620971993917369,0.11554264611268243,0.07774670024277061,3.659281745131558,0.9958803407718053,7.566803554108913,0.5448054911235659,0.521444692726774,0.47129054179082575,0.2053900721664614,0.013266789990012176
StereoAnywhere,dataset_7_keyframe_3,0.25,fixed_blend_50,583,3271753,2507536,1782469,1.335425874382719,1.3453216015733818,0.16558615474347868,0.11639998493009913,0.07771858082377449,3.6111866854720076,0.9864889954014436,7.469665353890895,0.5448054911235659,0.5667352419593272,0.47129054179082575,0.17579568149769334,0.007499897523420469
StereoAnywhere,dataset_7_keyframe_3,0.25,oracle_raw_memory,583,3271753,2507536,955697,1.1865497071422157,1.3453216015733818,0.14568856495491056,0.10540526726627793,0.07007772284615396,3.320665091846728,0.8600937712461147,7.078062322725751,0.2921054859581393,0.9725456917830652,0.25569244070673364,0.0,0.0
StereoAnywhere,dataset_7_keyframe_3,0.25,learned_no_abstention,583,3271753,2507536,187583,1.2521907706498043,1.3453216015733818,0.152274025761101,0.1087780768351919,0.07245840380381825,3.49550247743516,0.9088208857632148,7.218963825385772,0.05733409581958051,0.7873954462824456,0.0245276638102105,0.010109127047428232,0.0004425007808406582
StereoAnywhere,dataset_7_keyframe_3,0.25,learned_calibrated,583,3271753,2507536,138371,1.2608699930864684,1.3453216015733818,0.1530286671540291,0.10952079797686472,0.07292695982777266,3.5220021715165726,0.9142501824659384,7.254096215616233,0.042292618055213824,0.8285406624220393,0.015697880309594757,0.005876685319772079,0.00035502517189542104
StereoAnywhere,dataset_7_keyframe_3,0.25,unwarped_previous_control,583,3271753,2507536,1782469,1.329265504025636,1.3453216015733818,0.16222557126140635,0.11481673549468205,0.07676465772228631,3.6069356438251146,0.98605876445719,7.43521196027328,0.5448054911235659,0.5063762679743659,0.47129054179082575,0.20622116691445308,0.015040198440116196
StereoAnywhere,dataset_7_keyframe_3,0.25,identity_no_flow_control,583,3271753,2507536,1782469,1.329265504025636,1.3453216015733818,0.16222557126140635,0.11481673549468205,0.07676465772228631,3.6069356438251146,0.98605876445719,7.43521196027328,0.5448054911235659,0.5063762679743659,0.47129054179082575,0.20622116691445308,0.015040198440116196
StereoAnywhere,dataset_7_keyframe_3,0.25,shuffled_memory_control,583,3271753,2507536,1782469,1.4265471071344387,1.3453216015733818,0.17975073196278657,0.12129308006680559,0.08091533789135749,3.7555530091814955,1.0796687941380105,7.616887329964913,0.5448054911235659,0.46222739357598924,0.47129054179082575,0.2084185431435481,0.02372826117861467
StereoAnywhere,dataset_7_keyframe_3,0.5,raw,583,2672683,2085753,0,1.1767840968805767,1.1767840968805767,0.1520947301008068,0.10922320363149471,0.06994394761166338,3.142491720046478,0.8986175405203537,6.367951090207169,0.0,0.0,0.0,0.0,0.0
StereoAnywhere,dataset_7_keyframe_3,0.5,aligned_memory,583,2672683,2085753,1367212,1.1795997199223536,1.1767840968805767,0.15255456754041644,0.10918129846611598,0.07025898700386204,3.1557099200618706,0.900772336427053,6.404328240050415,0.5115503784025266,0.5310346895726485,0.44305485836530023,0.18556895279546523,0.010691666307373247
StereoAnywhere,dataset_7_keyframe_3,0.5,fixed_blend_50,583,2672683,2085753,1367212,1.1675017567261177,1.1767840968805767,0.15469623581879163,0.10984617326649211,0.0700517045630259,3.118267077253486,0.8927886959085355,6.3456404082431295,0.5115503784025266,0.5761088989856731,0.44305485836530023,0.1583859642057329,0.006194740682530126
StereoAnywhere,dataset_7_keyframe_3,0.5,oracle_raw_memory,583,2672683,2085753,746750,1.0568263036907246,1.1767840968805767,0.14054678374334775,0.10145348311366961,0.0641407905262979,2.918701768005279,0.7969319934767861,6.119005926819656,0.2794008866745514,0.9722624707063944,0.2477637572617659,0.0,0.0
StereoAnywhere,dataset_7_keyframe_3,0.5,learned_no_abstention,583,2672683,2085753,123360,1.115373228280374,1.1767840968805767,0.1460940185078934,0.10435356524654686,0.06619752498634324,3.054129468150902,0.84135664787239,6.23118138371905,0.046155866595477275,0.7820687418936446,0.02168952891353866,0.008609360744057422,0.0003270396664870764
StereoAnywhere,dataset_7_keyframe_3,0.5,learned_calibrated,583,2672683,2085753,87778,1.1221933376651179,1.1767840968805767,0.14665562591104092,0.10502218174546397,0.06663042316056293,3.0754648887687073,0.8452403697805906,6.251804001246886,0.03284265286979413,0.8263915787554968,0.013667006591863946,0.004832787007857594,0.0002554666883311641
StereoAnywhere,dataset_7_keyframe_3,0.5,unwarped_previous_control,583,2672683,2085753,1367212,1.1714203531699012,1.1767840968805767,0.15250667606271476,0.10897551264268156,0.06965098387467554,3.172931527901427,0.8975071638674998,6.400167629751138,0.5115503784025266,0.5190072936750116,0.44305485836530023,0.18490444458188482,0.012595112647635477
StereoAnywhere,dataset_7_keyframe_3,0.5,identity_no_flow_control,583,2672683,2085753,1367212,1.1714203531699012,1.1767840968805767,0.15250667606271476,0.10897551264268156,0.06965098387467554,3.172931527901427,0.8975071638674998,6.400167629751138,0.5115503784025266,0.5190072936750116,0.44305485836530023,0.18490444458188482,0.012595112647635477
StereoAnywhere,dataset_7_keyframe_3,0.5,shuffled_memory_control,583,2672683,2085753,1367212,1.2214935310734922,1.1767840968805767,0.1659025776761296,0.1130859888565685,0.07211218085442048,3.2221060569442583,0.9479399562921388,6.466590819706724,0.5115503784025266,0.47209430578432604,0.44305485836530023,0.18425911409452606,0.01905586418686555
StereoAnywhere,dataset_7_keyframe_3,0.9,raw,561,388089,242933,0,1.4656470118748282,1.4656470118748282,0.3281876066325774,0.2176304924146032,0.09299670943047451,2.628758109586719,1.1908621808486066,5.230410204788164,0.0,0.0,0.0,0.0,0.0
StereoAnywhere,dataset_7_keyframe_3,0.9,aligned_memory,561,388089,242933,210310,1.461261759046872,1.4656470118748282,0.3269765436701503,0.2174217769620149,0.0940093640572685,2.6199760067743307,1.1870399318575047,5.257231706255043,0.5419117779684557,0.5097807997717655,0.44697920825906734,0.18895744917322882,0.013471234721933177
StereoAnywhere,dataset_7_keyframe_3,0.9,fixed_blend_50,561,388089,242933,210310,1.4550241142591769,1.4656470118748282,0.32646377522522435,0.21662556831247473,0.09301216982368311,2.6084630159712128,1.18427333985331,5.237249568510016,0.5419117779684557,0.5428320098901621,0.44697920825906734,0.16263331865164468,0.007065555122550013
StereoAnywhere,dataset_7_keyframe_3,0.9,oracle_raw_memory,561,388089,242933,109376,1.4020305551742638,1.4656470118748282,0.31843211221014306,0.21137934882271833,0.08951297252994937,2.5184499353464664,1.1441666263250236,5.171503961994421,0.28183226012589896,0.980215038033938,0.24972317470248998,0.0,0.0
StereoAnywhere,dataset_7_keyframe_3,0.9,learned_no_abstention,561,388089,242933,16534,1.4558158261873637,1.4656470118748282,0.3264045107862124,0.2158138987925654,0.09219792367945766,2.5949599393792897,1.186843043872421,5.2084109281840485,0.042603629579812875,0.7728317406556188,0.0178814734926914,0.010299135975762864,0.0005094189789132737
StereoAnywhere,dataset_7_keyframe_3,0.9,learned_calibrated,561,388089,242933,10446,1.4589670180153704,1.4656470118748282,0.32695593047501387,0.21649157815752784,0.09248651705009137,2.604445520293656,1.1884883426952775,5.2121491388313785,0.02691650626531543,0.7934137468887612,0.010513186763428599,0.0060098874998456365,0.0003950891767914094
StereoAnywhere,dataset_7_keyframe_3,0.9,unwarped_previous_control,561,388089,242933,210310,1.4447191228516747,1.4656470118748282,0.3230831065757016,0.2147213660075392,0.09014169436038265,2.5789362036086607,1.1657271125340338,5.230251179357847,0.5419117779684557,0.5103656507061005,0.44697920825906734,0.18926205990952238,0.017157959136018936
StereoAnywhere,dataset_7_keyframe_3,0.9,identity_no_flow_control,561,388089,242933,210310,1.4447191228516747,1.4656470118748282,0.3230831065757016,0.2147213660075392,0.09014169436038265,2.5789362036086607,1.1657271125340338,5.230251179357847,0.5419117779684557,0.5103656507061005,0.44697920825906734,0.18926205990952238,0.017157959136018936
StereoAnywhere,dataset_7_keyframe_3,0.9,shuffled_memory_control,561,388089,242933,210310,1.4957036952658098,1.4656470118748282,0.33186459761957154,0.22227118020269876,0.09726377214242249,2.6231112400394396,1.2183810141553861,5.291179955425701,0.5419117779684557,0.4786315439113689,0.44697920825906734,0.18145743888232557,0.030074679525359853
S2M2-S,dataset_7_keyframe_4,0.05,raw,2058,19800036,12359469,0,0.63847308134387,0.63847308134387,0.1747753890463086,0.029071714746269555,0.007177764710716223,1.007645857342959,0.5770265801782656,1.7251405295243103,0.0,0.0,0.0,0.0,0.0
S2M2-S,dataset_7_keyframe_4,0.05,aligned_memory,2058,19800036,12359469,12709932,0.6300439067129526,0.63847308134387,0.1714997386868596,0.02826419087994323,0.006878977368173668,0.9968493793509337,0.568724703976987,1.7081882703580267,0.6419145904583203,0.5332378646872383,0.5719843627586266,0.29801838574132916,0.007981802029872738
S2M2-S,dataset_7_keyframe_4,0.05,fixed_blend_50,2058,19800036,12359469,12709932,0.6287817501983415,0.63847308134387,0.17345382562079992,0.027045657900884205,0.0064184226593607336,0.9977691819300224,0.5672707925216939,1.6981561187136438,0.6419145904583203,0.5598191241306405,0.5719843627586266,0.27140033281365084,0.0030903160995168666
S2M2-S,dataset_7_keyframe_4,0.05,oracle_raw_memory,2058,19800036,12359469,6869341,0.5471823536382442,0.63847308134387,0.14499493829164273,0.021288345058333484,0.004968021268626563,0.9092900753801262,0.48690244513116954,1.5573087895154296,0.34693578334908076,0.9866182214567598,0.26647795305769206,0.0,0.0
S2M2-S,dataset_7_keyframe_4,0.05,learned_no_abstention,2058,19800036,12359469,3111788,0.5884998290254709,0.63847308134387,0.15560496925889575,0.0226277870106542,0.005326960008491046,0.9562772024250895,0.5271149792294975,1.6243071433546112,0.15716072435423856,0.7815580624387009,0.08764114380642081,0.03882011435928194,0.00040404411032477053
S2M2-S,dataset_7_keyframe_4,0.05,learned_calibrated,2058,19800036,12359469,2715777,0.5894951261821283,0.63847308134387,0.156123807008576,0.022692231415398445,0.0053737276001022665,0.9590594730494014,0.5278792396021821,1.6263488196983849,0.13716020516326333,0.8110702756522351,0.06991659593142716,0.02944964706817097,0.0003322961798534055
S2M2-S,dataset_7_keyframe_4,0.05,unwarped_previous_control,2058,19800036,12359469,12709932,0.6380433039284497,0.63847308134387,0.17406261231639272,0.028749038495861128,0.007124835532911529,0.9967808181120396,0.5755442891031753,1.7244233651061271,0.6419145904583203,0.4793633042253885,0.5719843627586266,0.2925751907302814,0.00905456626741309
S2M2-S,dataset_7_keyframe_4,0.05,identity_no_flow_control,2058,19800036,12359469,12709932,0.6380433039284497,0.63847308134387,0.17406261231639272,0.028749038495861128,0.007124835532911529,0.9967808181120396,0.5755442891031753,1.7244233651061271,0.6419145904583203,0.4793633042253885,0.5719843627586266,0.2925751907302814,0.00905456626741309
S2M2-S,dataset_7_keyframe_4,0.05,shuffled_memory_control,2058,19800036,12359469,12709932,0.6989553323573922,0.63847308134387,0.1880999610809262,0.03579074299430777,0.01107240415986151,1.0490936859901627,0.6363459215227095,1.8757874044100162,0.6419145904583203,0.4777758842454861,0.5719843627586266,0.3087272600465279,0.01836286965469598
S2M2-S,dataset_7_keyframe_4,0.25,raw,1961,12632773,8722889,0,0.5439080225149893,0.5439080225149893,0.13115164793995976,0.023050600152245325,0.006096127912113462,0.9851932934271133,0.49067251707764126,1.5101467175133683,0.0,0.0,0.0,0.0,0.0
S2M2-S,dataset_7_keyframe_4,0.25,aligned_memory,1961,12632773,8722889,7619617,0.5367801787499697,0.5439080225149893,0.1288439996234066,0.022529970251994883,0.005783924105792175,0.9753024331750969,0.483634792407085,1.4908311534151966,0.603162662702797,0.5285290586127885,0.5442325358032184,0.27500751184613265,0.006454480008528369
S2M2-S,dataset_7_keyframe_4,0.25,fixed_blend_50,1961,12632773,8722889,7619617,0.5359411765298977,0.5439080225149893,0.13064344605169884,0.021474540969032913,0.00538812816454712,0.9769692908847945,0.482699692080457,1.4886098539472465,0.603162662702797,0.5568455737342178,0.5442325358032184,0.2505812007925356,0.002475374928156384
S2M2-S,dataset_7_keyframe_4,0.25,oracle_raw_memory,1961,12632773,8722889,4093565,0.46567179556991506,0.5439080225149893,0.10839607406013918,0.016932070306311192,0.004100366551946444,0.8953198628117908,0.41374757335032786,1.36885348825977,0.3240432642935957,0.9837852825104768,0.2615789333098243,0.0,0.0
S2M2-S,dataset_7_keyframe_4,0.25,learned_no_abstention,1961,12632773,8722889,1559908,0.5005543311296964,0.5439080225149893,0.11572478974119466,0.017495366930003177,0.004266679988864536,0.9348770160089901,0.44788542277945936,1.4165573333462642,0.12348104410646815,0.7925416114283663,0.06960090859805737,0.028238580130963493,7.782389086816377e-05
S2M2-S,dataset_7_keyframe_4,0.25,learned_calibrated,1961,12632773,8722889,1321402,0.5018579209354209,0.5439080225149893,0.11628286211764159,0.017594316001310752,0.004326524328215271,0.9388607459020163,0.4489235503541409,1.4204018735929362,0.10460110381149096,0.8269951157936798,0.05330733888738009,0.020149516977689387,5.299787956933125e-05
S2M2-S,dataset_7_keyframe_4,0.25,unwarped_previous_control,1961,12632773,8722889,7619617,0.5391213631406475,0.5439080225149893,0.1288268221313797,0.022456668793569255,0.005951662371248969,0.951881012595054,0.4872019619727321,1.4946268864847783,0.603162662702797,0.4793483714470163,0.5442325358032184,0.27021334330862173,0.006953895483086676
S2M2-S,dataset_7_keyframe_4,0.25,identity_no_flow_control,1961,12632773,8722889,7619617,0.5391213631406475,0.5439080225149893,0.1288268221313797,0.022456668793569255,0.005951662371248969,0.951881012595054,0.4872019619727321,1.4946268864847783,0.603162662702797,0.4793483714470163,0.5442325358032184,0.27021334330862173,0.006953895483086676
S2M2-S,dataset_7_keyframe_4,0.25,shuffled_memory_control,1961,12632773,8722889,7619617,0.5863404920749186,0.5439080225149893,0.1430066859773574,0.027956253003234066,0.008562253086198773,0.9888329490321903,0.5350987421844824,1.5862109514451828,0.603162662702797,0.4719756911666295,0.5442325358032184,0.28278177103938845,0.014054808731202857
S2M2-S,dataset_7_keyframe_4,0.5,raw,1913,3652263,2836540,0,0.40621327437690635,0.40621327437690635,0.08432525286280133,0.011875924620201749,0.002465594634970756,0.5769967441708612,0.35204761802952667,0.9446104510258638,0.0,0.0,0.0,0.0,0.0
S2M2-S,dataset_7_keyframe_4,0.5,aligned_memory,1913,3652263,2836540,1879440,0.4025160724957762,0.40621327437690635,0.08407198527345147,0.011741487466345943,0.0022914560282263656,0.5714202301131798,0.3488113245230867,0.9342676413763479,0.5145960189613946,0.5274869109947644,0.47596332151141885,0.22732836483885296,0.002359903309483545
S2M2-S,dataset_7_keyframe_4,0.5,fixed_blend_50,1913,3652263,2836540,1879440,0.40121248913106144,0.40621327437690635,0.08420669616490437,0.011402793295668281,0.002312812641056545,0.571602577468681,0.347080626211391,0.9323168515143166,0.5145960189613946,0.5616039884220831,0.47596332151141885,0.20479351604419468,0.0009530935707713302
S2M2-S,dataset_7_keyframe_4,0.5,oracle_raw_memory,1913,3652263,2836540,1014564,0.35981272846232687,0.40621327437690635,0.07379287887191849,0.009880723290508665,0.0019015607682304455,0.5221424909960487,0.3059948254404154,0.8742839351404866,0.2777905096100692,0.9771488048067939,0.24029310356984213,0.0,0.0
S2M2-S,dataset_7_keyframe_4,0.5,learned_no_abstention,1913,3652263,2836540,181246,0.39157037478094653,0.40621327437690635,0.07877472160120605,0.010340712084438848,0.002033259936136159,0.5557769175332895,0.3378940554224934,0.9184335111558216,0.04962567044049128,0.7714542665769175,0.026089884154639104,0.011754108879127388,3.1662853641602e-05
S2M2-S,dataset_7_keyframe_4,0.5,learned_calibrated,1913,3652263,2836540,134565,0.39263462608027394,0.40621327437690635,0.0792511384649851,0.010448042778606193,0.0020880205071598184,0.5588195611317524,0.3387560978780105,0.9221321811524137,0.03684427983417404,0.8211199048786831,0.015951828636296333,0.006900660664048454,2.0277346026973695e-05
S2M2-S,dataset_7_keyframe_4,0.5,unwarped_previous_control,1913,3652263,2836540,1879440,0.4042352709115092,0.40621327437690635,0.08382255074299177,0.011991743214395783,0.002356621103502478,0.5604802124408087,0.3502525095629999,0.9326894381498539,0.5145960189613946,0.49393383135402036,0.47596332151141885,0.22338024494630782,0.0029001992639811677
S2M2-S,dataset_7_keyframe_4,0.5,identity_no_flow_control,1913,3652263,2836540,1879440,0.4042352709115092,0.40621327437690635,0.08382255074299177,0.011991743214395783,0.002356621103502478,0.5604802124408087,0.3502525095629999,0.9326894381498539,0.5145960189613946,0.49393383135402036,0.47596332151141885,0.22338024494630782,0.0029001992639811677
S2M2-S,dataset_7_keyframe_4,0.5,shuffled_memory_control,1913,3652263,2836540,1879440,0.44234147222928905,0.40621327437690635,0.09736292292483464,0.01602485919012297,0.003897857271687048,0.5917214623428069,0.39029376144166383,1.005406116153129,0.5145960189613946,0.4656823309070787,0.47596332151141885,0.2294711162190556,0.008058778805128878
S2M2-S,dataset_7_keyframe_4,0.9,raw,812,22877,18218,0,0.3512335370144978,0.3512335370144978,0.06290160502820186,0.004939458958464924,0.00021856012458791265,0.2833992495040318,0.34113191574672264,0.8133759882283017,0.0,0.0,0.0,0.0,0.0
S2M2-S,dataset_7_keyframe_4,0.9,aligned_memory,812,22877,18218,9751,0.3517746551020707,0.3512335370144978,0.06325130102157843,0.006644228016458129,0.00034969620305341185,0.2881611855349441,0.34130155716711674,0.8119593161008166,0.4262359575119115,0.5487642293098144,0.3823690855198156,0.17537600175650456,0.004713542628332301
S2M2-S,dataset_7_keyframe_4,0.9,fixed_blend_50,812,22877,18218,9751,0.3500260080111899,0.3512335370144978,0.06281418078249869,0.00511430705070975,0.0002185601262163125,0.2841916057526605,0.33972060315667374,0.8099292100430754,0.4262359575119115,0.5726592144395447,0.3823690855198156,0.1646174113514107,0.0021247720274937946
S2M2-S,dataset_7_keyframe_4,0.9,oracle_raw_memory,812,22877,18218,5449,0.31370605637880816,0.3512335370144978,0.05433404785700824,0.003147265872750222,0.00013113607358029972,0.2551856089872128,0.3038160167076138,0.7567475111933211,0.23818682519561132,0.9820150486327767,0.20177846086288287,0.0,0.0
S2M2-S,dataset_7_keyframe_4,0.9,learned_no_abstention,812,22877,18218,622,0.34281232933107414,0.3512335370144978,0.06006032329339041,0.003147265872750222,0.00013113607358029972,0.2776533329311056,0.33305950175606136,0.8031009706459835,0.027188879660794685,0.770096463022508,0.016357448677132506,0.006147765945767922,0.0
S2M2-S,dataset_7_keyframe_4,0.9,learned_calibrated,812,22877,18218,436,0.34374676585951724,0.3512335370144978,0.06041001948113686,0.0032346899208267155,0.00013113607358029972,0.2798039073331945,0.33379157527672465,0.8052740390610563,0.019058442977663154,0.8004587155963303,0.01031946426611044,0.00362279064661324,0.0
S2M2-S,dataset_7_keyframe_4,0.9,unwarped_previous_control,812,22877,18218,9751,0.3448989466614342,0.3512335370144978,0.06067229143209563,0.006731652047273584,0.00039340823018561816,0.29053674924876355,0.3343074125751559,0.7969529639194962,0.4262359575119115,0.5489693364783099,0.3823690855198156,0.16330003293446044,0.004768182657850879
S2M2-S,dataset_7_keyframe_4,0.9,identity_no_flow_control,812,22877,18218,9751,0.3448989466614342,0.3512335370144978,0.06067229143209563,0.006731652047273584,0.00039340823018561816,0.29053674924876355,0.3343074125751559,0.7969529639194962,0.4262359575119115,0.5489693364783099,0.3823690855198156,0.16330003293446044,0.004768182657850879
S2M2-S,dataset_7_keyframe_4,0.9,shuffled_memory_control,812,22877,18218,9751,0.3906109149004723,0.3512335370144978,0.07391703530695634,0.014118984464443457,0.0039340825388290675,0.3893785967313928,0.37944335666682694,0.8690918238459259,0.4262359575119115,0.5181007076197313,0.3823690855198156,0.1581403008014052,0.013330880114042924
RAFT-Stereo,dataset_7_keyframe_4,0.05,raw,2058,19800036,13236028,0,0.528794417726398,0.528794417726398,0.12877314944125812,0.01582926411720079,0.00534463671336365,0.9079445980142755,0.465176060548001,1.5448694960272993,0.0,0.0,0.0,0.0,0.0
RAFT-Stereo,dataset_7_keyframe_4,0.05,aligned_memory,2058,19800036,13236028,11963114,0.5203567575421166,0.528794417726398,0.12385068356230315,0.015595173654430425,0.0052737782788394895,0.8978324699919713,0.45663229777579223,1.5404720742421338,0.6041965782284436,0.5355975041281058,0.5418860552425546,0.27908606720989104,0.0031747631979746815
RAFT-Stereo,dataset_7_keyframe_4,0.05,fixed_blend_50,2058,19800036,13236028,11963114,0.518670295850539,0.528794417726398,0.12462012681750947,0.014952447537268924,0.004948425349047658,0.8949819996126552,0.4554298292159042,1.5119142232811702,0.6041965782284436,0.5628736798796701,0.5418860552425546,0.25573011782688887,0.0011854396812573885
RAFT-Stereo,dataset_7_keyframe_4,0.05,oracle_raw_memory,2058,19800036,13236028,6503934,0.46050979917478124,0.528794417726398,0.10545955571234937,0.012572603367711923,0.004175093418220655,0.8210184546964405,0.40018049199243794,1.3752125327389304,0.3284809179134826,0.9851597510060834,0.25554214602749403,0.0,0.0
RAFT-Stereo,dataset_7_keyframe_4,0.05,learned_no_abstention,2058,19800036,13236028,2451475,0.513662791069658,0.528794417726398,0.12082791135140601,0.01492315464097989,0.005267010618106211,0.8887101130841103,0.45046569708473994,1.512632592672461,0.12381164357478947,0.7180509693143924,0.08013514326201183,0.03505175419695395,0.0006414093640851971
RAFT-Stereo,dataset_7_keyframe_4,0.05,learned_calibrated,2058,19800036,13236028,2058035,0.5144865903672479,0.528794417726398,0.12130573920532874,0.014967548506556065,0.005278172204326989,0.890941157907759,0.4511672089891791,1.514093220109799,0.10394097263257501,0.7430369259998008,0.06304383762258586,0.026325344733329363,0.0005146719812730528
RAFT-Stereo,dataset_7_keyframe_4,0.05,unwarped_previous_control,2058,19800036,13236028,11963114,0.5320763455146477,0.528794417726398,0.12670835547942033,0.016513757844805733,0.005703120930992501,0.9027638358693822,0.46711488866858053,1.5550683291129945,0.6041965782284436,0.4723829431032756,0.5418860552425546,0.2717052275803587,0.004543422703963527
RAFT-Stereo,dataset_7_keyframe_4,0.05,identity_no_flow_control,2058,19800036,13236028,11963114,0.5320763455146477,0.528794417726398,0.12670835547942033,0.016513757844805733,0.005703120930992501,0.9027638358693822,0.46711488866858053,1.5550683291129945,0.6041965782284436,0.4723829431032756,0.5418860552425546,0.2717052275803587,0.004543422703963527
RAFT-Stereo,dataset_7_keyframe_4,0.05,shuffled_memory_control,2058,19800036,13236028,11963114,0.6030217616297564,0.528794417726398,0.14242034687944302,0.025500913181868954,0.010053870636057838,0.9628201346873152,0.5381519209562314,1.7290116547620975,0.6041965782284436,0.47000488334391866,0.5418860552425546,0.29227824238510225,0.014543203967409537
RAFT-Stereo,dataset_7_keyframe_4,0.25,raw,1961,12632773,9304350,0,0.43271422341955434,0.43271422341955434,0.08790358223205749,0.010154619270035584,0.0033090913654196478,0.8593426917676045,0.38090541573215897,1.272480937142171,0.0,0.0,0.0,0.0,0.0
RAFT-Stereo,dataset_7_keyframe_4,0.25,aligned_memory,1961,12632773,9304350,7179649,0.4247237466631131,0.43271422341955434,0.08444456347840006,0.009918012474988516,0.0031369201426438295,0.8487733752711356,0.3729453282273883,1.2588683625286452,0.5683351549180848,0.5315073202046506,0.519320425392424,0.2597052991342759,0.00196583222130192
RAFT-Stereo,dataset_7_keyframe_4,0.25,fixed_blend_50,1961,12632773,9304350,7179649,0.42423281782383443,0.43271422341955434,0.08494104992493194,0.009534644538470033,0.002957624586101961,0.8475508514162515,0.3728266266190435,1.2449429168584163,0.5683351549180848,0.5607024800237449,0.519320425392424,0.23781639770644913,0.000705019669943235
RAFT-Stereo,dataset_7_keyframe_4,0.25,oracle_raw_memory,1961,12632773,9304350,3885642,0.37734055559714497,0.43271422341955434,0.07235521446571831,0.008042098118310645,0.0025232781479341587,0.784557866666637,0.3281211185397249,1.1406579698015262,0.3075842493172323,0.982086357930041,0.2521289504371611,0.0,0.0
RAFT-Stereo,dataset_7_keyframe_4,0.25,learned_no_abstention,1961,12632773,9304350,1185210,0.4195648782876929,0.43271422341955434,0.08285678856323349,0.009292021641030396,0.002977335217824478,0.8391216591840556,0.3685337585979194,1.2300773246366665,0.0938202562493603,0.7350638283510939,0.06404885886708905,0.024936293239183824,0.00014967816668404099
RAFT-Stereo,dataset_7_keyframe_4,0.25,learned_calibrated,1961,12632773,9304350,942217,0.42086418340819254,0.43271422341955434,0.0833848594404747,0.009386458571442775,0.0030307676764547214,0.8426997520558757,0.36959579937774506,1.2336957523199836,0.07458512869660525,0.7665665128096818,0.04781935331323521,0.017297823061256296,0.00010069861585792728
RAFT-Stereo,dataset_7_keyframe_4,0.25,unwarped_previous_control,1961,12632773,9304350,7179649,0.4307815825344918,0.43271422341955434,0.0841604610043247,0.01022863309304516,0.003455694174326669,0.8319483374403438,0.38013595806760453,1.2557794789171384,0.5683351549180848,0.4721806038150333,0.519320425392424,0.25375431921628055,0.002727756482729783
RAFT-Stereo,dataset_7_keyframe_4,0.25,identity_no_flow_control,1961,12632773,9304350,7179649,0.4307815825344918,0.43271422341955434,0.0841604610043247,0.01022863309304516,0.003455694174326669,0.8319483374403438,0.38013595806760453,1.2557794789171384,0.5683351549180848,0.4721806038150333,0.519320425392424,0.25375431921628055,0.002727756482729783
RAFT-Stereo,dataset_7_keyframe_4,0.25,shuffled_memory_control,1961,12632773,9304350,7179649,0.4864621588797608,0.43271422341955434,0.10099659041851418,0.01743449366203191,0.006274394357843463,0.8717398409633792,0.4370989361579885,1.3653419679314212,0.5683351549180848,0.462746855730691,0.519320425392424,0.27183521686093065,0.010580648259629363
RAFT-Stereo,dataset_7_keyframe_4,0.5,raw,1913,3652263,2958311,0,0.3542341787471263,0.3542341787471263,0.06507472256289727,0.010291153773514675,0.0023599067277409445,0.5154949052924025,0.3048467454261318,0.8629452666207803,0.0,0.0,0.0,0.0,0.0
RAFT-Stereo,dataset_7_keyframe_4,0.5,aligned_memory,1913,3652263,2958311,1851771,0.3486042901399609,0.3542341787471263,0.0638615020302271,0.010018719938733212,0.002240802496974587,0.5059946662983289,0.29955194969924676,0.851028796504648,0.507020168043758,0.5316715727808676,0.4722941570375799,0.2221771139004655,0.0017122867192894708
RAFT-Stereo,dataset_7_keyframe_4,0.5,fixed_blend_50,1913,3652263,2958311,1851771,0.3476560045381039,0.3542341787471263,0.06376868288098017,0.009811177377261924,0.0021334717759609223,0.5061919502443692,0.29851704717232375,0.8480371510993777,0.507020168043758,0.5666764410934182,0.4722941570375799,0.20084433313468394,0.0006333107225479938
RAFT-Stereo,dataset_7_keyframe_4,0.5,oracle_raw_memory,1913,3652263,2958311,1009147,0.3125754814493926,0.3542341787471263,0.05685652993491875,0.00874553669866676,0.0018656925956213853,0.46185185688391056,0.2633427450665915,0.7952715956844866,0.27630731959883503,0.9756100944659202,0.2419099952641896,0.0,0.0
RAFT-Stereo,dataset_7_keyframe_4,0.5,learned_no_abstention,1913,3652263,2958311,143131,0.34915350257405464,0.3542341787471263,0.06315837630933063,0.009801594296768593,0.0022002796728665505,0.5048572990862672,0.30034806131074643,0.8491957046440389,0.0391896750042371,0.735549950744423,0.027034006904615507,0.010432304108662003,5.313782187444925e-05
RAFT-Stereo,dataset_7_keyframe_4,0.5,learned_calibrated,1913,3652263,2958311,88935,0.3505466504963946,0.3542341787471263,0.06377607555700592,0.009913579636804747,0.0022391596724224685,0.5085380216264668,0.3016345201708555,0.8528866997001451,0.02435065601792642,0.7796480575701354,0.015255326434577027,0.005395646367133138,1.4503252165049016e-05
RAFT-Stereo,dataset_7_keyframe_4,0.5,unwarped_previous_control,1913,3652263,2958311,1851771,0.35235193076903,0.3542341787471263,0.06381413406117019,0.010213393751238987,0.002334443061214152,0.5003390270996231,0.3031355216461569,0.8502129885973913,0.507020168043758,0.49497913078885025,0.4722941570375799,0.21846181824696592,0.002206483937618819
RAFT-Stereo,dataset_7_keyframe_4,0.5,identity_no_flow_control,1913,3652263,2958311,1851771,0.35235193076903,0.3542341787471263,0.06381413406117019,0.010213393751238987,0.002334443061214152,0.5003390270996231,0.3031355216461569,0.8502129885973913,0.507020168043758,0.49497913078885025,0.4722941570375799,0.21846181824696592,0.002206483937618819
RAFT-Stereo,dataset_7_keyframe_4,0.5,shuffled_memory_control,1913,3652263,2958311,1851771,0.4048750914956374,0.3542341787471263,0.0805391072178366,0.016752627237980145,0.004927356130042063,0.5345479078480834,0.35788145593955906,0.9422710453375064,0.507020168043758,0.4585129586757758,0.4722941570375799,0.23255093869441043,0.009495357329732492
RAFT-Stereo,dataset_7_keyframe_4,0.9,raw,812,22877,18687,0,0.29837912952360246,0.29837912952360246,0.033920531919231015,0.0006556803867909366,0.000174848100712506,0.30163974393520593,0.28691735145280883,0.718862631531183,0.0,0.0,0.0,0.0,0.0
RAFT-Stereo,dataset_7_keyframe_4,0.9,aligned_memory,812,22877,18687,10488,0.2924946643174041,0.29837912952360246,0.03230318695706713,0.0009179525417678552,0.00034969620403045175,0.30471979031111335,0.27978641817075933,0.704852775463252,0.45845172006819074,0.5527269260106789,0.4303526515759619,0.19917589768288116,0.0003059841801550451
RAFT-Stereo,dataset_7_keyframe_4,0.9,fixed_blend_50,812,22877,18687,10488,0.2932879556137016,0.29837912952360246,0.032696595139377796,0.0006119683616128101,0.0002622721523714789,0.29790725104896865,0.2813155973590868,0.7059144824811664,0.45845172006819074,0.5827612509534706,0.4303526515759619,0.18146304917857334,0.0
RAFT-Stereo,dataset_7_keyframe_4,0.9,oracle_raw_memory,812,22877,18687,5912,0.26377940754635637,0.29837912952360246,0.02732001605834513,0.0006119683616128101,0.000174848100712506,0.2635103079709076,0.2523216344680081,0.6647552331293921,0.25842549285308386,0.9805480378890392,0.22438058543372397,0.0,0.0
RAFT-Stereo,dataset_7_keyframe_4,0.9,learned_no_abstention,812,22877,18687,578,0.29576490957611706,0.29837912952360246,0.03300257931590965,0.0006556803867909366,0.000174848100712506,0.29765489105578785,0.28433244273390823,0.7133608411501872,0.02526555055295712,0.7422145328719724,0.02060255792797132,0.007331299834109274,0.0
RAFT-Stereo,dataset_7_keyframe_4,0.9,learned_calibrated,812,22877,18687,329,0.2969910708501669,0.29837912952360246,0.033570835730019004,0.0006556803867909366,0.000174848100712506,0.29782753018549385,0.28573265899191314,0.7156182700594607,0.01438125628360362,0.7264437689969605,0.013057205543961042,0.004602129822871515,0.0
RAFT-Stereo,dataset_7_keyframe_4,0.9,unwarped_previous_control,812,22877,18687,10488,0.28756362514601863,0.29837912952360246,0.030816978078233585,0.0009616645669459817,0.00034969620403045175,0.3130627647978731,0.27449110364469764,0.6942954236937814,0.45845172006819074,0.5432875667429443,0.4303526515759619,0.18906191470005887,0.0003496962053331716
RAFT-Stereo,dataset_7_keyframe_4,0.9,identity_no_flow_control,812,22877,18687,10488,0.28756362514601863,0.29837912952360246,0.030816978078233585,0.0009616645669459817,0.00034969620403045175,0.3130627647978731,0.27449110364469764,0.6942954236937814,0.45845172006819074,0.5432875667429443,0.4303526515759619,0.18906191470005887,0.0003496962053331716
RAFT-Stereo,dataset_7_keyframe_4,0.9,shuffled_memory_control,812,22877,18687,10488,0.3118279778553719,0.29837912952360246,0.04087074394201251,0.003540674136358747,0.0010053765808474395,0.34350952399933615,0.29976825066074203,0.7389640114104258,0.45845172006819074,0.5288901601830663,0.4303526515759619,0.17728902445550382,0.002972417801878143
StereoAnywhere,dataset_7_keyframe_4,0.05,raw,2058,19800036,13318467,0,0.4985682318733282,0.4985682318733282,0.12249694878071354,0.010815333818569013,0.002543530727105781,0.8583905707776384,0.43882390504244123,1.3680955440446403,0.0,0.0,0.0,0.0,0.0
StereoAnywhere,dataset_7_keyframe_4,0.05,aligned_memory,2058,19800036,13318467,11698958,0.4896510443691346,0.4985682318733282,0.11720054418031496,0.010729626888590282,0.002468985400569839,0.847693107829118,0.42986732122121013,1.3535116158641256,0.5908553903639367,0.5347806189234973,0.5308216028166004,0.2729449267697251,0.0013025794541993497
StereoAnywhere,dataset_7_keyframe_4,0.05,fixed_blend_50,2058,19800036,13318467,11698958,0.49051400890669145,0.4985682318733282,0.11810523960838033,0.010605182715441572,0.002453833923994451,0.8496513228906042,0.43075483979181295,1.3488039373253793,0.5908553903639367,0.5602328002203273,0.5308216028166004,0.2508976446012893,0.0005484654604995511
StereoAnywhere,dataset_7_keyframe_4,0.05,oracle_raw_memory,2058,19800036,13318467,6349366,0.4417660622073321,0.4985682318733282,0.10195390526832822,0.00947291205115963,0.002198935389761804,0.7914885255876811,0.3839773894143477,1.263290174098652,0.3206744674605642,0.9853544432625242,0.2509535068863406,0.0,0.0
StereoAnywhere,dataset_7_keyframe_4,0.05,learned_no_abstention,2058,19800036,13318467,2416948,0.48673205384508045,0.4985682318733282,0.11570014300478879,0.010891798351394099,0.002468177333126388,0.8424391400877751,0.4276572590259268,1.3530628233538486,0.12206785886651923,0.7072183596833693,0.08109214070958767,0.03554057685467855,0.0005099628005874116
StereoAnywhere,dataset_7_keyframe_4,0.05,learned_calibrated,2058,19800036,13318467,2047417,0.4873258651604127,0.4985682318733282,0.11602488982737737,0.010912252857650533,0.002492924765327879,0.8441745131594639,0.4280897138895799,1.3538381534587332,0.10340471098133357,0.7293570386491858,0.06518077493453263,0.02757584637931678,0.00046395546469709547
StereoAnywhere,dataset_7_keyframe_4,0.05,unwarped_previous_control,2058,19800036,13318467,11698958,0.5005520586208142,0.4985682318733282,0.11947579269244489,0.011567857724256935,0.0028230756676318617,0.8508508921862186,0.43960049232348,1.372414352756876,0.5908553903639367,0.4714370288362434,0.5308216028166004,0.26631398343367896,0.0024949462997073605
StereoAnywhere,dataset_7_keyframe_4,0.05,identity_no_flow_control,2058,19800036,13318467,11698958,0.5005520586208142,0.4985682318733282,0.11947579269244489,0.011567857724256935,0.0028230756676318617,0.8508508921862186,0.43960049232348,1.372414352756876,0.5908553903639367,0.4714370288362434,0.5308216028166004,0.26631398343367896,0.0024949462997073605
StereoAnywhere,dataset_7_keyframe_4,0.05,shuffled_memory_control,2058,19800036,13318467,11698958,0.5738127945402611,0.4985682318733282,0.13624727712724166,0.021009759811779875,0.0075366024509446105,0.9139063650993666,0.5135252814224084,1.5516166007750647,0.5908553903639367,0.46829025285841697,0.5308216028166004,0.2874650663623674,0.012527810427551123
StereoAnywhere,dataset_7_keyframe_4,0.25,raw,1961,12632773,9319282,0,0.4198229832050234,0.4198229832050234,0.08500801836178207,0.007618675637738871,0.0023066986122397166,0.8266084848006984,0.3698871806887306,1.1905022322577352,0.0,0.0,0.0,0.0,0.0
StereoAnywhere,dataset_7_keyframe_4,0.25,aligned_memory,1961,12632773,9319282,6999822,0.4121842870577845,0.4198229832050234,0.08150759916786723,0.007441596555192088,0.0022140032149444706,0.8160299785770688,0.36238740638183736,1.1739134979970514,0.5541001963701873,0.530935643792085,0.5065147722753749,0.2530168096640921,0.0007470934775196109
StereoAnywhere,dataset_7_keyframe_4,0.25,fixed_blend_50,1961,12632773,9319282,6999822,0.41296501824254783,0.4198229832050234,0.0820155637310525,0.007420698526934159,0.0022196235155576504,0.8183858239516859,0.3631298017470529,1.1715585322247921,0.5541001963701873,0.5586586344624191,0.5065147722753749,0.23243453733882075,0.00031473618972549674
StereoAnywhere,dataset_7_keyframe_4,0.25,oracle_raw_memory,1961,12632773,9319282,3782890,0.37236544012046535,0.4198229832050234,0.07155159052898635,0.006731142870334547,0.0019950489086810936,0.767476438986115,0.32413759312214285,1.1014989674329656,0.29945048486187476,0.9824380301832726,0.24641726690961815,0.0,0.0
StereoAnywhere,dataset_7_keyframe_4,0.25,learned_no_abstention,1961,12632773,9319282,1163941,0.40872999110393693,0.4198229832050234,0.08036414485339818,0.007333465097919162,0.0021637371351495203,0.8095589313088881,0.3595284126727246,1.1614213968319258,0.09213661956879934,0.739515147245436,0.06285731025201298,0.023916112850753953,0.00010165493801025707
StereoAnywhere,dataset_7_keyframe_4,0.25,learned_calibrated,1961,12632773,9319282,940094,0.40969054643215824,0.4198229832050234,0.08076912328717119,0.00738135641638338,0.0022022876489297336,0.8123364628693523,0.3602909138591887,1.1643924199876272,0.07441707374936603,0.7666009994745207,0.04823697791310532,0.01733685062862139,8.348990027770636e-05
StereoAnywhere,dataset_7_keyframe_4,0.25,unwarped_previous_control,1961,12632773,9319282,6999822,0.4170435684894029,0.4198229832050234,0.08037364397913896,0.007774144264019137,0.0024624047260092064,0.7937015975651852,0.36851308524608756,1.176791973823703,0.5541001963701873,0.4717561389418188,0.5065147722753749,0.24777230692235733,0.0014183529553735254
StereoAnywhere,dataset_7_keyframe_4,0.25,identity_no_flow_control,1961,12632773,9319282,6999822,0.4170435684894029,0.4198229832050234,0.08037364397913896,0.007774144264019137,0.0024624047260092064,0.7937015975651852,0.36851308524608756,1.176791973823703,0.5541001963701873,0.4717561389418188,0.5065147722753749,0.24777230692235733,0.0014183529553735254
StereoAnywhere,dataset_7_keyframe_4,0.25,shuffled_memory_control,1961,12632773,9319282,6999822,0.4782652866408933,0.4198229832050234,0.09864239616014164,0.015516229088679384,0.0058497845423275555,0.843844500805311,0.43066312118806616,1.2962409489992004,0.5541001963701873,0.4619247460864005,0.5065147722753749,0.26649617427608696,0.009623883318259772
StereoAnywhere,dataset_7_keyframe_4,0.5,raw,1913,3652263,2975761,0,0.34462430133774535,0.34462430133774535,0.061046808730631945,0.008953079267427612,0.0017088035672418896,0.4928252739604945,0.299839956397243,0.8258149191408765,0.0,0.0,0.0,0.0,0.0
StereoAnywhere,dataset_7_keyframe_4,0.5,aligned_memory,1913,3652263,2975761,1752925,0.3395876275536931,0.34462430133774535,0.060029631134057196,0.00870665672702698,0.0016395314383033264,0.4846078642241923,0.2953169280260828,0.8170440662580452,0.4799558520292761,0.5353788667512871,0.44600658453417463,0.2077868484733821,0.0010474991633171685
StereoAnywhere,dataset_7_keyframe_4,0.5,fixed_blend_50,1913,3652263,2975761,1752925,0.3396994588181652,0.34462430133774535,0.06007042771444012,0.008717061201102008,0.0016165320060972704,0.48599567352719747,0.29510905965266615,0.8151291110718225,0.4799558520292761,0.567650070596289,0.44600658453417463,0.1890531531262087,0.0004485558005097885
StereoAnywhere,dataset_7_keyframe_4,0.5,oracle_raw_memory,1913,3652263,2975761,961037,0.30884338803015793,0.34462430133774535,0.05449114725405623,0.007990662261652605,0.00141117986874067,0.45078300169977437,0.26409306515672604,0.772647392909471,0.26313466472704733,0.9765274385897733,0.23074870596126504,0.0,0.0
StereoAnywhere,dataset_7_keyframe_4,0.5,learned_no_abstention,1913,3652263,2975761,124815,0.34028308597603485,0.34462430133774535,0.059438764606030585,0.00852950625367936,0.001578199602189317,0.48473087088622413,0.2957708231553276,0.8159972660146422,0.03417470209565959,0.761831510635741,0.02180114599257131,0.00796300509348701,1.5020858699101881e-05
StereoAnywhere,dataset_7_keyframe_4,0.5,learned_calibrated,1913,3652263,2975761,77467,0.3415145527889616,0.34462430133774535,0.059903408077325436,0.008617396967428036,0.001623650876461673,0.48718506461759203,0.296981047434327,0.8190884306876218,0.021210684991743476,0.7988562871932565,0.011758000726536842,0.004156247763177218,5.146558850932414e-06
StereoAnywhere,dataset_7_keyframe_4,0.5,unwarped_previous_control,1913,3652263,2975761,1752925,0.3422329005730057,0.34462430133774535,0.05931281526433015,0.008891747425922485,0.0017101725732348826,0.4736545010070854,0.2981452439395832,0.8158004928918013,0.4799558520292761,0.49488654677182425,0.44600658453417463,0.20472947928277843,0.0015336703796911177
StereoAnywhere,dataset_7_keyframe_4,0.5,identity_no_flow_control,1913,3652263,2975761,1752925,0.3422329005730057,0.34462430133774535,0.05931281526433015,0.008891747425922485,0.0017101725732348826,0.4736545010070854,0.2981452439395832,0.8158004928918013,0.4799558520292761,0.49488654677182425,0.44600658453417463,0.20472947928277843,0.0015336703796911177
StereoAnywhere,dataset_7_keyframe_4,0.5,shuffled_memory_control,1913,3652263,2975761,1752925,0.40171475516356947,0.34462430133774535,0.07859373793836334,0.015689450895568547,0.004673540859152585,0.5241285355790406,0.3598187585042697,0.926439068390897,0.4799558520292761,0.45733787811800275,0.44600658453417463,0.2208708965538563,0.009031868045684541
StereoAnywhere,dataset_7_keyframe_4,0.9,raw,812,22877,18549,0,0.3047199938184925,0.3047199938184925,0.03470734837337362,0.0010053765999404275,0.00013113607683709939,0.31270017048309107,0.29128961671710024,0.7211459954592264,0.0,0.0,0.0,0.0,0.0
StereoAnywhere,dataset_7_keyframe_4,0.9,aligned_memory,812,22877,18549,9350,0.29831246499820735,0.3047199938184925,0.03300257939865271,0.0010490886127427152,0.00017484810136386594,0.3125451354151787,0.28477197365277124,0.7124146844295038,0.4087074354154828,0.5645989304812834,0.36465577659173,0.16496846191169334,0.0005026882915025346
StereoAnywhere,dataset_7_keyframe_4,0.9,fixed_blend_50,812,22877,18549,9350,0.29998925986356206,0.3047199938184925,0.033264851481003,0.0008305284894575224,0.00017484810201522587,0.3112107479281502,0.2866246794517703,0.712570600148764,0.4087074354154828,0.5916577540106952,0.36465577659173,0.15273060542347297,0.00019670411525564907
StereoAnywhere,dataset_7_keyframe_4,0.9,oracle_raw_memory,812,22877,18549,5391,0.272988443906378,0.3047199938184925,0.028194256601396357,0.0006119683616128101,8.7424050356253e-05,0.2867833030616501,0.25985848520882343,0.6743426654793906,0.23565152773527998,0.9792246336486737,0.1939727209013963,0.0,0.0
StereoAnywhere,dataset_7_keyframe_4,0.9,learned_no_abstention,812,22877,18549,488,0.30233612377420455,0.3047199938184925,0.03422651608908643,0.0007868164675361956,0.00013113607683709939,0.31046666163938835,0.28934165929130456,0.7186647363822246,0.021331468286925732,0.7418032786885246,0.018168095315111328,0.005930238826890938,0.0
StereoAnywhere,dataset_7_keyframe_4,0.9,learned_calibrated,812,22877,18549,322,0.3031264801940838,0.3047199938184925,0.034445076246242344,0.000830528494017042,0.00013113607683709939,0.31093595902031945,0.29022693286835755,0.7188738924209152,0.014075272107356734,0.7360248447204969,0.012399590274408324,0.004097255916761011,0.0
StereoAnywhere,dataset_7_keyframe_4,0.9,unwarped_previous_control,812,22877,18549,9350,0.2925129510504948,0.3047199938184925,0.031079250247031547,0.001223936715409301,0.00034969620793861135,0.31773665979783877,0.27897420399452943,0.6974592598932458,0.4087074354154828,0.5551871657754011,0.36465577659173,0.15553399105073049,0.0006775363941691204
StereoAnywhere,dataset_7_keyframe_4,0.9,identity_no_flow_control,812,22877,18549,9350,0.2925129510504948,0.3047199938184925,0.031079250247031547,0.001223936715409301,0.00034969620793861135,0.31773665979783877,0.27897420399452943,0.6974592598932458,0.4087074354154828,0.5551871657754011,0.36465577659173,0.15553399105073049,0.0006775363941691204
StereoAnywhere,dataset_7_keyframe_4,0.9,shuffled_memory_control,812,22877,18549,9350,0.3162991074948517,0.3047199938184925,0.04148271229442486,0.0034532500762320946,0.0014862088999009666,0.34450631668706977,0.3026113155789496,0.7382993693941643,0.4087074354154828,0.5337967914438503,0.36465577659173,0.15224540406490916,0.002906849754991914
