model,checkpoint,frame,runtime_ms,valid_px,valid_pixel_ratio,mae_px,rmse_px,bad1_pct,bad2_pct,bad5_pct,depth_mae_mm,depth_median_abs_error_mm,depth_rmse_mm,depth_bad1mm_pct,depth_bad2mm_pct,depth_bad5mm_pct,abs_depth_error_p50,abs_depth_error_p75,abs_depth_error_p90,abs_depth_error_p95,abs_depth_error_p99,pred_disp_le_0_1_ratio,pred_disp_le_0_5_ratio,excluded_pred_disp_le_0_1_ratio,valid_disp_valid_px,valid_disp_valid_pixel_ratio,valid_disp_mae_px,valid_disp_rmse_px,valid_disp_bad1_pct,valid_disp_bad2_pct,valid_disp_bad5_pct,valid_disp_depth_mae_mm,valid_disp_depth_median_abs_error_mm,valid_disp_depth_rmse_mm,valid_disp_depth_bad1mm_pct,valid_disp_depth_bad2mm_pct,valid_disp_depth_bad5mm_pct,valid_disp_abs_depth_error_p50,valid_disp_abs_depth_error_p75,valid_disp_abs_depth_error_p90,valid_disp_abs_depth_error_p95,valid_disp_abs_depth_error_p99,depth_mae_cap100_mm,depth_rmse_cap100_mm,depth_mae_cap200_mm,depth_rmse_cap200_mm
OpenCV SGBM,n/a,dataset_1_keyframe_1,652.063762769103,711538,0.5428604125976563,16.813261032104492,37.003761291503906,47.28405229235824,25.44670839786491,19.336985515882496,887487488.0,0.7087516784667969,2029755776.0,37.748932593902225,23.564307176847898,19.796834462811542,0.7087516784667969,1.7339982986450195,4642217472.0,4642217472.0,4642217472.0,0.1911774213042733,0.1911774213042733,0.1911774213042733,575508,0.4390777587890625,0.8809952139854431,1.1836110353469849,34.82384258776594,7.824912946475114,0.2710648679080047,0.7643864750862122,0.5510082244873047,1.2593623399734497,23.034953467197674,5.497577792141899,0.8396060523919737,0.5510082244873047,0.9577140808105469,1.5250554084777832,2.1029443740844727,4.621131420135498,9.068991661071777,19.62969970703125,28.182275772094727,63.13765335083008
OpenCV SGBM,n/a,dataset_1_keyframe_2,639.5594580098987,812104,0.619586181640625,11.548311233520508,26.784305572509766,39.21936106705545,21.62777181247722,17.633332676602997,798324992.0,1.0008201599121094,1925096832.0,50.03398579492282,26.239250145301586,18.272043974663344,1.0008201599121094,2.113250732421875,4642217472.0,4642217472.0,4642217472.0,0.17197058504822044,0.17197058504822044,0.17197058504822044,672446,0.5130355834960938,0.8370028138160706,1.7542221546173096,26.59603893844264,5.350912935759897,0.5268824559890312,1.048730731010437,0.8194503784179688,1.8639662265777588,39.65671592960624,10.920133363868622,1.2982455096766135,0.8194503784179688,1.2601070404052734,2.0665664672851562,2.4792251586914062,5.67088508605957,5.120195388793945,11.064532279968262,22.283992767333984,51.822322845458984
OpenCV SGBM,n/a,dataset_1_keyframe_3,641.9985871762037,850214,0.6486618041992187,14.345412254333496,31.922870635986328,37.93092092108575,20.98506964129031,18.746574391858992,870021952.0,0.8348236083984375,2009684224.0,43.939643430947974,26.64235121981054,19.33842538466786,0.8348236083984375,2.1899375915527344,4642217472.0,4642217472.0,4642217472.0,0.18741516841642222,0.18741516841642222,0.18741516841642222,690871,0.5270927429199219,0.684891402721405,0.8829542994499207,23.615262473023183,2.7612969715040867,0.006513516995213288,0.9102519750595093,0.6375961303710938,3.3575310707092285,31.009841200455657,9.723088680810166,0.7345799722379431,0.6375961303710938,1.1761360168457031,1.973114013671875,2.5906295776367188,4.482453346252441,7.886003494262695,17.232969284057617,26.349328994750977,59.48328399658203
OpenCV SGBM,n/a,dataset_1_keyframe_4,647.1525463275611,670652,0.5116668701171875,21.3272705078125,49.84312438964844,63.250389173520695,38.30764688691005,18.63291244937762,773991360.0,0.6316013336181641,1895530624.0,32.61438122901296,19.1264620101036,16.86001085510816,0.6316013336181641,1.3138999938964844,4642217472.0,4642217472.0,4642217472.0,0.16672879526192422,0.16672879526192422,0.16672879526192422,558835,0.4263572692871094,1.4990942478179932,2.0949387550354004,55.89717895264255,25.963656535471113,2.3522148755893957,0.6484103798866272,0.509674072265625,0.9112076759338379,19.13122835899684,2.944518507251693,0.22457433768464752,0.509674072265625,0.8823184967041016,1.313700795173645,1.6731235980987549,2.990689992904663,10.63723087310791,24.853368759155273,27.310110092163086,65.6076431274414
OpenCV SGBM,n/a,dataset_1_keyframe_5,643.0279430933297,661873,0.5049690246582031,22.794740676879883,44.26406478881836,60.90533984616384,38.11637580019128,26.32091050700059,1187254144.0,0.8167686462402344,2347656448.0,43.66668530065436,29.95015660103978,25.8951490693834,0.8167686462402344,4642217472.0,4642217472.0,4642217472.0,4642217472.0,0.2557514810243053,0.2557514810243053,0.2557514810243053,492598,0.37582244873046877,1.1970301866531372,1.6682336330413818,47.47096009322003,16.850860133415075,1.0020341130089852,0.7608510255813599,0.555084228515625,1.1360646486282349,24.308462478532192,5.878424191734437,0.42996520489323947,0.555084228515625,0.9793262481689453,1.5701205730438232,2.1620945930480957,3.77459716796875,11.608195304870605,22.80300521850586,37.17801284790039,72.69646453857422
OpenCV SGBM,n/a,dataset_2_keyframe_1,641.0289700143039,608423,0.4641899108886719,30.014131546020508,54.576744079589844,83.65692947176552,62.51571686145987,32.638641208501326,1301595008.0,1.1384544372558594,2458106624.0,55.10968520256466,33.09572452060491,28.316648121454975,1.1384544372558594,4642217472.0,4642217472.0,4642217472.0,4642217472.0,0.2803822340707041,0.2803822340707041,0.2803822340707041,437832,0.334039306640625,2.2470266819000244,3.0746872425079346,77.28923422682674,47.91084251493724,6.392863015951324,0.9663059115409851,0.8298492431640625,1.4165951013565063,37.61922381187305,7.028038151619799,0.38690639331981214,0.8298492431640625,1.2582283020019531,1.7968740463256836,2.2833824157714844,3.742898941040039,15.521462440490723,28.287912368774414,43.55914306640625,81.05022430419922
OpenCV SGBM,n/a,dataset_2_keyframe_2,644.4374951533973,887191,0.6768730163574219,12.518250465393066,25.77349853515625,54.91940292451118,27.686935507686623,21.408129703750376,965577280.0,1.5618820190429688,2117172864.0,66.54530985999632,40.70138222772774,23.07406184237667,1.5618820190429688,3.7733802795410156,4642217472.0,4642217472.0,4642217472.0,0.20799917943261373,0.20799917943261373,0.20799917943261373,702656,0.536083984375,1.0500152111053467,1.4456144571304321,43.080113170598416,8.6957202386374,0.76794334638856,1.5673192739486694,1.1485061645507812,3.7603750228881836,57.759273385554245,25.12808543583204,2.8713908370525547,1.1485061645507812,2.0049896240234375,2.7808799743652344,3.8325023651123047,8.168344497680664,4.98663330078125,9.082475662231445,25.523326873779297,53.43947219848633
OpenCV SGBM,n/a,dataset_2_keyframe_3,645.2558767050505,496833,0.37905349731445315,28.606088638305664,55.11418914794922,74.38475302566457,53.937641018209334,32.769361133419075,1132661248.0,1.1820144653320312,2293046016.0,55.3864175688813,36.51146361050897,25.48542467992263,1.1820144653320312,13.161392211914062,4642217472.0,4642217472.0,4642217472.0,0.2439914417923125,0.2439914417923125,0.2439914417923125,375610,0.28656768798828125,2.361868381500244,3.7867047786712646,66.11778174170017,39.071643459971774,11.071590213253108,1.222548007965088,0.8035831451416016,2.548034906387329,40.9879928649397,16.021405180905727,1.436862703335907,0.8035831451416016,1.481801986694336,2.4843292236328125,3.318263530731201,6.854389190673828,14.723581314086914,28.287939071655273,39.12360382080078,77.46159362792969
OpenCV SGBM,n/a,dataset_2_keyframe_4,642.0826227404177,635765,0.4850502014160156,26.45775032043457,56.19273376464844,67.75223549582,38.544588016012206,21.561897871068712,977642944.0,0.47248077392578125,2130359424.0,24.313700817125824,21.30708673802427,21.1917925648628,0.47248077392578125,0.9532394409179688,4642217472.0,4642217472.0,4642217472.0,0.2105982556447744,0.2105982556447744,0.2105982556447744,501874,0.38289947509765626,1.437574863433838,2.7468230724334717,59.14910913894723,22.14938410836186,0.6360162112402714,0.4414975047111511,0.37032318115234375,1.2255489826202393,4.121950927922148,0.31322602884389306,0.16717343396948237,0.37032318115234375,0.5842781066894531,0.8058586120605469,0.9526749849319458,1.384552001953125,13.078753471374512,27.872615814208984,34.13850784301758,73.681396484375
OpenCV SGBM,n/a,dataset_2_keyframe_5,644.7096220217645,759702,0.5796066284179687,11.613751411437988,28.377939224243164,44.968026936877884,27.51197179946874,16.944933671360612,704317184.0,1.4304122924804688,1808202112.0,62.001153083709134,32.69703120434065,16.417095124140783,1.4304122924804688,2.40616512298584,4642217472.0,4642217472.0,4642217472.0,0.15172001653279837,0.15172001653279837,0.15172001653279837,644440,0.491668701171875,1.2594727277755737,2.9765968322753906,35.12522500155173,14.547048600335174,2.0900316553907268,1.523854374885559,1.1560249328613281,3.1203975677490234,55.20482899882067,20.659487306809012,1.4677859847309291,1.1560249328613281,1.8687744140625,2.5339365005493164,3.3390588760375977,6.426328659057617,5.768624305725098,14.164291381835938,20.422569274902344,50.0883903503418
OpenCV SGBM,n/a,dataset_3_keyframe_1,642.0433837920427,759440,0.57940673828125,13.137406349182129,32.275264739990234,44.456178236595385,24.797350679448012,19.7961655957021,868771456.0,1.1532840728759766,2008239488.0,54.853049615506166,35.40398188138629,22.216764984725586,1.1532840728759766,3.7334060668945312,4642217472.0,4642217472.0,4642217472.0,0.18714579163594228,0.18714579163594228,0.18714579163594228,617314,0.47097320556640626,0.9347084760665894,1.4932215213775635,31.668162393854665,7.483225716572117,1.330603226234947,1.5343066453933716,0.8823738098144531,3.2821171283721924,44.45873574874375,20.53185250941984,4.308504262012526,0.8823738098144531,1.6871929168701172,3.3009042739868164,4.607243537902832,10.071779251098633,9.677862167358398,19.569236755371094,23.151872634887695,52.01325988769531
OpenCV SGBM,n/a,dataset_3_keyframe_2,642.9693452082574,733774,0.5598251342773437,23.0816593170166,50.26884841918945,61.55750953290795,33.757805536854676,20.87481976739432,924060736.0,0.8759422302246094,2071156736.0,45.998495449552586,30.977249125752614,22.11144030723356,0.8759422302246094,3.3383255004882812,4642217472.0,4642217472.0,4642217472.0,0.199055840081551,0.199055840081551,0.199055840081551,587712,0.448388671875,1.3360079526901245,2.4338834285736084,52.00353234237177,17.294865512359795,1.2101165196558858,1.2724112272262573,0.6335201263427734,3.530182361602783,32.577691114015025,13.823267178481977,2.7540700206904063,0.6335201263427734,1.2627639770507812,2.4997482299804688,3.726322889328003,9.97059154510498,13.507699966430664,26.34974479675293,31.89841651916504,69.66075134277344
OpenCV SGBM,n/a,dataset_3_keyframe_3,646.3567591272295,653728,0.4987548828125,14.817015647888184,34.48643493652344,47.16564075578834,25.92469650986343,18.798338146752165,851902976.0,1.1454906463623047,1988647424.0,54.38898135004161,33.610308874638996,20.475488276469726,1.1454906463623047,3.192249298095703,4642217472.0,4642217472.0,4642217472.0,0.1835121028929463,0.1835121028929463,0.1835121028929463,533761,0.4072273254394531,0.9415185451507568,1.4102389812469482,35.29070126891998,9.275687058440013,0.5476233745065675,1.3273693323135376,0.8596038818359375,2.3181278705596924,44.1375447063386,18.688701497486704,2.601726240770682,0.8596038818359375,1.6419906616210938,2.867889404296875,3.812896728515625,7.705443382263184,10.365659713745117,18.653305053710938,25.6849422454834,57.96482849121094
OpenCV SGBM,n/a,dataset_3_keyframe_4,642.1381956897676,672805,0.5133094787597656,13.058676719665527,29.726285934448242,52.386204026426675,28.81741366369156,19.92092805493419,882021632.0,0.5408859252929688,2023496192.0,32.73756883495218,24.34657887500836,20.70347277442944,0.5408859252929688,1.80181884765625,4642217472.0,4642217472.0,4642217472.0,0.19000007431573784,0.19000007431573784,0.19000007431573784,544972,0.4157806396484375,1.0710780620574951,1.5942702293395996,41.21753044193096,12.120439215225737,1.1373061368290482,0.8169887065887451,0.4021167755126953,2.10726261138916,16.959953905888742,6.600706091322123,2.1030438261048277,0.4021167755126953,0.7667007446289062,1.4284286499023438,2.5332512855529785,8.841222763061523,7.425365447998047,16.699756622314453,22.884042739868164,52.89065170288086
OpenCV SGBM,n/a,dataset_3_keyframe_5,641.3084473460913,657413,0.5015663146972656,21.747461318969727,53.76343536376953,55.10919315559626,37.26074780997637,29.664761725125604,1126156800.0,1.4307785034179688,2286452736.0,62.011551338352,40.85285809681281,27.619776305001576,1.4307785034179688,14.501529693603516,4642217472.0,4642217472.0,4642217472.0,0.24259027430245522,0.24259027430245522,0.24259027430245522,497931,0.37989120483398436,3.3650591373443604,14.883346557617188,40.73114547999622,17.16603304473913,7.137133458250239,1.748198390007019,0.9963302612304688,6.670409679412842,49.844255529380575,21.908658026915376,4.437160972102561,0.9963302612304688,1.8176841735839844,3.2190322875976562,4.695808410644531,13.667511940002441,9.974479675292969,20.79581069946289,29.163305282592773,59.87834167480469
OpenCV SGBM,n/a,dataset_4_keyframe_1,609.9827527068555,711639,0.5429374694824218,73.09984588623047,80.07584381103516,98.73770268352354,97.36804756344158,93.34859387976206,4078974208.0,5107348992.0,4564289536.0,98.09763096176573,96.02691814248516,90.96367680804453,5107348992.0,5107348992.0,5107348992.0,5107348992.0,5107348992.0,0.7986479099655864,0.7986479099655864,0.7986479099655864,143290,0.10932159423828125,19.196502685546875,33.99976348876953,93.73159327238467,86.93069997906345,66.96978156186753,82.50729370117188,5.847631454467773,569.511962890625,90.55202735710796,80.26798799637099,55.121781003559214,5.847631454467773,15.004559516906738,36.63172149658203,92.48609924316406,2657.40380859375,33.89982986450195,43.26706314086914,114.81575012207031,127.87630462646484
OpenCV SGBM,n/a,dataset_4_keyframe_2,607.2345632128417,803883,0.6133140563964844,79.11051940917969,86.12013244628906,97.74855296106523,96.05129104608507,93.15037138489059,4141138432.0,5107348992.0,4598938624.0,96.88511885436066,94.84303064003095,90.99172392002318,5107348992.0,5107348992.0,5107348992.0,5107348992.0,5107348992.0,0.8108194849250451,0.8108194849250451,0.8108194849250451,152079,0.11602706909179687,19.219886779785156,32.871673583984375,88.09894857278125,79.12729568184956,63.79316013387779,24.989110946655273,5.398952484130859,217.4668731689453,83.53487332241795,72.7404835644632,52.382643231478376,5.398952484130859,14.50350570678711,29.889995574951172,38.28915786743164,270.33270263671875,37.53962707519531,40.760414123535156,119.08479309082031,130.24273681640625
OpenCV SGBM,n/a,dataset_4_keyframe_3,598.4367169439793,699779,0.5338890075683593,100.01647186279297,105.49427032470703,99.38995025572359,98.75660744320707,97.02377464885342,4417989632.0,5107348992.0,4750180864.0,98.17013657168906,96.90659479635714,94.81593474511239,5107348992.0,5107348992.0,5107348992.0,5107348992.0,5107348992.0,0.8650259581953731,0.8650259581953731,0.8650259581953731,94452,0.0720611572265625,32.91887283325195,47.221839904785156,95.48024393342651,90.78791343751324,77.95176385889128,108.65872955322266,9.971418380737305,550.4846801757812,86.44284927794011,77.0814805403803,61.59213145301317,9.971418380737305,33.24303436279297,106.79569244384766,308.4198303222656,2664.14990234375,47.78068923950195,50.29703140258789,135.83692932128906,143.33444213867188
OpenCV SGBM,n/a,dataset_4_keyframe_4,617.7165610715747,622708,0.4750885009765625,104.50701904296875,114.75957489013672,98.47279945014357,96.98976085099275,93.34744374570425,4116000768.0,5107348992.0,4584960000.0,95.08646107003604,91.75986176506484,86.5211302889958,5107348992.0,5107348992.0,5107348992.0,5107348992.0,5107348992.0,0.8058977883695086,0.8058977883695086,0.8058977883695086,120869,0.09221572875976562,18.532052993774414,33.0312385559082,92.13197759557869,84.49147424070688,65.72653037586147,15.343194007873535,2.5924415588378906,169.93321228027344,74.68581687612208,57.54742738005609,30.557876709495403,2.5924415588378906,6.497287750244141,16.45806884765625,24.863956451416016,187.0731964111328,48.19859313964844,54.36835861206055,129.10745239257812,143.0729217529297
OpenCV SGBM,n/a,dataset_4_keyframe_5,612.3783569782972,704671,0.5376213073730469,103.05209350585938,110.47293090820312,99.08013810700312,98.11372966959048,95.25423921234164,4294742272.0,5107348992.0,4683454464.0,96.69178950176749,94.29081088905319,90.89050067336389,5107348992.0,5107348992.0,5107348992.0,5107348992.0,5107348992.0,0.840894545113961,0.840894545113961,0.840894545113961,112117,0.08553848266601563,23.3939208984375,40.39265060424805,94.2185395613511,88.14452759171223,70.17223079461634,45.52144241333008,3.6184120178222656,345.0140380859375,79.20743509012907,64.11694925836403,42.74552476430871,3.6184120178222656,10.424530029296875,28.00408363342285,72.08985137939453,990.064697265625,48.6587028503418,52.07134246826172,133.38760375976562,143.79595947265625
OpenCV SGBM,n/a,dataset_5_keyframe_1,603.1785719096661,668804,0.5102569580078125,82.11685943603516,89.16063690185547,99.35272516312702,98.74447521246883,97.34645725803075,4234354176.0,5107348992.0,4650411520.0,98.88323036345477,97.99462921872477,95.24195429453172,5107348992.0,5107348992.0,5107348992.0,5107348992.0,5107348992.0,0.8290709983791963,0.8290709983791963,0.8290709983791963,114318,0.08721771240234374,29.282493591308594,42.68067169189453,96.21319477247677,92.65470004723666,84.47576059763117,207.55523681640625,12.780588150024414,938.3574829101562,93.46647072202103,88.26781434244826,72.16361377910741,12.780588150024414,30.73996925354004,172.05258178710938,816.5638427734375,5772.18310546875,37.94026565551758,40.9398193359375,123.28131103515625,131.833984375
OpenCV SGBM,n/a,dataset_5_keyframe_2,613.5937096551061,510158,0.38921966552734377,107.39374542236328,120.70449829101562,99.31315396406603,98.60690217540449,96.4601162777022,4069265920.0,5107348992.0,4558855168.0,98.17781942065007,96.61810654738336,91.37972941716096,5107348992.0,5107348992.0,5107348992.0,5107348992.0,5107348992.0,0.7967472822145296,0.7967472822145296,0.7967472822145296,103691,0.07910995483398438,24.18600845336914,38.62853240966797,96.62072889643267,93.14598181134332,82.58479520884165,20.185482025146484,6.039833068847656,189.15005493164062,91.03490177546749,83.36114031111669,57.58841172329324,6.039833068847656,12.136594772338867,21.520320892333984,31.486148834228516,166.76055908203125,47.75910568237305,53.003021240234375,127.7309341430664,141.37413024902344
OpenCV SGBM,n/a,dataset_5_keyframe_3,614.053025841713,628468,0.4794830322265625,104.98788452148438,114.44775390625,99.45534219721608,98.9189584831686,97.8156405735853,4248823040.0,5107348992.0,4658350080.0,98.60024694972537,97.39413939930117,94.72192697161988,5107348992.0,5107348992.0,5107348992.0,5107348992.0,5107348992.0,0.8319039314650866,0.8319039314650866,0.8319039314650866,105643,0.08059921264648437,36.496700286865234,51.28861618041992,96.75984210974697,93.56890660053197,87.00623799021233,73.6396484375,9.922622680664062,440.5196533203125,91.67289834631731,84.49778972577454,68.60085381899415,9.922622680664062,21.4891357421875,56.06999206542969,116.53079223632812,2279.966796875,48.029605865478516,51.33141326904297,132.26683044433594,142.2308807373047
OpenCV SGBM,n/a,dataset_5_keyframe_4,612.8818592987955,753032,0.574517822265625,98.1699447631836,106.81200408935547,99.33097132658372,98.78902888589064,97.54047636753816,4221488384.0,5107348992.0,4643340288.0,98.17696990300546,96.91540332947338,92.14402575189368,5107348992.0,5107348992.0,5107348992.0,5107348992.0,5107348992.0,0.8265518596819259,0.8265518596819259,0.8265518596819259,130612,0.0996490478515625,25.334884643554688,38.43375015258789,96.14277401770129,93.0182525342235,85.81983278718648,69.77592468261719,5.569073677062988,465.6331787109375,89.48948029277555,82.21602915505467,54.70707132575874,5.569073677062988,11.209376335144043,27.716022491455078,107.94844055175781,2224.670654296875,46.05585861206055,52.387451171875,129.61163330078125,141.5021514892578
OpenCV SGBM,n/a,dataset_5_keyframe_5,622.1114778891206,716589,0.5467140197753906,143.46144104003906,151.64276123046875,99.47682702357976,98.95379359716657,97.47847092266278,4376629248.0,5107348992.0,4727892992.0,97.2441664608304,95.33205226426864,91.451445668298,5107348992.0,5107348992.0,5107348992.0,5107348992.0,5107348992.0,0.8569277507748514,0.8569277507748514,0.8569277507748514,102524,0.0782196044921875,32.213623046875,47.254180908203125,96.34329522843433,92.68756583824276,82.37583395107487,34.12581253051758,3.572628974914551,307.0105895996094,80.73816862393195,67.37349303577699,40.25008778432367,3.572628974914551,8.0943603515625,16.138866424560547,34.49424743652344,558.5789794921875,59.634586334228516,63.51270294189453,145.75875854492188,156.19253540039062
OpenCV SGBM,n/a,dataset_6_keyframe_1,643.0323491804302,828409,0.6320259094238281,13.250405311584473,25.678245544433594,49.83516596270683,31.440025398082348,24.91112481877913,1239368192.0,1.9824066162109375,2530742272.0,71.87741803867414,49.74632095981574,30.357589065304698,1.9824066162109375,11.855842590332031,5167678976.0,5167678976.0,5167678976.0,0.23983080821188568,0.23983080821188568,0.23983080821188568,629731,0.48044662475585936,0.971291184425354,1.475317120552063,34.00833054113582,9.809585362638968,1.2208387390806552,2.1617608070373535,1.3489532470703125,20.59027671813965,63.004838573930776,33.89145524041218,8.385644028958396,1.3489532470703125,2.6024627685546875,4.623710632324219,6.6028594970703125,13.381576538085938,5.555270195007324,20.08977699279785,25.703310012817383,52.45058059692383
OpenCV SGBM,n/a,dataset_6_keyframe_2,641.868753824383,791544,0.603900146484375,15.739706039428711,32.19256591796875,56.865695400382045,32.17054263565892,22.076473323024366,1108204672.0,0.9312992095947266,2393083136.0,47.292127790748204,27.554122070282887,21.95013795821837,0.9312992095947266,2.3781375885009766,5167678976.0,5167678976.0,5167678976.0,0.21444922834359176,0.21444922834359176,0.21444922834359176,621798,0.47439422607421877,1.1067562103271484,1.6827603578567505,45.090366968050716,13.653630278643547,0.8039588419390221,0.8868164420127869,0.6946678161621094,1.3184999227523804,32.90329013602488,7.77696293651636,0.6431349087645828,0.6946678161621094,1.1879501342773438,1.8180935382843018,2.306208610534668,4.147840976715088,6.123912811279297,11.877608299255371,27.567047119140625,58.05743408203125
OpenCV SGBM,n/a,dataset_6_keyframe_3,641.6707881726325,873766,0.6666305541992188,14.720789909362793,31.5053653717041,45.80322420419197,25.828196565213112,20.453874378266036,1045363328.0,1.0474166870117188,2324241920.0,51.61999894708652,29.853187237773042,20.821364072303112,1.0474166870117188,2.541370391845703,5167678976.0,5167678976.0,5167678976.0,0.20228871345417423,0.20228871345417423,0.20228871345417423,697013,0.5317787170410156,0.8701598048210144,1.2606279850006104,32.0598037626271,7.01952474344094,0.2824911443545529,1.0705052614212036,0.7914047241210938,3.107879877090454,39.35148985743451,12.064911271382313,0.7427408097123009,0.7914047241210938,1.4141159057617188,2.1276321411132812,2.7168054580688477,4.497293472290039,5.738882541656494,14.610498428344727,25.98295021057129,56.671016693115234
OpenCV SGBM,n/a,dataset_6_keyframe_4,641.6512890718877,873574,0.6664840698242187,16.208328247070312,29.948074340820312,49.588128767568634,35.31091813629985,29.686780971045383,1343304832.0,1.4976806640625,2634723840.0,61.07301728302353,42.18852667318396,32.28346997506794,1.4976806640625,5167678976.0,5167678976.0,5167678976.0,5167678976.0,0.25994363385357167,0.25994363385357167,0.25994363385357167,646494,0.49323577880859376,1.5111843347549438,3.9345264434814453,31.88103833910291,12.588979944129411,4.989373451261728,2.232417583465576,0.929656982421875,11.71854019165039,47.39997586984566,21.88233765510585,8.49814538108629,0.929656982421875,1.7952194213867188,4.302165508270264,8.884231567382812,26.52199363708496,4.359559059143066,8.007262229919434,30.216739654541016,56.48433303833008
OpenCV SGBM,n/a,dataset_6_keyframe_5,641.2665746174753,879832,0.671258544921875,13.336503982543945,26.199312210083008,52.38250029551096,33.175197083079496,26.151810800243684,1230852992.0,1.9887886047363281,2522033664.0,70.17214650069559,49.83974213258895,28.902335900490094,1.9887886047363281,30.195388793945312,5167678976.0,5167678976.0,5167678976.0,0.23818297129451987,0.23818297129451987,0.23818297129451987,670271,0.5113761901855469,1.5809648036956787,4.826803207397461,37.49483417901118,12.282345499059335,3.0630894071204033,2.4692914485931396,1.3454513549804688,6.094624996185303,60.84643375589873,34.1570797483406,6.673569347323695,1.3454513549804688,2.5078201293945312,4.0955963134765625,5.811824798583984,41.50327682495117,6.908720016479492,10.902302742004395,24.28006935119629,46.85857009887695
OpenCV SGBM,n/a,dataset_7_keyframe_1,639.3989189527929,613827,0.46831283569335935,18.843055725097656,38.157527923583984,64.79105676355064,43.22683752914095,29.7473066515484,1354717568.0,1.7489700317382812,2645892352.0,61.450701907866545,47.70692719609922,34.458243120618675,1.7489700317382812,5167678976.0,5167678976.0,5167678976.0,5167678976.0,0.26215203958118494,0.26215203958118494,0.26215203958118494,452911,0.34554367065429686,1.5666559934616089,2.5698540210723877,52.281574084091574,23.055743843713223,4.787254007961829,2.216630220413208,0.9321823120117188,4.40197229385376,47.7544153266315,29.12757694116504,11.17173131144971,0.9321823120117188,2.3859596252441406,5.358985900878906,9.03634262084961,19.456214904785156,13.478501319885254,21.758953094482422,30.03253746032715,58.22604751586914
OpenCV SGBM,n/a,dataset_7_keyframe_2,642.0928277075291,521037,0.3975196838378906,25.41990089416504,54.31964111328125,64.53226930141237,40.3779386108856,23.743035523388933,1123657216.0,1.5678024291992188,2409709568.0,62.307859134763945,42.666835560622374,24.744307985805232,1.5678024291992188,4.839118957519531,5167678976.0,5167678976.0,5167678976.0,0.2174394524765036,0.2174394524765036,0.2174394524765036,407743,0.3110832214355469,1.5422018766403198,2.768798828125,54.67733351645522,23.811567580559323,2.5545502927088877,1.626521348953247,1.0600357055664062,3.9958207607269287,51.83485676026321,26.73644918490324,3.834032711781686,1.0600357055664062,2.098482131958008,3.33162522315979,4.5335588455200195,10.416956901550293,11.95036792755127,24.513002395629883,33.59935760498047,69.92648315429688
OpenCV SGBM,n/a,dataset_7_keyframe_3,638.7128452770412,528555,0.4032554626464844,31.449474334716797,65.16104888916016,63.94131168941737,40.49020442527268,26.018862748436778,1252510848.0,0.6422080993652344,2544125696.0,35.292448278797856,25.94753620720644,25.06229247665806,0.6422080993652344,5.585060119628906,5167678976.0,5167678976.0,5167678976.0,0.24237401973304576,0.24237401973304576,0.24237401973304576,400447,0.30551681518554685,1.681376576423645,5.997396945953369,52.40568664517402,21.452277080362695,2.351372341408476,0.8607094883918762,0.4601860046386719,27.869525909423828,14.591693782198393,2.25722754821487,1.0887832846793708,0.4601860046386719,0.7751789093017578,1.130152702331543,1.4194872379302979,5.597683429718018,13.945221900939941,27.736711502075195,38.193565368652344,76.69693756103516
OpenCV SGBM,n/a,dataset_7_keyframe_4,639.6647049114108,720083,0.5493797302246094,20.86966323852539,43.40713119506836,52.55269184246816,31.08266685923706,23.257318947954612,1132445184.0,0.6448020935058594,2419114240.0,36.46815714299601,25.89243184466235,22.97985093385068,0.6448020935058594,2.3316173553466797,5167678976.0,5167678976.0,5167678976.0,0.21914001580373374,0.21914001580373374,0.21914001580373374,562284,0.4289886474609375,1.1187880039215088,2.2026491165161133,39.237111495258624,11.741753277703083,1.7203050415804115,0.7674736976623535,0.46034812927246094,2.3587772846221924,18.63862389824359,5.094934232523066,1.3649685923839199,0.46034812927246094,0.8392333984375,1.3798298835754395,2.0258865356445312,6.143571853637695,9.708970069885254,20.15448760986328,31.609033584594727,66.47189331054688
OpenCV SGBM,n/a,dataset_7_keyframe_5,643.3902243152261,793976,0.605755615234375,10.574312210083008,23.87187385559082,38.74033975838061,22.033411589267182,17.9759841607303,912708672.0,0.907806396484375,2171770368.0,46.560979173174,26.947414027628042,18.646785293258233,0.907806396484375,2.2773971557617188,5167678976.0,5167678976.0,5167678976.0,0.1766186887261076,0.1766186887261076,0.1766186887261076,653745,0.4987678527832031,0.7656614780426025,1.2990853786468506,25.600807654360647,5.310786315765322,0.38409471582956656,1.0149729251861572,0.7049636840820312,1.8525066375732422,35.098088704311316,11.277332905031779,1.1961850568646797,0.7049636840820312,1.26580810546875,2.134848117828369,3.0036678314208984,5.3602447509765625,2.8435449600219727,158.90420532226562,20.28325080871582,164.8754119873047
OpenCV SGBM,n/a,dataset_8_keyframe_0,642.15142512694,793449,0.6053535461425781,9.314993858337402,20.24862289428711,43.63872158134927,23.057814679960526,18.491295596818446,892880896.0,2.3351211547851562,2078605696.0,73.18592625360924,55.65222213399979,25.00967295944667,2.3351211547851562,5.002174377441406,4838945280.0,4838945280.0,4838945280.0,0.18451973598807234,0.18451973598807234,0.18451973598807234,647042,0.49365386962890623,0.7931568622589111,1.0549724102020264,30.885784848587882,5.648010484636237,0.04821943552350543,2.1685681343078613,1.7813644409179688,2.9412038326263428,67.11867235820858,45.61759514838295,8.04151817038152,1.7813644409179688,3.0411205291748047,4.6129655838012695,5.702765941619873,8.624366760253906,13.1233491897583,15.745609283447266,19.5931453704834,41.667999267578125
OpenCV SGBM,n/a,dataset_8_keyframe_1,642.2738083638251,852680,0.650543212890625,14.3379545211792,32.014625549316406,46.698878829103535,23.97699019561852,18.817141248768586,888169088.0,1.1084232330322266,2073113856.0,53.79087113571328,29.448444903128955,19.139888352019515,1.1084232330322266,2.460023880004883,4838945280.0,4838945280.0,4838945280.0,0.18354599615330489,0.18354599615330489,0.18354599615330489,696174,0.5311386108398437,0.8944738507270813,1.4660027027130127,34.716320919770055,6.8863531243625875,0.5665250354078147,1.102798581123352,0.8639144897460938,1.6532413959503174,43.4026550833556,13.587838672515778,0.9618285083901439,0.8639144897460938,1.4940471649169922,2.268740653991699,2.856257915496826,4.910869598388672,7.107179164886475,14.935916900634766,25.461580276489258,57.44440841674805
OpenCV SGBM,n/a,dataset_8_keyframe_2,642.3479681834579,730550,0.5573654174804688,16.184171676635742,37.00300216674805,43.84080487304086,23.034015467798234,18.41749366915338,856431360.0,0.5507545471191406,2035736832.0,28.765861337348575,19.348436109780305,18.199986311682977,0.5507545471191406,1.1676082611083984,4838945280.0,4838945280.0,4838945280.0,0.17698720142358498,0.17698720142358498,0.17698720142358498,601252,0.4587188720703125,0.8748483657836914,1.3460781574249268,31.76388602449555,6.482805878400405,0.8735106078649219,0.5752854943275452,0.42957305908203125,0.91890949010849,13.447107036650191,2.0044839767684763,0.609062423077179,0.42957305908203125,0.7502937316894531,1.1167330741882324,1.45638108253479,3.0208282470703125,8.242362976074219,18.964481353759766,25.9407901763916,60.67789840698242
OpenCV SGBM,n/a,dataset_8_keyframe_3,641.6098866611719,855406,0.6526229858398438,18.219270706176758,38.33404541015625,46.028552523596986,26.372973769180952,21.171700923304257,1015469888.0,0.6615009307861328,2216709888.0,36.23121652174523,22.944309485788036,21.091154375816863,0.6615009307861328,1.6320371627807617,4838945280.0,4838945280.0,4838945280.0,0.20985356661047502,0.20985356661047502,0.20985356661047502,675896,0.515667724609375,0.8595997095108032,1.3784871101379395,31.694373098819938,6.818504622012854,0.2358350988909536,0.6501688957214355,0.488189697265625,1.3992618322372437,19.294980292826118,2.479227573472842,0.13389633908175222,0.488189697265625,0.8730630874633789,1.3147411346435547,1.6384191513061523,2.5351970195770264,9.332716941833496,19.31743049621582,30.318410873413086,65.0813980102539
OpenCV SGBM,n/a,dataset_8_keyframe_4,639.8327457718551,742705,0.5666389465332031,18.960521697998047,43.873077392578125,44.51403989470921,26.042372139678605,21.229559515554627,923751936.0,0.52923583984375,2114234240.0,29.194767774553824,21.9649793659663,20.298907372375304,0.52923583984375,1.2760543823242188,4838945280.0,4838945280.0,4838945280.0,0.19089948229781675,0.19089948229781675,0.19089948229781675,600923,0.4584678649902344,1.0848541259765625,2.561825752258301,31.422661472434903,8.592781437888048,2.6444319821341504,0.6533128619194031,0.4081459045410156,8.523144721984863,12.488954491673642,3.5533670703234854,1.4942014201486713,0.4081459045410156,0.6931915283203125,1.0977563858032227,1.5543389320373535,6.568807601928711,9.03015422821045,21.660781860351562,28.119770050048828,63.86214065551758
OpenCV SGBM,n/a,dataset_9_keyframe_0,641.7442969977856,831443,0.6343406677246094,12.712057113647461,29.007633209228516,61.29848949356721,30.445743123701806,20.28064461424295,780673920.0,2.5494842529296875,1892603904.0,76.0481476180568,58.022137416515626,26.74687260581904,2.5494842529296875,5.435703277587891,4588280320.0,4588280320.0,4588280320.0,0.17014515727476207,0.17014515727476207,0.17014515727476207,689977,0.5264106750488281,1.5219275951385498,3.2291789054870605,53.36351791436527,16.185032254698346,3.9357833666919335,2.7663660049438477,1.9600677490234375,4.749337196350098,71.13729877952454,49.41541529645191,11.727782230422173,1.9600677490234375,3.1553497314453125,5.36496114730835,7.9052276611328125,17.39429473876953,10.113731384277344,17.476802825927734,23.765485763549805,52.89189529418945
OpenCV SGBM,n/a,dataset_9_keyframe_1,642.4623290076852,743370,0.5671463012695312,16.707258224487305,48.98735809326172,30.10129545179386,14.978812704306065,11.818744366869796,506570720.0,0.3859825134277344,1524561408.0,19.621722695293055,12.784885050513203,11.533287595679138,0.3859825134277344,0.7986974716186523,4588280320.0,4588280320.0,4588280320.0,0.11040531632968777,0.11040531632968777,0.11040531632968777,661298,0.5045303344726563,0.8398906588554382,2.410043954849243,21.426346367295835,4.42705104204156,0.874794721895424,0.5244895219802856,0.34214210510253906,1.1285393238067627,9.646180693121709,1.9608406497524564,0.5539106424032736,0.34214210510253906,0.6041402816772461,0.9861576557159424,1.3090667724609375,2.8681063652038574,7.846457481384277,22.387664794921875,18.886985778808594,55.50887680053711
OpenCV SGBM,n/a,dataset_9_keyframe_2,642.3142780549824,700805,0.5346717834472656,18.057003021240234,37.96289825439453,51.44883384108275,32.63675344782072,21.845306468989236,960795072.0,0.8511428833007812,2099618944.0,44.49782749837687,26.022930772468804,21.485434607344413,0.8511428833007812,2.1408462524414062,4588280320.0,4588280320.0,4588280320.0,0.20940204479134708,0.20940204479134708,0.20940204479134708,554055,0.4227104187011719,1.1494605541229248,2.4158647060394287,38.58930972556876,14.794560106848598,1.1448321917499167,0.9886186718940735,0.6044960021972656,6.643563270568848,29.797222297425346,6.428964633475016,0.6896427250002256,0.6044960021972656,1.11431884765625,1.707659125328064,2.157514810562134,3.916008710861206,9.652920722961426,19.98361587524414,30.642101287841797,65.52540588378906
OpenCV SGBM,n/a,dataset_9_keyframe_3,646.4324407279491,585911,0.44701461791992186,26.557947158813477,68.88612365722656,65.31282054783064,43.138463008887015,22.7793982362509,622096000.0,0.5091781616210938,1689482624.0,25.623516199559322,16.649627673827595,14.664001870591267,0.5091781616210938,1.0254182815551758,4588280320.0,4588280320.0,4588280320.0,0.1355837320002526,0.1355837320002526,0.1355837320002526,506471,0.38640670776367186,2.2980422973632812,4.219413757324219,59.87213483101698,34.21972827664368,10.667343243739523,0.6787685751914978,0.4334068298339844,1.6255395412445068,13.957561242400848,3.576117882366414,1.2790465791723513,0.4334068298339844,0.7475671768188477,1.1812515258789062,1.6676092147827148,6.9142303466796875,10.345746040344238,26.905305862426758,23.90411949157715,63.494361877441406
OpenCV SGBM,n/a,dataset_9_keyframe_4,642.5055330619216,589315,0.4496116638183594,30.92421531677246,71.30774688720703,81.10365424263763,58.94860982666316,20.053282200520943,818947840.0,0.43023681640625,1938443392.0,23.985644349795948,19.38606687425231,18.089816142470497,0.43023681640625,0.9319515228271484,4588280320.0,4588280320.0,4588280320.0,0.1784868873183272,0.1784868873183272,0.1784868873183272,484130,0.36936187744140625,2.1580066680908203,2.765852928161621,76.99812033957821,50.029537520913806,2.6835767252597442,0.5130228400230408,0.3576240539550781,5.3159637451171875,7.4703075620184665,1.8713981781752833,0.2935162043252845,0.3576240539550781,0.5528888702392578,0.872341513633728,1.1906824111938477,2.963613510131836,12.750365257263184,29.667064666748047,30.60210609436035,71.66680145263672
